{"type":"FeatureCollection","features":[{"type":"Feature","geometry":{"type":"Polygon","coordinates":[[[152.1433,-33.84],[152.1433,-33.66],[151.9875,-33.57],[151.8316,-33.66],[151.8316,-33.84],[151.9875,-33.93],[152.1433,-33.84]]]},"properties":{"state":"nsw","n":1,"kind":"geochem"}},{"type":"Feature","geometry":{"type":"Polygon","coordinates":[[[142.1667,-32.76],[142.1667,-32.58],[142.0108,-32.49],[141.855,-32.58],[141.855,-32.76],[142.0108,-32.85],[142.1667,-32.76]]]},"properties":{"state":"nsw","n":1,"kind":"geochem"}},{"type":"Feature","geometry":{"type":"Polygon","coordinates":[[[151.8316,-21.42],[151.8316,-21.24],[151.6757,-21.15],[151.5198,-21.24],[151.5198,-21.42],[151.6757,-21.51],[151.8316,-21.42]]]},"properties":{"state":"nsw","n":1,"kind":"geochem"}},{"type":"Feature","geometry":{"type":"Polygon","coordinates":[[[146.6874,-27.63],[146.6874,-27.45],[146.5315,-27.36],[146.3756,-27.45],[146.3756,-27.63],[146.5315,-27.72],[146.6874,-27.63]]]},"properties":{"state":"nsw","n":1,"kind":"geochem"}},{"type":"Feature","geometry":{"type":"Polygon","coordinates":[[[144.8168,-30.33],[144.8168,-30.15],[144.6609,-30.06],[144.505,-30.15],[144.505,-30.33],[144.6609,-30.42],[144.8168,-30.33]]]},"properties":{"state":"nsw","n":1,"kind":"geochem"}},{"type":"Feature","geometry":{"type":"Polygon","coordinates":[[[144.1932,-33.03],[144.1932,-32.85],[144.0373,-32.76],[143.8815,-32.85],[143.8815,-33.03],[144.0373,-33.12],[144.1932,-33.03]]]},"properties":{"state":"nsw","n":1,"kind":"geochem"}},{"type":"Feature","geometry":{"type":"Polygon","coordinates":[[[148.558,-21.15],[148.558,-20.97],[148.4021,-20.88],[148.2462,-20.97],[148.2462,-21.15],[148.4021,-21.24],[148.558,-21.15]]]},"properties":{"state":"nsw","n":1,"kind":"geochem"}},{"type":"Feature","geometry":{"type":"Polygon","coordinates":[[[144.505,-30.33],[144.505,-30.15],[144.3491,-30.06],[144.1932,-30.15],[144.1932,-30.33],[144.3491,-30.42],[144.505,-30.33]]]},"properties":{"state":"nsw","n":1,"kind":"geochem"}},{"type":"Feature","geometry":{"type":"Polygon","coordinates":[[[145.2844,-29.52],[145.2844,-29.34],[145.1285,-29.25],[144.9727,-29.34],[144.9727,-29.52],[145.1285,-29.61],[145.2844,-29.52]]]},"properties":{"state":"nsw","n":1,"kind":"geochem"}},{"type":"Feature","geometry":{"type":"Polygon","coordinates":[[[145.2844,-32.22],[145.2844,-32.04],[145.1285,-31.95],[144.9727,-32.04],[144.9727,-32.22],[145.1285,-32.31],[145.2844,-32.22]]]},"properties":{"state":"nsw","n":1,"kind":"geochem"}},{"type":"Feature","geometry":{"type":"Polygon","coordinates":[[[142.7903,-34.38],[142.7903,-34.2],[142.6344,-34.11],[142.4785,-34.2],[142.4785,-34.38],[142.6344,-34.47],[142.7903,-34.38]]]},"properties":{"state":"nsw","n":1,"kind":"geochem"}},{"type":"Feature","geometry":{"type":"Polygon","coordinates":[[[143.4138,-30.6],[143.4138,-30.42],[143.2579,-30.33],[143.102,-30.42],[143.102,-30.6],[143.2579,-30.69],[143.4138,-30.6]]]},"properties":{"state":"nsw","n":1,"kind":"geochem"}},{"type":"Feature","geometry":{"type":"Polygon","coordinates":[[[143.8815,-30.33],[143.8815,-30.15],[143.7256,-30.06],[143.5697,-30.15],[143.5697,-30.33],[143.7256,-30.42],[143.8815,-30.33]]]},"properties":{"state":"nsw","n":1,"kind":"geochem"}},{"type":"Feature","geometry":{"type":"Polygon","coordinates":[[[144.505,-29.25],[144.505,-29.07],[144.3491,-28.98],[144.1932,-29.07],[144.1932,-29.25],[144.3491,-29.34],[144.505,-29.25]]]},"properties":{"state":"nsw","n":1,"kind":"geochem"}},{"type":"Feature","geometry":{"type":"Polygon","coordinates":[[[146.3756,-29.25],[146.3756,-29.07],[146.2197,-28.98],[146.0638,-29.07],[146.0638,-29.25],[146.2197,-29.34],[146.3756,-29.25]]]},"properties":{"state":"nsw","n":1,"kind":"geochem"}},{"type":"Feature","geometry":{"type":"Polygon","coordinates":[[[145.908,-35.46],[145.908,-35.28],[145.7521,-35.19],[145.5962,-35.28],[145.5962,-35.46],[145.7521,-35.55],[145.908,-35.46]]]},"properties":{"state":"nsw","n":1,"kind":"geochem"}},{"type":"Feature","geometry":{"type":"Polygon","coordinates":[[[145.7521,-35.19],[145.7521,-35.01],[145.5962,-34.92],[145.4403,-35.01],[145.4403,-35.19],[145.5962,-35.28],[145.7521,-35.19]]]},"properties":{"state":"nsw","n":1,"kind":"geochem"}},{"type":"Feature","geometry":{"type":"Polygon","coordinates":[[[145.5962,-30.06],[145.5962,-29.88],[145.4403,-29.79],[145.2844,-29.88],[145.2844,-30.06],[145.4403,-30.15],[145.5962,-30.06]]]},"properties":{"state":"nsw","n":1,"kind":"geochem"}},{"type":"Feature","geometry":{"type":"Polygon","coordinates":[[[141.6991,-33.57],[141.6991,-33.39],[141.5432,-33.3],[141.3873,-33.39],[141.3873,-33.57],[141.5432,-33.66],[141.6991,-33.57]]]},"properties":{"state":"nsw","n":1,"kind":"geochem"}},{"type":"Feature","geometry":{"type":"Polygon","coordinates":[[[141.5432,-33.84],[141.5432,-33.66],[141.3873,-33.57],[141.2314,-33.66],[141.2314,-33.84],[141.3873,-33.93],[141.5432,-33.84]]]},"properties":{"state":"nsw","n":1,"kind":"geochem"}},{"type":"Feature","geometry":{"type":"Polygon","coordinates":[[[147.7786,-30.6],[147.7786,-30.42],[147.6227,-30.33],[147.4668,-30.42],[147.4668,-30.6],[147.6227,-30.69],[147.7786,-30.6]]]},"properties":{"state":"nsw","n":1,"kind":"geochem"}},{"type":"Feature","geometry":{"type":"Polygon","coordinates":[[[147.9345,-30.33],[147.9345,-30.15],[147.7786,-30.06],[147.6227,-30.15],[147.6227,-30.33],[147.7786,-30.42],[147.9345,-30.33]]]},"properties":{"state":"nsw","n":1,"kind":"geochem"}},{"type":"Feature","geometry":{"type":"Polygon","coordinates":[[[149.6492,-37.62],[149.6492,-37.44],[149.4933,-37.35],[149.3374,-37.44],[149.3374,-37.62],[149.4933,-37.71],[149.6492,-37.62]]]},"properties":{"state":"nsw","n":1,"kind":"geochem"}},{"type":"Feature","geometry":{"type":"Polygon","coordinates":[[[148.8698,-37.35],[148.8698,-37.17],[148.7139,-37.08],[148.558,-37.17],[148.558,-37.35],[148.7139,-37.44],[148.8698,-37.35]]]},"properties":{"state":"nsw","n":1,"kind":"geochem"}},{"type":"Feature","geometry":{"type":"Polygon","coordinates":[[[148.0903,-37.08],[148.0903,-36.9],[147.9345,-36.81],[147.7786,-36.9],[147.7786,-37.08],[147.9345,-37.17],[148.0903,-37.08]]]},"properties":{"state":"nsw","n":1,"kind":"geochem"}},{"type":"Feature","geometry":{"type":"Polygon","coordinates":[[[147.9345,-37.35],[147.9345,-37.17],[147.7786,-37.08],[147.6227,-37.17],[147.6227,-37.35],[147.7786,-37.44],[147.9345,-37.35]]]},"properties":{"state":"nsw","n":1,"kind":"geochem"}},{"type":"Feature","geometry":{"type":"Polygon","coordinates":[[[146.9992,-36.81],[146.9992,-36.63],[146.8433,-36.54],[146.6874,-36.63],[146.6874,-36.81],[146.8433,-36.9],[146.9992,-36.81]]]},"properties":{"state":"nsw","n":1,"kind":"geochem"}},{"type":"Feature","geometry":{"type":"Polygon","coordinates":[[[147.155,-36.54],[147.155,-36.36],[146.9992,-36.27],[146.8433,-36.36],[146.8433,-36.54],[146.9992,-36.63],[147.155,-36.54]]]},"properties":{"state":"nsw","n":1,"kind":"geochem"}},{"type":"Feature","geometry":{"type":"Polygon","coordinates":[[[150.5845,-33.84],[150.5845,-33.66],[150.4286,-33.57],[150.2727,-33.66],[150.2727,-33.84],[150.4286,-33.93],[150.5845,-33.84]]]},"properties":{"state":"nsw","n":1,"kind":"geochem"}},{"type":"Feature","geometry":{"type":"Polygon","coordinates":[[[146.8433,-37.08],[146.8433,-36.9],[146.6874,-36.81],[146.5315,-36.9],[146.5315,-37.08],[146.6874,-37.17],[146.8433,-37.08]]]},"properties":{"state":"nsw","n":1,"kind":"geochem"}},{"type":"Feature","geometry":{"type":"Polygon","coordinates":[[[147.4668,-36.54],[147.4668,-36.36],[147.3109,-36.27],[147.155,-36.36],[147.155,-36.54],[147.3109,-36.63],[147.4668,-36.54]]]},"properties":{"state":"nsw","n":1,"kind":"geochem"}},{"type":"Feature","geometry":{"type":"Polygon","coordinates":[[[147.4668,-37.08],[147.4668,-36.9],[147.3109,-36.81],[147.155,-36.9],[147.155,-37.08],[147.3109,-37.17],[147.4668,-37.08]]]},"properties":{"state":"nsw","n":1,"kind":"geochem"}},{"type":"Feature","geometry":{"type":"Polygon","coordinates":[[[147.9345,-36.81],[147.9345,-36.63],[147.7786,-36.54],[147.6227,-36.63],[147.6227,-36.81],[147.7786,-36.9],[147.9345,-36.81]]]},"properties":{"state":"nsw","n":1,"kind":"geochem"}},{"type":"Feature","geometry":{"type":"Polygon","coordinates":[[[142.4785,-32.76],[142.4785,-32.58],[142.3226,-32.49],[142.1667,-32.58],[142.1667,-32.76],[142.3226,-32.85],[142.4785,-32.76]]]},"properties":{"state":"nsw","n":1,"kind":"geochem"}},{"type":"Feature","geometry":{"type":"Polygon","coordinates":[[[148.8698,-30.33],[148.8698,-30.15],[148.7139,-30.06],[148.558,-30.15],[148.558,-30.33],[148.7139,-30.42],[148.8698,-30.33]]]},"properties":{"state":"nsw","n":1,"kind":"geochem"}},{"type":"Feature","geometry":{"type":"Polygon","coordinates":[[[149.4933,-30.33],[149.4933,-30.15],[149.3374,-30.06],[149.1815,-30.15],[149.1815,-30.33],[149.3374,-30.42],[149.4933,-30.33]]]},"properties":{"state":"nsw","n":1,"kind":"geochem"}},{"type":"Feature","geometry":{"type":"Polygon","coordinates":[[[145.2844,-32.76],[145.2844,-32.58],[145.1285,-32.49],[144.9727,-32.58],[144.9727,-32.76],[145.1285,-32.85],[145.2844,-32.76]]]},"properties":{"state":"nsw","n":1,"kind":"geochem"}},{"type":"Feature","geometry":{"type":"Polygon","coordinates":[[[150.1168,-31.95],[150.1168,-31.77],[149.961,-31.68],[149.8051,-31.77],[149.8051,-31.95],[149.961,-32.04],[150.1168,-31.95]]]},"properties":{"state":"nsw","n":1,"kind":"geochem"}},{"type":"Feature","geometry":{"type":"Polygon","coordinates":[[[150.4286,-31.41],[150.4286,-31.23],[150.2727,-31.14],[150.1168,-31.23],[150.1168,-31.41],[150.2727,-31.5],[150.4286,-31.41]]]},"properties":{"state":"nsw","n":1,"kind":"geochem"}},{"type":"Feature","geometry":{"type":"Polygon","coordinates":[[[150.5845,-31.68],[150.5845,-31.5],[150.4286,-31.41],[150.2727,-31.5],[150.2727,-31.68],[150.4286,-31.77],[150.5845,-31.68]]]},"properties":{"state":"nsw","n":1,"kind":"geochem"}},{"type":"Feature","geometry":{"type":"Polygon","coordinates":[[[149.0257,-37.62],[149.0257,-37.44],[148.8698,-37.35],[148.7139,-37.44],[148.7139,-37.62],[148.8698,-37.71],[149.0257,-37.62]]]},"properties":{"state":"nsw","n":1,"kind":"geochem"}},{"type":"Feature","geometry":{"type":"Polygon","coordinates":[[[142.3226,-29.79],[142.3226,-29.61],[142.1667,-29.52],[142.0108,-29.61],[142.0108,-29.79],[142.1667,-29.88],[142.3226,-29.79]]]},"properties":{"state":"nsw","n":1,"kind":"geochem"}},{"type":"Feature","geometry":{"type":"Polygon","coordinates":[[[150.8963,-33.3],[150.8963,-33.12],[150.7404,-33.03],[150.5845,-33.12],[150.5845,-33.3],[150.7404,-33.39],[150.8963,-33.3]]]},"properties":{"state":"nsw","n":1,"kind":"geochem"}},{"type":"Feature","geometry":{"type":"Polygon","coordinates":[[[150.7404,-33.57],[150.7404,-33.39],[150.5845,-33.3],[150.4286,-33.39],[150.4286,-33.57],[150.5845,-33.66],[150.7404,-33.57]]]},"properties":{"state":"nsw","n":1,"kind":"geochem"}},{"type":"Feature","geometry":{"type":"Polygon","coordinates":[[[151.208,-33.3],[151.208,-33.12],[151.0522,-33.03],[150.8963,-33.12],[150.8963,-33.3],[151.0522,-33.39],[151.208,-33.3]]]},"properties":{"state":"nsw","n":1,"kind":"geochem"}},{"type":"Feature","geometry":{"type":"Polygon","coordinates":[[[152.611,-32.49],[152.611,-32.31],[152.4551,-32.22],[152.2992,-32.31],[152.2992,-32.49],[152.4551,-32.58],[152.611,-32.49]]]},"properties":{"state":"nsw","n":1,"kind":"geochem"}},{"type":"Feature","geometry":{"type":"Polygon","coordinates":[[[149.961,-31.68],[149.961,-31.5],[149.8051,-31.41],[149.6492,-31.5],[149.6492,-31.68],[149.8051,-31.77],[149.961,-31.68]]]},"properties":{"state":"nsw","n":1,"kind":"geochem"}},{"type":"Feature","geometry":{"type":"Polygon","coordinates":[[[149.8051,-31.41],[149.8051,-31.23],[149.6492,-31.14],[149.4933,-31.23],[149.4933,-31.41],[149.6492,-31.5],[149.8051,-31.41]]]},"properties":{"state":"nsw","n":1,"kind":"geochem"}},{"type":"Feature","geometry":{"type":"Polygon","coordinates":[[[149.961,-31.14],[149.961,-30.96],[149.8051,-30.87],[149.6492,-30.96],[149.6492,-31.14],[149.8051,-31.23],[149.961,-31.14]]]},"properties":{"state":"nsw","n":1,"kind":"geochem"}},{"type":"Feature","geometry":{"type":"Polygon","coordinates":[[[149.6492,-31.14],[149.6492,-30.96],[149.4933,-30.87],[149.3374,-30.96],[149.3374,-31.14],[149.4933,-31.23],[149.6492,-31.14]]]},"properties":{"state":"nsw","n":1,"kind":"geochem"}},{"type":"Feature","geometry":{"type":"Polygon","coordinates":[[[153.5463,-30.33],[153.5463,-30.15],[153.3904,-30.06],[153.2345,-30.15],[153.2345,-30.33],[153.3904,-30.42],[153.5463,-30.33]]]},"properties":{"state":"nsw","n":1,"kind":"geochem"}},{"type":"Feature","geometry":{"type":"Polygon","coordinates":[[[151.6757,-28.71],[151.6757,-28.53],[151.5198,-28.44],[151.3639,-28.53],[151.3639,-28.71],[151.5198,-28.8],[151.6757,-28.71]]]},"properties":{"state":"nsw","n":1,"kind":"geochem"}},{"type":"Feature","geometry":{"type":"Polygon","coordinates":[[[153.2345,-28.17],[153.2345,-27.99],[153.0787,-27.9],[152.9228,-27.99],[152.9228,-28.17],[153.0787,-28.26],[153.2345,-28.17]]]},"properties":{"state":"nsw","n":1,"kind":"geochem"}},{"type":"Feature","geometry":{"type":"Polygon","coordinates":[[[152.4551,-27.9],[152.4551,-27.72],[152.2992,-27.63],[152.1433,-27.72],[152.1433,-27.9],[152.2992,-27.99],[152.4551,-27.9]]]},"properties":{"state":"nsw","n":1,"kind":"geochem"}},{"type":"Feature","geometry":{"type":"Polygon","coordinates":[[[146.2197,-28.98],[146.2197,-28.8],[146.0638,-28.71],[145.908,-28.8],[145.908,-28.98],[146.0638,-29.07],[146.2197,-28.98]]]},"properties":{"state":"nsw","n":1,"kind":"geochem"}},{"type":"Feature","geometry":{"type":"Polygon","coordinates":[[[143.5697,-29.25],[143.5697,-29.07],[143.4138,-28.98],[143.2579,-29.07],[143.2579,-29.25],[143.4138,-29.34],[143.5697,-29.25]]]},"properties":{"state":"nsw","n":1,"kind":"geochem"}},{"type":"Feature","geometry":{"type":"Polygon","coordinates":[[[150.1168,-37.89],[150.1168,-37.71],[149.961,-37.62],[149.8051,-37.71],[149.8051,-37.89],[149.961,-37.98],[150.1168,-37.89]]]},"properties":{"state":"nsw","n":1,"kind":"geochem"}},{"type":"Feature","geometry":{"type":"Polygon","coordinates":[[[149.1815,-37.89],[149.1815,-37.71],[149.0257,-37.62],[148.8698,-37.71],[148.8698,-37.89],[149.0257,-37.98],[149.1815,-37.89]]]},"properties":{"state":"nsw","n":1,"kind":"geochem"}},{"type":"Feature","geometry":{"type":"Polygon","coordinates":[[[145.908,-37.08],[145.908,-36.9],[145.7521,-36.81],[145.5962,-36.9],[145.5962,-37.08],[145.7521,-37.17],[145.908,-37.08]]]},"properties":{"state":"nsw","n":1,"kind":"geochem"}},{"type":"Feature","geometry":{"type":"Polygon","coordinates":[[[146.0638,-36.81],[146.0638,-36.63],[145.908,-36.54],[145.7521,-36.63],[145.7521,-36.81],[145.908,-36.9],[146.0638,-36.81]]]},"properties":{"state":"nsw","n":1,"kind":"geochem"}},{"type":"Feature","geometry":{"type":"Polygon","coordinates":[[[155.1051,-32.49],[155.1051,-32.31],[154.9493,-32.22],[154.7934,-32.31],[154.7934,-32.49],[154.9493,-32.58],[155.1051,-32.49]]]},"properties":{"state":"nsw","n":1,"kind":"geochem"}},{"type":"Feature","geometry":{"type":"Polygon","coordinates":[[[146.8433,-36.54],[146.8433,-36.36],[146.6874,-36.27],[146.5315,-36.36],[146.5315,-36.54],[146.6874,-36.63],[146.8433,-36.54]]]},"properties":{"state":"nsw","n":1,"kind":"geochem"}},{"type":"Feature","geometry":{"type":"Polygon","coordinates":[[[151.0522,-35.19],[151.0522,-35.01],[150.8963,-34.92],[150.7404,-35.01],[150.7404,-35.19],[150.8963,-35.28],[151.0522,-35.19]]]},"properties":{"state":"nsw","n":1,"kind":"geochem"}},{"type":"Feature","geometry":{"type":"Polygon","coordinates":[[[143.8815,-31.41],[143.8815,-31.23],[143.7256,-31.14],[143.5697,-31.23],[143.5697,-31.41],[143.7256,-31.5],[143.8815,-31.41]]]},"properties":{"state":"nsw","n":1,"kind":"geochem"}},{"type":"Feature","geometry":{"type":"Polygon","coordinates":[[[144.3491,-32.22],[144.3491,-32.04],[144.1932,-31.95],[144.0373,-32.04],[144.0373,-32.22],[144.1932,-32.31],[144.3491,-32.22]]]},"properties":{"state":"nsw","n":1,"kind":"geochem"}},{"type":"Feature","geometry":{"type":"Polygon","coordinates":[[[144.505,-33.57],[144.505,-33.39],[144.3491,-33.3],[144.1932,-33.39],[144.1932,-33.57],[144.3491,-33.66],[144.505,-33.57]]]},"properties":{"state":"nsw","n":1,"kind":"geochem"}},{"type":"Feature","geometry":{"type":"Polygon","coordinates":[[[144.9727,-32.76],[144.9727,-32.58],[144.8168,-32.49],[144.6609,-32.58],[144.6609,-32.76],[144.8168,-32.85],[144.9727,-32.76]]]},"properties":{"state":"nsw","n":1,"kind":"geochem"}},{"type":"Feature","geometry":{"type":"Polygon","coordinates":[[[141.0755,-30.33],[141.0755,-30.15],[140.9197,-30.06],[140.7638,-30.15],[140.7638,-30.33],[140.9197,-30.42],[141.0755,-30.33]]]},"properties":{"state":"nsw","n":1,"kind":"geochem"}},{"type":"Feature","geometry":{"type":"Polygon","coordinates":[[[143.8815,-35.19],[143.8815,-35.01],[143.7256,-34.92],[143.5697,-35.01],[143.5697,-35.19],[143.7256,-35.28],[143.8815,-35.19]]]},"properties":{"state":"nsw","n":1,"kind":"geochem"}},{"type":"Feature","geometry":{"type":"Polygon","coordinates":[[[144.6609,-33.3],[144.6609,-33.12],[144.505,-33.03],[144.3491,-33.12],[144.3491,-33.3],[144.505,-33.39],[144.6609,-33.3]]]},"properties":{"state":"nsw","n":1,"kind":"geochem"}},{"type":"Feature","geometry":{"type":"Polygon","coordinates":[[[142.7903,-29.52],[142.7903,-29.34],[142.6344,-29.25],[142.4785,-29.34],[142.4785,-29.52],[142.6344,-29.61],[142.7903,-29.52]]]},"properties":{"state":"nsw","n":1,"kind":"geochem"}},{"type":"Feature","geometry":{"type":"Polygon","coordinates":[[[144.6609,-34.38],[144.6609,-34.2],[144.505,-34.11],[144.3491,-34.2],[144.3491,-34.38],[144.505,-34.47],[144.6609,-34.38]]]},"properties":{"state":"nsw","n":1,"kind":"geochem"}},{"type":"Feature","geometry":{"type":"Polygon","coordinates":[[[144.0373,-34.92],[144.0373,-34.74],[143.8815,-34.65],[143.7256,-34.74],[143.7256,-34.92],[143.8815,-35.01],[144.0373,-34.92]]]},"properties":{"state":"nsw","n":1,"kind":"geochem"}},{"type":"Feature","geometry":{"type":"Polygon","coordinates":[[[142.7903,-30.06],[142.7903,-29.88],[142.6344,-29.79],[142.4785,-29.88],[142.4785,-30.06],[142.6344,-30.15],[142.7903,-30.06]]]},"properties":{"state":"nsw","n":1,"kind":"geochem"}},{"type":"Feature","geometry":{"type":"Polygon","coordinates":[[[143.2579,-29.25],[143.2579,-29.07],[143.102,-28.98],[142.9462,-29.07],[142.9462,-29.25],[143.102,-29.34],[143.2579,-29.25]]]},"properties":{"state":"nsw","n":1,"kind":"geochem"}},{"type":"Feature","geometry":{"type":"Polygon","coordinates":[[[143.7256,-33.3],[143.7256,-33.12],[143.5697,-33.03],[143.4138,-33.12],[143.4138,-33.3],[143.5697,-33.39],[143.7256,-33.3]]]},"properties":{"state":"nsw","n":1,"kind":"geochem"}},{"type":"Feature","geometry":{"type":"Polygon","coordinates":[[[144.8168,-31.41],[144.8168,-31.23],[144.6609,-31.14],[144.505,-31.23],[144.505,-31.41],[144.6609,-31.5],[144.8168,-31.41]]]},"properties":{"state":"nsw","n":1,"kind":"geochem"}},{"type":"Feature","geometry":{"type":"Polygon","coordinates":[[[144.3491,-34.38],[144.3491,-34.2],[144.1932,-34.11],[144.0373,-34.2],[144.0373,-34.38],[144.1932,-34.47],[144.3491,-34.38]]]},"properties":{"state":"nsw","n":1,"kind":"geochem"}},{"type":"Feature","geometry":{"type":"Polygon","coordinates":[[[141.6991,-33.03],[141.6991,-32.85],[141.5432,-32.76],[141.3873,-32.85],[141.3873,-33.03],[141.5432,-33.12],[141.6991,-33.03]]]},"properties":{"state":"nsw","n":1,"kind":"geochem"}},{"type":"Feature","geometry":{"type":"Polygon","coordinates":[[[141.855,-32.76],[141.855,-32.58],[141.6991,-32.49],[141.5432,-32.58],[141.5432,-32.76],[141.6991,-32.85],[141.855,-32.76]]]},"properties":{"state":"nsw","n":1,"kind":"geochem"}},{"type":"Feature","geometry":{"type":"Polygon","coordinates":[[[145.1285,-34.11],[145.1285,-33.93],[144.9727,-33.84],[144.8168,-33.93],[144.8168,-34.11],[144.9727,-34.2],[145.1285,-34.11]]]},"properties":{"state":"nsw","n":1,"kind":"geochem"}},{"type":"Feature","geometry":{"type":"Polygon","coordinates":[[[141.0755,-34.11],[141.0755,-33.93],[140.9197,-33.84],[140.7638,-33.93],[140.7638,-34.11],[140.9197,-34.2],[141.0755,-34.11]]]},"properties":{"state":"nsw","n":1,"kind":"geochem"}},{"type":"Feature","geometry":{"type":"Polygon","coordinates":[[[143.4138,-29.52],[143.4138,-29.34],[143.2579,-29.25],[143.102,-29.34],[143.102,-29.52],[143.2579,-29.61],[143.4138,-29.52]]]},"properties":{"state":"nsw","n":1,"kind":"geochem"}},{"type":"Feature","geometry":{"type":"Polygon","coordinates":[[[144.1932,-35.19],[144.1932,-35.01],[144.0373,-34.92],[143.8815,-35.01],[143.8815,-35.19],[144.0373,-35.28],[144.1932,-35.19]]]},"properties":{"state":"nsw","n":1,"kind":"geochem"}},{"type":"Feature","geometry":{"type":"Polygon","coordinates":[[[143.7256,-34.38],[143.7256,-34.2],[143.5697,-34.11],[143.4138,-34.2],[143.4138,-34.38],[143.5697,-34.47],[143.7256,-34.38]]]},"properties":{"state":"nsw","n":1,"kind":"geochem"}},{"type":"Feature","geometry":{"type":"Polygon","coordinates":[[[143.7256,-32.22],[143.7256,-32.04],[143.5697,-31.95],[143.4138,-32.04],[143.4138,-32.22],[143.5697,-32.31],[143.7256,-32.22]]]},"properties":{"state":"nsw","n":1,"kind":"geochem"}},{"type":"Feature","geometry":{"type":"Polygon","coordinates":[[[143.8815,-33.03],[143.8815,-32.85],[143.7256,-32.76],[143.5697,-32.85],[143.5697,-33.03],[143.7256,-33.12],[143.8815,-33.03]]]},"properties":{"state":"nsw","n":1,"kind":"geochem"}},{"type":"Feature","geometry":{"type":"Polygon","coordinates":[[[145.908,-33.84],[145.908,-33.66],[145.7521,-33.57],[145.5962,-33.66],[145.5962,-33.84],[145.7521,-33.93],[145.908,-33.84]]]},"properties":{"state":"nsw","n":1,"kind":"geochem"}},{"type":"Feature","geometry":{"type":"Polygon","coordinates":[[[144.8168,-37.89],[144.8168,-37.71],[144.6609,-37.62],[144.505,-37.71],[144.505,-37.89],[144.6609,-37.98],[144.8168,-37.89]]]},"properties":{"state":"vic","n":1,"kind":"geochem"}},{"type":"Feature","geometry":{"type":"Polygon","coordinates":[[[131.0989,-22.77],[131.0989,-22.59],[130.943,-22.5],[130.7872,-22.59],[130.7872,-22.77],[130.943,-22.86],[131.0989,-22.77]]]},"properties":{"state":"nt","n":1,"kind":"geochem"}},{"type":"Feature","geometry":{"type":"Polygon","coordinates":[[[136.7108,-15.75],[136.7108,-15.57],[136.5549,-15.48],[136.399,-15.57],[136.399,-15.75],[136.5549,-15.84],[136.7108,-15.75]]]},"properties":{"state":"nt","n":1,"kind":"geochem"}},{"type":"Feature","geometry":{"type":"Polygon","coordinates":[[[136.7108,-18.45],[136.7108,-18.27],[136.5549,-18.18],[136.399,-18.27],[136.399,-18.45],[136.5549,-18.54],[136.7108,-18.45]]]},"properties":{"state":"nt","n":1,"kind":"geochem"}},{"type":"Feature","geometry":{"type":"Polygon","coordinates":[[[133.1254,-25.74],[133.1254,-25.56],[132.9695,-25.47],[132.8137,-25.56],[132.8137,-25.74],[132.9695,-25.83],[133.1254,-25.74]]]},"properties":{"state":"nt","n":1,"kind":"geochem"}},{"type":"Feature","geometry":{"type":"Polygon","coordinates":[[[137.802,-22.5],[137.802,-22.32],[137.6461,-22.23],[137.4902,-22.32],[137.4902,-22.5],[137.6461,-22.59],[137.802,-22.5]]]},"properties":{"state":"nt","n":1,"kind":"geochem"}},{"type":"Feature","geometry":{"type":"Polygon","coordinates":[[[135.3078,-21.42],[135.3078,-21.24],[135.1519,-21.15],[134.996,-21.24],[134.996,-21.42],[135.1519,-21.51],[135.3078,-21.42]]]},"properties":{"state":"nt","n":1,"kind":"geochem"}},{"type":"Feature","geometry":{"type":"Polygon","coordinates":[[[134.6843,-16.56],[134.6843,-16.38],[134.5284,-16.29],[134.3725,-16.38],[134.3725,-16.56],[134.5284,-16.65],[134.6843,-16.56]]]},"properties":{"state":"nt","n":1,"kind":"geochem"}},{"type":"Feature","geometry":{"type":"Polygon","coordinates":[[[135.9313,-21.42],[135.9313,-21.24],[135.7755,-21.15],[135.6196,-21.24],[135.6196,-21.42],[135.7755,-21.51],[135.9313,-21.42]]]},"properties":{"state":"nt","n":1,"kind":"geochem"}},{"type":"Feature","geometry":{"type":"Polygon","coordinates":[[[137.9578,-21.15],[137.9578,-20.97],[137.802,-20.88],[137.6461,-20.97],[137.6461,-21.15],[137.802,-21.24],[137.9578,-21.15]]]},"properties":{"state":"nt","n":1,"kind":"geochem"}},{"type":"Feature","geometry":{"type":"Polygon","coordinates":[[[135.7755,-21.15],[135.7755,-20.97],[135.6196,-20.88],[135.4637,-20.97],[135.4637,-21.15],[135.6196,-21.24],[135.7755,-21.15]]]},"properties":{"state":"nt","n":1,"kind":"geochem"}},{"type":"Feature","geometry":{"type":"Polygon","coordinates":[[[135.1519,-14.67],[135.1519,-14.49],[134.996,-14.4],[134.8402,-14.49],[134.8402,-14.67],[134.996,-14.76],[135.1519,-14.67]]]},"properties":{"state":"nt","n":1,"kind":"geochem"}},{"type":"Feature","geometry":{"type":"Polygon","coordinates":[[[131.7225,-23.85],[131.7225,-23.67],[131.5666,-23.58],[131.4107,-23.67],[131.4107,-23.85],[131.5666,-23.94],[131.7225,-23.85]]]},"properties":{"state":"nt","n":1,"kind":"geochem"}},{"type":"Feature","geometry":{"type":"Polygon","coordinates":[[[138.2696,-22.77],[138.2696,-22.59],[138.1137,-22.5],[137.9578,-22.59],[137.9578,-22.77],[138.1137,-22.86],[138.2696,-22.77]]]},"properties":{"state":"nt","n":1,"kind":"geochem"}},{"type":"Feature","geometry":{"type":"Polygon","coordinates":[[[135.3078,-14.94],[135.3078,-14.76],[135.1519,-14.67],[134.996,-14.76],[134.996,-14.94],[135.1519,-15.03],[135.3078,-14.94]]]},"properties":{"state":"nt","n":1,"kind":"geochem"}},{"type":"Feature","geometry":{"type":"Polygon","coordinates":[[[130.0077,-16.02],[130.0077,-15.84],[129.8518,-15.75],[129.696,-15.84],[129.696,-16.02],[129.8518,-16.11],[130.0077,-16.02]]]},"properties":{"state":"nt","n":1,"kind":"geochem"}},{"type":"Feature","geometry":{"type":"Polygon","coordinates":[[[130.0077,-14.4],[130.0077,-14.22],[129.8518,-14.13],[129.696,-14.22],[129.696,-14.4],[129.8518,-14.49],[130.0077,-14.4]]]},"properties":{"state":"nt","n":1,"kind":"geochem"}},{"type":"Feature","geometry":{"type":"Polygon","coordinates":[[[131.8783,-17.1],[131.8783,-16.92],[131.7225,-16.83],[131.5666,-16.92],[131.5666,-17.1],[131.7225,-17.19],[131.8783,-17.1]]]},"properties":{"state":"nt","n":1,"kind":"geochem"}},{"type":"Feature","geometry":{"type":"Polygon","coordinates":[[[135.4637,-22.23],[135.4637,-22.05],[135.3078,-21.96],[135.1519,-22.05],[135.1519,-22.23],[135.3078,-22.32],[135.4637,-22.23]]]},"properties":{"state":"nt","n":1,"kind":"geochem"}},{"type":"Feature","geometry":{"type":"Polygon","coordinates":[[[129.3842,-16.02],[129.3842,-15.84],[129.2283,-15.75],[129.0724,-15.84],[129.0724,-16.02],[129.2283,-16.11],[129.3842,-16.02]]]},"properties":{"state":"nt","n":1,"kind":"geochem"}},{"type":"Feature","geometry":{"type":"Polygon","coordinates":[[[135.7755,-24.39],[135.7755,-24.21],[135.6196,-24.12],[135.4637,-24.21],[135.4637,-24.39],[135.6196,-24.48],[135.7755,-24.39]]]},"properties":{"state":"nt","n":1,"kind":"geochem"}},{"type":"Feature","geometry":{"type":"Polygon","coordinates":[[[129.2283,-16.29],[129.2283,-16.11],[129.0724,-16.02],[128.9165,-16.11],[128.9165,-16.29],[129.0724,-16.38],[129.2283,-16.29]]]},"properties":{"state":"nt","n":1,"kind":"geochem"}},{"type":"Feature","geometry":{"type":"Polygon","coordinates":[[[129.2283,-15.75],[129.2283,-15.57],[129.0724,-15.48],[128.9165,-15.57],[128.9165,-15.75],[129.0724,-15.84],[129.2283,-15.75]]]},"properties":{"state":"nt","n":1,"kind":"geochem"}},{"type":"Feature","geometry":{"type":"Polygon","coordinates":[[[132.1901,-22.5],[132.1901,-22.32],[132.0342,-22.23],[131.8783,-22.32],[131.8783,-22.5],[132.0342,-22.59],[132.1901,-22.5]]]},"properties":{"state":"nt","n":1,"kind":"geochem"}},{"type":"Feature","geometry":{"type":"Polygon","coordinates":[[[130.4754,-24.93],[130.4754,-24.75],[130.3195,-24.66],[130.1636,-24.75],[130.1636,-24.93],[130.3195,-25.02],[130.4754,-24.93]]]},"properties":{"state":"nt","n":1,"kind":"geochem"}},{"type":"Feature","geometry":{"type":"Polygon","coordinates":[[[130.7872,-15.21],[130.7872,-15.03],[130.6313,-14.94],[130.4754,-15.03],[130.4754,-15.21],[130.6313,-15.3],[130.7872,-15.21]]]},"properties":{"state":"nt","n":1,"kind":"geochem"}},{"type":"Feature","geometry":{"type":"Polygon","coordinates":[[[132.8137,-17.1],[132.8137,-16.92],[132.6578,-16.83],[132.5019,-16.92],[132.5019,-17.1],[132.6578,-17.19],[132.8137,-17.1]]]},"properties":{"state":"nt","n":1,"kind":"geochem"}},{"type":"Feature","geometry":{"type":"Polygon","coordinates":[[[131.4107,-24.93],[131.4107,-24.75],[131.2548,-24.66],[131.0989,-24.75],[131.0989,-24.93],[131.2548,-25.02],[131.4107,-24.93]]]},"properties":{"state":"nt","n":1,"kind":"geochem"}},{"type":"Feature","geometry":{"type":"Polygon","coordinates":[[[130.7872,-23.85],[130.7872,-23.67],[130.6313,-23.58],[130.4754,-23.67],[130.4754,-23.85],[130.6313,-23.94],[130.7872,-23.85]]]},"properties":{"state":"nt","n":1,"kind":"geochem"}},{"type":"Feature","geometry":{"type":"Polygon","coordinates":[[[129.0724,-25.2],[129.0724,-25.02],[128.9165,-24.93],[128.7607,-25.02],[128.7607,-25.2],[128.9165,-25.29],[129.0724,-25.2]]]},"properties":{"state":"nt","n":1,"kind":"geochem"}},{"type":"Feature","geometry":{"type":"Polygon","coordinates":[[[133.9048,-11.97],[133.9048,-11.79],[133.749,-11.7],[133.5931,-11.79],[133.5931,-11.97],[133.749,-12.06],[133.9048,-11.97]]]},"properties":{"state":"nt","n":1,"kind":"geochem"}},{"type":"Feature","geometry":{"type":"Polygon","coordinates":[[[134.8402,-22.23],[134.8402,-22.05],[134.6843,-21.96],[134.5284,-22.05],[134.5284,-22.23],[134.6843,-22.32],[134.8402,-22.23]]]},"properties":{"state":"nt","n":1,"kind":"geochem"}},{"type":"Feature","geometry":{"type":"Polygon","coordinates":[[[129.5401,-24.39],[129.5401,-24.21],[129.3842,-24.12],[129.2283,-24.21],[129.2283,-24.39],[129.3842,-24.48],[129.5401,-24.39]]]},"properties":{"state":"nt","n":1,"kind":"geochem"}},{"type":"Feature","geometry":{"type":"Polygon","coordinates":[[[131.5666,-24.66],[131.5666,-24.48],[131.4107,-24.39],[131.2548,-24.48],[131.2548,-24.66],[131.4107,-24.75],[131.5666,-24.66]]]},"properties":{"state":"nt","n":1,"kind":"geochem"}},{"type":"Feature","geometry":{"type":"Polygon","coordinates":[[[130.7872,-24.39],[130.7872,-24.21],[130.6313,-24.12],[130.4754,-24.21],[130.4754,-24.39],[130.6313,-24.48],[130.7872,-24.39]]]},"properties":{"state":"nt","n":1,"kind":"geochem"}},{"type":"Feature","geometry":{"type":"Polygon","coordinates":[[[132.5019,-12.78],[132.5019,-12.6],[132.346,-12.51],[132.1901,-12.6],[132.1901,-12.78],[132.346,-12.87],[132.5019,-12.78]]]},"properties":{"state":"nt","n":1,"kind":"geochem"}},{"type":"Feature","geometry":{"type":"Polygon","coordinates":[[[133.2813,-14.67],[133.2813,-14.49],[133.1254,-14.4],[132.9695,-14.49],[132.9695,-14.67],[133.1254,-14.76],[133.2813,-14.67]]]},"properties":{"state":"nt","n":1,"kind":"geochem"}},{"type":"Feature","geometry":{"type":"Polygon","coordinates":[[[133.2813,-16.29],[133.2813,-16.11],[133.1254,-16.02],[132.9695,-16.11],[132.9695,-16.29],[133.1254,-16.38],[133.2813,-16.29]]]},"properties":{"state":"nt","n":1,"kind":"geochem"}},{"type":"Feature","geometry":{"type":"Polygon","coordinates":[[[135.3078,-17.1],[135.3078,-16.92],[135.1519,-16.83],[134.996,-16.92],[134.996,-17.1],[135.1519,-17.19],[135.3078,-17.1]]]},"properties":{"state":"nt","n":1,"kind":"geochem"}},{"type":"Feature","geometry":{"type":"Polygon","coordinates":[[[130.3195,-13.32],[130.3195,-13.14],[130.1636,-13.05],[130.0077,-13.14],[130.0077,-13.32],[130.1636,-13.41],[130.3195,-13.32]]]},"properties":{"state":"nt","n":1,"kind":"geochem"}},{"type":"Feature","geometry":{"type":"Polygon","coordinates":[[[133.1254,-14.94],[133.1254,-14.76],[132.9695,-14.67],[132.8137,-14.76],[132.8137,-14.94],[132.9695,-15.03],[133.1254,-14.94]]]},"properties":{"state":"nt","n":1,"kind":"geochem"}},{"type":"Feature","geometry":{"type":"Polygon","coordinates":[[[137.6461,-26.01],[137.6461,-25.83],[137.4902,-25.74],[137.3343,-25.83],[137.3343,-26.01],[137.4902,-26.1],[137.6461,-26.01]]]},"properties":{"state":"nt","n":1,"kind":"geochem"}},{"type":"Feature","geometry":{"type":"Polygon","coordinates":[[[135.4637,-17.37],[135.4637,-17.19],[135.3078,-17.1],[135.1519,-17.19],[135.1519,-17.37],[135.3078,-17.46],[135.4637,-17.37]]]},"properties":{"state":"nt","n":1,"kind":"geochem"}},{"type":"Feature","geometry":{"type":"Polygon","coordinates":[[[132.8137,-15.48],[132.8137,-15.3],[132.6578,-15.21],[132.5019,-15.3],[132.5019,-15.48],[132.6578,-15.57],[132.8137,-15.48]]]},"properties":{"state":"nt","n":1,"kind":"geochem"}},{"type":"Feature","geometry":{"type":"Polygon","coordinates":[[[132.6578,-13.59],[132.6578,-13.41],[132.5019,-13.32],[132.346,-13.41],[132.346,-13.59],[132.5019,-13.68],[132.6578,-13.59]]]},"properties":{"state":"nt","n":1,"kind":"geochem"}},{"type":"Feature","geometry":{"type":"Polygon","coordinates":[[[133.1254,-16.02],[133.1254,-15.84],[132.9695,-15.75],[132.8137,-15.84],[132.8137,-16.02],[132.9695,-16.11],[133.1254,-16.02]]]},"properties":{"state":"nt","n":1,"kind":"geochem"}},{"type":"Feature","geometry":{"type":"Polygon","coordinates":[[[136.7108,-25.47],[136.7108,-25.29],[136.5549,-25.2],[136.399,-25.29],[136.399,-25.47],[136.5549,-25.56],[136.7108,-25.47]]]},"properties":{"state":"nt","n":1,"kind":"geochem"}},{"type":"Feature","geometry":{"type":"Polygon","coordinates":[[[133.9048,-16.83],[133.9048,-16.65],[133.749,-16.56],[133.5931,-16.65],[133.5931,-16.83],[133.749,-16.92],[133.9048,-16.83]]]},"properties":{"state":"nt","n":1,"kind":"geochem"}},{"type":"Feature","geometry":{"type":"Polygon","coordinates":[[[135.7755,-20.07],[135.7755,-19.89],[135.6196,-19.8],[135.4637,-19.89],[135.4637,-20.07],[135.6196,-20.16],[135.7755,-20.07]]]},"properties":{"state":"nt","n":1,"kind":"geochem"}},{"type":"Feature","geometry":{"type":"Polygon","coordinates":[[[131.5666,-12.24],[131.5666,-12.06],[131.4107,-11.97],[131.2548,-12.06],[131.2548,-12.24],[131.4107,-12.33],[131.5666,-12.24]]]},"properties":{"state":"nt","n":1,"kind":"geochem"}},{"type":"Feature","geometry":{"type":"Polygon","coordinates":[[[132.0342,-23.85],[132.0342,-23.67],[131.8783,-23.58],[131.7225,-23.67],[131.7225,-23.85],[131.8783,-23.94],[132.0342,-23.85]]]},"properties":{"state":"nt","n":1,"kind":"geochem"}},{"type":"Feature","geometry":{"type":"Polygon","coordinates":[[[133.9048,-17.37],[133.9048,-17.19],[133.749,-17.1],[133.5931,-17.19],[133.5931,-17.37],[133.749,-17.46],[133.9048,-17.37]]]},"properties":{"state":"nt","n":1,"kind":"geochem"}},{"type":"Feature","geometry":{"type":"Polygon","coordinates":[[[135.9313,-21.96],[135.9313,-21.78],[135.7755,-21.69],[135.6196,-21.78],[135.6196,-21.96],[135.7755,-22.05],[135.9313,-21.96]]]},"properties":{"state":"nt","n":1,"kind":"geochem"}},{"type":"Feature","geometry":{"type":"Polygon","coordinates":[[[132.8137,-12.24],[132.8137,-12.06],[132.6578,-11.97],[132.5019,-12.06],[132.5019,-12.24],[132.6578,-12.33],[132.8137,-12.24]]]},"properties":{"state":"nt","n":1,"kind":"geochem"}},{"type":"Feature","geometry":{"type":"Polygon","coordinates":[[[135.1519,-17.91],[135.1519,-17.73],[134.996,-17.64],[134.8402,-17.73],[134.8402,-17.91],[134.996,-18.0],[135.1519,-17.91]]]},"properties":{"state":"nt","n":1,"kind":"geochem"}},{"type":"Feature","geometry":{"type":"Polygon","coordinates":[[[138.2696,-16.83],[138.2696,-16.65],[138.1137,-16.56],[137.9578,-16.65],[137.9578,-16.83],[138.1137,-16.92],[138.2696,-16.83]]]},"properties":{"state":"nt","n":1,"kind":"geochem"}},{"type":"Feature","geometry":{"type":"Polygon","coordinates":[[[132.6578,-16.29],[132.6578,-16.11],[132.5019,-16.02],[132.346,-16.11],[132.346,-16.29],[132.5019,-16.38],[132.6578,-16.29]]]},"properties":{"state":"nt","n":1,"kind":"geochem"}},{"type":"Feature","geometry":{"type":"Polygon","coordinates":[[[136.0872,-20.07],[136.0872,-19.89],[135.9313,-19.8],[135.7755,-19.89],[135.7755,-20.07],[135.9313,-20.16],[136.0872,-20.07]]]},"properties":{"state":"nt","n":1,"kind":"geochem"}},{"type":"Feature","geometry":{"type":"Polygon","coordinates":[[[137.4902,-19.8],[137.4902,-19.62],[137.3343,-19.53],[137.1784,-19.62],[137.1784,-19.8],[137.3343,-19.89],[137.4902,-19.8]]]},"properties":{"state":"nt","n":1,"kind":"geochem"}},{"type":"Feature","geometry":{"type":"Polygon","coordinates":[[[129.8518,-16.83],[129.8518,-16.65],[129.696,-16.56],[129.5401,-16.65],[129.5401,-16.83],[129.696,-16.92],[129.8518,-16.83]]]},"properties":{"state":"nt","n":1,"kind":"geochem"}},{"type":"Feature","geometry":{"type":"Polygon","coordinates":[[[140.452,-36.27],[140.452,-36.09],[140.2961,-36.0],[140.1402,-36.09],[140.1402,-36.27],[140.2961,-36.36],[140.452,-36.27]]]},"properties":{"state":"sa","n":1,"kind":"geochem"}},{"type":"Feature","geometry":{"type":"Polygon","coordinates":[[[132.346,-29.79],[132.346,-29.61],[132.1901,-29.52],[132.0342,-29.61],[132.0342,-29.79],[132.1901,-29.88],[132.346,-29.79]]]},"properties":{"state":"sa","n":1,"kind":"geochem"}},{"type":"Feature","geometry":{"type":"Polygon","coordinates":[[[132.5019,-29.52],[132.5019,-29.34],[132.346,-29.25],[132.1901,-29.34],[132.1901,-29.52],[132.346,-29.61],[132.5019,-29.52]]]},"properties":{"state":"sa","n":1,"kind":"geochem"}},{"type":"Feature","geometry":{"type":"Polygon","coordinates":[[[132.9695,-29.25],[132.9695,-29.07],[132.8137,-28.98],[132.6578,-29.07],[132.6578,-29.25],[132.8137,-29.34],[132.9695,-29.25]]]},"properties":{"state":"sa","n":1,"kind":"geochem"}},{"type":"Feature","geometry":{"type":"Polygon","coordinates":[[[132.6578,-29.25],[132.6578,-29.07],[132.5019,-28.98],[132.346,-29.07],[132.346,-29.25],[132.5019,-29.34],[132.6578,-29.25]]]},"properties":{"state":"sa","n":1,"kind":"geochem"}},{"type":"Feature","geometry":{"type":"Polygon","coordinates":[[[133.1254,-28.98],[133.1254,-28.8],[132.9695,-28.71],[132.8137,-28.8],[132.8137,-28.98],[132.9695,-29.07],[133.1254,-28.98]]]},"properties":{"state":"sa","n":1,"kind":"geochem"}},{"type":"Feature","geometry":{"type":"Polygon","coordinates":[[[133.9048,-28.17],[133.9048,-27.99],[133.749,-27.9],[133.5931,-27.99],[133.5931,-28.17],[133.749,-28.26],[133.9048,-28.17]]]},"properties":{"state":"sa","n":1,"kind":"geochem"}},{"type":"Feature","geometry":{"type":"Polygon","coordinates":[[[137.9578,-29.79],[137.9578,-29.61],[137.802,-29.52],[137.6461,-29.61],[137.6461,-29.79],[137.802,-29.88],[137.9578,-29.79]]]},"properties":{"state":"sa","n":1,"kind":"geochem"}},{"type":"Feature","geometry":{"type":"Polygon","coordinates":[[[140.7638,-30.33],[140.7638,-30.15],[140.6079,-30.06],[140.452,-30.15],[140.452,-30.33],[140.6079,-30.42],[140.7638,-30.33]]]},"properties":{"state":"sa","n":1,"kind":"geochem"}},{"type":"Feature","geometry":{"type":"Polygon","coordinates":[[[138.5814,-29.79],[138.5814,-29.61],[138.4255,-29.52],[138.2696,-29.61],[138.2696,-29.79],[138.4255,-29.88],[138.5814,-29.79]]]},"properties":{"state":"sa","n":1,"kind":"geochem"}},{"type":"Feature","geometry":{"type":"Polygon","coordinates":[[[138.7373,-30.06],[138.7373,-29.88],[138.5814,-29.79],[138.4255,-29.88],[138.4255,-30.06],[138.5814,-30.15],[138.7373,-30.06]]]},"properties":{"state":"sa","n":1,"kind":"geochem"}},{"type":"Feature","geometry":{"type":"Polygon","coordinates":[[[146.3756,-40.59],[146.3756,-40.41],[146.2197,-40.32],[146.0638,-40.41],[146.0638,-40.59],[146.2197,-40.68],[146.3756,-40.59]]]},"properties":{"state":"tas","n":1,"kind":"geochem"}},{"type":"Feature","geometry":{"type":"Polygon","coordinates":[[[147.9345,-40.59],[147.9345,-40.41],[147.7786,-40.32],[147.6227,-40.41],[147.6227,-40.59],[147.7786,-40.68],[147.9345,-40.59]]]},"properties":{"state":"tas","n":1,"kind":"geochem"}},{"type":"Feature","geometry":{"type":"Polygon","coordinates":[[[144.3491,-41.94],[144.3491,-41.76],[144.1932,-41.67],[144.0373,-41.76],[144.0373,-41.94],[144.1932,-42.03],[144.3491,-41.94]]]},"properties":{"state":"tas","n":1,"kind":"geochem"}},{"type":"Feature","geometry":{"type":"Polygon","coordinates":[[[148.2462,-43.29],[148.2462,-43.11],[148.0903,-43.02],[147.9345,-43.11],[147.9345,-43.29],[148.0903,-43.38],[148.2462,-43.29]]]},"properties":{"state":"tas","n":1,"kind":"geochem"}},{"type":"Feature","geometry":{"type":"Polygon","coordinates":[[[148.7139,-40.32],[148.7139,-40.14],[148.558,-40.05],[148.4021,-40.14],[148.4021,-40.32],[148.558,-40.41],[148.7139,-40.32]]]},"properties":{"state":"tas","n":1,"kind":"geochem"}},{"type":"Feature","geometry":{"type":"Polygon","coordinates":[[[148.0903,-39.24],[148.0903,-39.06],[147.9345,-38.97],[147.7786,-39.06],[147.7786,-39.24],[147.9345,-39.33],[148.0903,-39.24]]]},"properties":{"state":"tas","n":1,"kind":"geochem"}},{"type":"Feature","geometry":{"type":"Polygon","coordinates":[[[144.6609,-42.48],[144.6609,-42.3],[144.505,-42.21],[144.3491,-42.3],[144.3491,-42.48],[144.505,-42.57],[144.6609,-42.48]]]},"properties":{"state":"tas","n":1,"kind":"geochem"}},{"type":"Feature","geometry":{"type":"Polygon","coordinates":[[[144.8168,-42.21],[144.8168,-42.03],[144.6609,-41.94],[144.505,-42.03],[144.505,-42.21],[144.6609,-42.3],[144.8168,-42.21]]]},"properties":{"state":"tas","n":1,"kind":"geochem"}},{"type":"Feature","geometry":{"type":"Polygon","coordinates":[[[146.8433,-39.24],[146.8433,-39.06],[146.6874,-38.97],[146.5315,-39.06],[146.5315,-39.24],[146.6874,-39.33],[146.8433,-39.24]]]},"properties":{"state":"tas","n":1,"kind":"geochem"}},{"type":"Feature","geometry":{"type":"Polygon","coordinates":[[[146.5315,-39.24],[146.5315,-39.06],[146.3756,-38.97],[146.2197,-39.06],[146.2197,-39.24],[146.3756,-39.33],[146.5315,-39.24]]]},"properties":{"state":"tas","n":1,"kind":"geochem"}},{"type":"Feature","geometry":{"type":"Polygon","coordinates":[[[146.9992,-43.83],[146.9992,-43.65],[146.8433,-43.56],[146.6874,-43.65],[146.6874,-43.83],[146.8433,-43.92],[146.9992,-43.83]]]},"properties":{"state":"tas","n":1,"kind":"geochem"}},{"type":"Feature","geometry":{"type":"Polygon","coordinates":[[[152.611,-28.17],[152.611,-27.99],[152.4551,-27.9],[152.2992,-27.99],[152.2992,-28.17],[152.4551,-28.26],[152.611,-28.17]]]},"properties":{"state":"nsw","n":2,"kind":"geochem"}},{"type":"Feature","geometry":{"type":"Polygon","coordinates":[[[143.4138,-34.92],[143.4138,-34.74],[143.2579,-34.65],[143.102,-34.74],[143.102,-34.92],[143.2579,-35.01],[143.4138,-34.92]]]},"properties":{"state":"nsw","n":2,"kind":"geochem"}},{"type":"Feature","geometry":{"type":"Polygon","coordinates":[[[143.7256,-31.14],[143.7256,-30.96],[143.5697,-30.87],[143.4138,-30.96],[143.4138,-31.14],[143.5697,-31.23],[143.7256,-31.14]]]},"properties":{"state":"nsw","n":2,"kind":"geochem"}},{"type":"Feature","geometry":{"type":"Polygon","coordinates":[[[147.7786,-31.68],[147.7786,-31.5],[147.6227,-31.41],[147.4668,-31.5],[147.4668,-31.68],[147.6227,-31.77],[147.7786,-31.68]]]},"properties":{"state":"nsw","n":2,"kind":"geochem"}},{"type":"Feature","geometry":{"type":"Polygon","coordinates":[[[143.2579,-30.33],[143.2579,-30.15],[143.102,-30.06],[142.9462,-30.15],[142.9462,-30.33],[143.102,-30.42],[143.2579,-30.33]]]},"properties":{"state":"nsw","n":2,"kind":"geochem"}},{"type":"Feature","geometry":{"type":"Polygon","coordinates":[[[146.2197,-35.46],[146.2197,-35.28],[146.0638,-35.19],[145.908,-35.28],[145.908,-35.46],[146.0638,-35.55],[146.2197,-35.46]]]},"properties":{"state":"nsw","n":2,"kind":"geochem"}},{"type":"Feature","geometry":{"type":"Polygon","coordinates":[[[143.2579,-33.57],[143.2579,-33.39],[143.102,-33.3],[142.9462,-33.39],[142.9462,-33.57],[143.102,-33.66],[143.2579,-33.57]]]},"properties":{"state":"nsw","n":2,"kind":"geochem"}},{"type":"Feature","geometry":{"type":"Polygon","coordinates":[[[142.7903,-33.3],[142.7903,-33.12],[142.6344,-33.03],[142.4785,-33.12],[142.4785,-33.3],[142.6344,-33.39],[142.7903,-33.3]]]},"properties":{"state":"nsw","n":2,"kind":"geochem"}},{"type":"Feature","geometry":{"type":"Polygon","coordinates":[[[147.7786,-31.14],[147.7786,-30.96],[147.6227,-30.87],[147.4668,-30.96],[147.4668,-31.14],[147.6227,-31.23],[147.7786,-31.14]]]},"properties":{"state":"nsw","n":2,"kind":"geochem"}},{"type":"Feature","geometry":{"type":"Polygon","coordinates":[[[146.0638,-30.33],[146.0638,-30.15],[145.908,-30.06],[145.7521,-30.15],[145.7521,-30.33],[145.908,-30.42],[146.0638,-30.33]]]},"properties":{"state":"nsw","n":2,"kind":"geochem"}},{"type":"Feature","geometry":{"type":"Polygon","coordinates":[[[147.4668,-30.06],[147.4668,-29.88],[147.3109,-29.79],[147.155,-29.88],[147.155,-30.06],[147.3109,-30.15],[147.4668,-30.06]]]},"properties":{"state":"nsw","n":2,"kind":"geochem"}},{"type":"Feature","geometry":{"type":"Polygon","coordinates":[[[141.0755,-33.03],[141.0755,-32.85],[140.9197,-32.76],[140.7638,-32.85],[140.7638,-33.03],[140.9197,-33.12],[141.0755,-33.03]]]},"properties":{"state":"nsw","n":2,"kind":"geochem"}},{"type":"Feature","geometry":{"type":"Polygon","coordinates":[[[147.7786,-37.08],[147.7786,-36.9],[147.6227,-36.81],[147.4668,-36.9],[147.4668,-37.08],[147.6227,-37.17],[147.7786,-37.08]]]},"properties":{"state":"nsw","n":2,"kind":"geochem"}},{"type":"Feature","geometry":{"type":"Polygon","coordinates":[[[144.9727,-34.92],[144.9727,-34.74],[144.8168,-34.65],[144.6609,-34.74],[144.6609,-34.92],[144.8168,-35.01],[144.9727,-34.92]]]},"properties":{"state":"nsw","n":2,"kind":"geochem"}},{"type":"Feature","geometry":{"type":"Polygon","coordinates":[[[146.5315,-34.92],[146.5315,-34.74],[146.3756,-34.65],[146.2197,-34.74],[146.2197,-34.92],[146.3756,-35.01],[146.5315,-34.92]]]},"properties":{"state":"nsw","n":2,"kind":"geochem"}},{"type":"Feature","geometry":{"type":"Polygon","coordinates":[[[146.3756,-34.65],[146.3756,-34.47],[146.2197,-34.38],[146.0638,-34.47],[146.0638,-34.65],[146.2197,-34.74],[146.3756,-34.65]]]},"properties":{"state":"nsw","n":2,"kind":"geochem"}},{"type":"Feature","geometry":{"type":"Polygon","coordinates":[[[152.7669,-32.22],[152.7669,-32.04],[152.611,-31.95],[152.4551,-32.04],[152.4551,-32.22],[152.611,-32.31],[152.7669,-32.22]]]},"properties":{"state":"nsw","n":2,"kind":"geochem"}},{"type":"Feature","geometry":{"type":"Polygon","coordinates":[[[148.2462,-36.81],[148.2462,-36.63],[148.0903,-36.54],[147.9345,-36.63],[147.9345,-36.81],[148.0903,-36.9],[148.2462,-36.81]]]},"properties":{"state":"nsw","n":2,"kind":"geochem"}},{"type":"Feature","geometry":{"type":"Polygon","coordinates":[[[149.1815,-30.33],[149.1815,-30.15],[149.0257,-30.06],[148.8698,-30.15],[148.8698,-30.33],[149.0257,-30.42],[149.1815,-30.33]]]},"properties":{"state":"nsw","n":2,"kind":"geochem"}},{"type":"Feature","geometry":{"type":"Polygon","coordinates":[[[150.5845,-32.22],[150.5845,-32.04],[150.4286,-31.95],[150.2727,-32.04],[150.2727,-32.22],[150.4286,-32.31],[150.5845,-32.22]]]},"properties":{"state":"nsw","n":2,"kind":"geochem"}},{"type":"Feature","geometry":{"type":"Polygon","coordinates":[[[146.0638,-35.19],[146.0638,-35.01],[145.908,-34.92],[145.7521,-35.01],[145.7521,-35.19],[145.908,-35.28],[146.0638,-35.19]]]},"properties":{"state":"nsw","n":2,"kind":"geochem"}},{"type":"Feature","geometry":{"type":"Polygon","coordinates":[[[142.3226,-31.41],[142.3226,-31.23],[142.1667,-31.14],[142.0108,-31.23],[142.0108,-31.41],[142.1667,-31.5],[142.3226,-31.41]]]},"properties":{"state":"nsw","n":2,"kind":"geochem"}},{"type":"Feature","geometry":{"type":"Polygon","coordinates":[[[142.7903,-32.22],[142.7903,-32.04],[142.6344,-31.95],[142.4785,-32.04],[142.4785,-32.22],[142.6344,-32.31],[142.7903,-32.22]]]},"properties":{"state":"nsw","n":2,"kind":"geochem"}},{"type":"Feature","geometry":{"type":"Polygon","coordinates":[[[146.6874,-29.25],[146.6874,-29.07],[146.5315,-28.98],[146.3756,-29.07],[146.3756,-29.25],[146.5315,-29.34],[146.6874,-29.25]]]},"properties":{"state":"nsw","n":2,"kind":"geochem"}},{"type":"Feature","geometry":{"type":"Polygon","coordinates":[[[151.0522,-33.03],[151.0522,-32.85],[150.8963,-32.76],[150.7404,-32.85],[150.7404,-33.03],[150.8963,-33.12],[151.0522,-33.03]]]},"properties":{"state":"nsw","n":2,"kind":"geochem"}},{"type":"Feature","geometry":{"type":"Polygon","coordinates":[[[150.5845,-32.76],[150.5845,-32.58],[150.4286,-32.49],[150.2727,-32.58],[150.2727,-32.76],[150.4286,-32.85],[150.5845,-32.76]]]},"properties":{"state":"nsw","n":2,"kind":"geochem"}},{"type":"Feature","geometry":{"type":"Polygon","coordinates":[[[143.8815,-31.95],[143.8815,-31.77],[143.7256,-31.68],[143.5697,-31.77],[143.5697,-31.95],[143.7256,-32.04],[143.8815,-31.95]]]},"properties":{"state":"nsw","n":2,"kind":"geochem"}},{"type":"Feature","geometry":{"type":"Polygon","coordinates":[[[148.8698,-31.41],[148.8698,-31.23],[148.7139,-31.14],[148.558,-31.23],[148.558,-31.41],[148.7139,-31.5],[148.8698,-31.41]]]},"properties":{"state":"nsw","n":2,"kind":"geochem"}},{"type":"Feature","geometry":{"type":"Polygon","coordinates":[[[150.1168,-31.41],[150.1168,-31.23],[149.961,-31.14],[149.8051,-31.23],[149.8051,-31.41],[149.961,-31.5],[150.1168,-31.41]]]},"properties":{"state":"nsw","n":2,"kind":"geochem"}},{"type":"Feature","geometry":{"type":"Polygon","coordinates":[[[146.8433,-30.06],[146.8433,-29.88],[146.6874,-29.79],[146.5315,-29.88],[146.5315,-30.06],[146.6874,-30.15],[146.8433,-30.06]]]},"properties":{"state":"nsw","n":2,"kind":"geochem"}},{"type":"Feature","geometry":{"type":"Polygon","coordinates":[[[144.505,-29.79],[144.505,-29.61],[144.3491,-29.52],[144.1932,-29.61],[144.1932,-29.79],[144.3491,-29.88],[144.505,-29.79]]]},"properties":{"state":"nsw","n":2,"kind":"geochem"}},{"type":"Feature","geometry":{"type":"Polygon","coordinates":[[[151.5198,-28.44],[151.5198,-28.26],[151.3639,-28.17],[151.208,-28.26],[151.208,-28.44],[151.3639,-28.53],[151.5198,-28.44]]]},"properties":{"state":"nsw","n":2,"kind":"geochem"}},{"type":"Feature","geometry":{"type":"Polygon","coordinates":[[[142.6344,-32.49],[142.6344,-32.31],[142.4785,-32.22],[142.3226,-32.31],[142.3226,-32.49],[142.4785,-32.58],[142.6344,-32.49]]]},"properties":{"state":"nsw","n":2,"kind":"geochem"}},{"type":"Feature","geometry":{"type":"Polygon","coordinates":[[[144.1932,-30.33],[144.1932,-30.15],[144.0373,-30.06],[143.8815,-30.15],[143.8815,-30.33],[144.0373,-30.42],[144.1932,-30.33]]]},"properties":{"state":"nsw","n":2,"kind":"geochem"}},{"type":"Feature","geometry":{"type":"Polygon","coordinates":[[[143.7256,-31.68],[143.7256,-31.5],[143.5697,-31.41],[143.4138,-31.5],[143.4138,-31.68],[143.5697,-31.77],[143.7256,-31.68]]]},"properties":{"state":"nsw","n":2,"kind":"geochem"}},{"type":"Feature","geometry":{"type":"Polygon","coordinates":[[[146.9992,-36.27],[146.9992,-36.09],[146.8433,-36.0],[146.6874,-36.09],[146.6874,-36.27],[146.8433,-36.36],[146.9992,-36.27]]]},"properties":{"state":"vic","n":2,"kind":"geochem"}},{"type":"Feature","geometry":{"type":"Polygon","coordinates":[[[136.8667,-20.88],[136.8667,-20.7],[136.7108,-20.61],[136.5549,-20.7],[136.5549,-20.88],[136.7108,-20.97],[136.8667,-20.88]]]},"properties":{"state":"nt","n":2,"kind":"geochem"}},{"type":"Feature","geometry":{"type":"Polygon","coordinates":[[[137.1784,-20.88],[137.1784,-20.7],[137.0225,-20.61],[136.8667,-20.7],[136.8667,-20.88],[137.0225,-20.97],[137.1784,-20.88]]]},"properties":{"state":"nt","n":2,"kind":"geochem"}},{"type":"Feature","geometry":{"type":"Polygon","coordinates":[[[136.2431,-19.26],[136.2431,-19.08],[136.0872,-18.99],[135.9313,-19.08],[135.9313,-19.26],[136.0872,-19.35],[136.2431,-19.26]]]},"properties":{"state":"nt","n":2,"kind":"geochem"}},{"type":"Feature","geometry":{"type":"Polygon","coordinates":[[[135.9313,-19.26],[135.9313,-19.08],[135.7755,-18.99],[135.6196,-19.08],[135.6196,-19.26],[135.7755,-19.35],[135.9313,-19.26]]]},"properties":{"state":"nt","n":2,"kind":"geochem"}},{"type":"Feature","geometry":{"type":"Polygon","coordinates":[[[130.0077,-21.96],[130.0077,-21.78],[129.8518,-21.69],[129.696,-21.78],[129.696,-21.96],[129.8518,-22.05],[130.0077,-21.96]]]},"properties":{"state":"nt","n":2,"kind":"geochem"}},{"type":"Feature","geometry":{"type":"Polygon","coordinates":[[[137.4902,-21.96],[137.4902,-21.78],[137.3343,-21.69],[137.1784,-21.78],[137.1784,-21.96],[137.3343,-22.05],[137.4902,-21.96]]]},"properties":{"state":"nt","n":2,"kind":"geochem"}},{"type":"Feature","geometry":{"type":"Polygon","coordinates":[[[135.3078,-19.26],[135.3078,-19.08],[135.1519,-18.99],[134.996,-19.08],[134.996,-19.26],[135.1519,-19.35],[135.3078,-19.26]]]},"properties":{"state":"nt","n":2,"kind":"geochem"}},{"type":"Feature","geometry":{"type":"Polygon","coordinates":[[[133.9048,-18.99],[133.9048,-18.81],[133.749,-18.72],[133.5931,-18.81],[133.5931,-18.99],[133.749,-19.08],[133.9048,-18.99]]]},"properties":{"state":"nt","n":2,"kind":"geochem"}},{"type":"Feature","geometry":{"type":"Polygon","coordinates":[[[133.2813,-25.47],[133.2813,-25.29],[133.1254,-25.2],[132.9695,-25.29],[132.9695,-25.47],[133.1254,-25.56],[133.2813,-25.47]]]},"properties":{"state":"nt","n":2,"kind":"geochem"}},{"type":"Feature","geometry":{"type":"Polygon","coordinates":[[[132.6578,-13.05],[132.6578,-12.87],[132.5019,-12.78],[132.346,-12.87],[132.346,-13.05],[132.5019,-13.14],[132.6578,-13.05]]]},"properties":{"state":"nt","n":2,"kind":"geochem"}},{"type":"Feature","geometry":{"type":"Polygon","coordinates":[[[135.4637,-21.69],[135.4637,-21.51],[135.3078,-21.42],[135.1519,-21.51],[135.1519,-21.69],[135.3078,-21.78],[135.4637,-21.69]]]},"properties":{"state":"nt","n":2,"kind":"geochem"}},{"type":"Feature","geometry":{"type":"Polygon","coordinates":[[[133.2813,-15.75],[133.2813,-15.57],[133.1254,-15.48],[132.9695,-15.57],[132.9695,-15.75],[133.1254,-15.84],[133.2813,-15.75]]]},"properties":{"state":"nt","n":2,"kind":"geochem"}},{"type":"Feature","geometry":{"type":"Polygon","coordinates":[[[132.346,-12.51],[132.346,-12.33],[132.1901,-12.24],[132.0342,-12.33],[132.0342,-12.51],[132.1901,-12.6],[132.346,-12.51]]]},"properties":{"state":"nt","n":2,"kind":"geochem"}},{"type":"Feature","geometry":{"type":"Polygon","coordinates":[[[132.8137,-24.66],[132.8137,-24.48],[132.6578,-24.39],[132.5019,-24.48],[132.5019,-24.66],[132.6578,-24.75],[132.8137,-24.66]]]},"properties":{"state":"nt","n":2,"kind":"geochem"}},{"type":"Feature","geometry":{"type":"Polygon","coordinates":[[[130.6313,-15.48],[130.6313,-15.3],[130.4754,-15.21],[130.3195,-15.3],[130.3195,-15.48],[130.4754,-15.57],[130.6313,-15.48]]]},"properties":{"state":"nt","n":2,"kind":"geochem"}},{"type":"Feature","geometry":{"type":"Polygon","coordinates":[[[130.0077,-16.56],[130.0077,-16.38],[129.8518,-16.29],[129.696,-16.38],[129.696,-16.56],[129.8518,-16.65],[130.0077,-16.56]]]},"properties":{"state":"nt","n":2,"kind":"geochem"}},{"type":"Feature","geometry":{"type":"Polygon","coordinates":[[[130.7872,-14.67],[130.7872,-14.49],[130.6313,-14.4],[130.4754,-14.49],[130.4754,-14.67],[130.6313,-14.76],[130.7872,-14.67]]]},"properties":{"state":"nt","n":2,"kind":"geochem"}},{"type":"Feature","geometry":{"type":"Polygon","coordinates":[[[133.5931,-22.23],[133.5931,-22.05],[133.4372,-21.96],[133.2813,-22.05],[133.2813,-22.23],[133.4372,-22.32],[133.5931,-22.23]]]},"properties":{"state":"nt","n":2,"kind":"geochem"}},{"type":"Feature","geometry":{"type":"Polygon","coordinates":[[[129.696,-23.58],[129.696,-23.4],[129.5401,-23.31],[129.3842,-23.4],[129.3842,-23.58],[129.5401,-23.67],[129.696,-23.58]]]},"properties":{"state":"nt","n":2,"kind":"geochem"}},{"type":"Feature","geometry":{"type":"Polygon","coordinates":[[[129.2283,-22.23],[129.2283,-22.05],[129.0724,-21.96],[128.9165,-22.05],[128.9165,-22.23],[129.0724,-22.32],[129.2283,-22.23]]]},"properties":{"state":"nt","n":2,"kind":"geochem"}},{"type":"Feature","geometry":{"type":"Polygon","coordinates":[[[132.5019,-13.32],[132.5019,-13.14],[132.346,-13.05],[132.1901,-13.14],[132.1901,-13.32],[132.346,-13.41],[132.5019,-13.32]]]},"properties":{"state":"nt","n":2,"kind":"geochem"}},{"type":"Feature","geometry":{"type":"Polygon","coordinates":[[[134.0607,-25.2],[134.0607,-25.02],[133.9048,-24.93],[133.749,-25.02],[133.749,-25.2],[133.9048,-25.29],[134.0607,-25.2]]]},"properties":{"state":"nt","n":2,"kind":"geochem"}},{"type":"Feature","geometry":{"type":"Polygon","coordinates":[[[134.996,-18.18],[134.996,-18.0],[134.8402,-17.91],[134.6843,-18.0],[134.6843,-18.18],[134.8402,-18.27],[134.996,-18.18]]]},"properties":{"state":"nt","n":2,"kind":"geochem"}},{"type":"Feature","geometry":{"type":"Polygon","coordinates":[[[135.7755,-18.45],[135.7755,-18.27],[135.6196,-18.18],[135.4637,-18.27],[135.4637,-18.45],[135.6196,-18.54],[135.7755,-18.45]]]},"properties":{"state":"nt","n":2,"kind":"geochem"}},{"type":"Feature","geometry":{"type":"Polygon","coordinates":[[[132.9695,-15.21],[132.9695,-15.03],[132.8137,-14.94],[132.6578,-15.03],[132.6578,-15.21],[132.8137,-15.3],[132.9695,-15.21]]]},"properties":{"state":"nt","n":2,"kind":"geochem"}},{"type":"Feature","geometry":{"type":"Polygon","coordinates":[[[132.8137,-23.04],[132.8137,-22.86],[132.6578,-22.77],[132.5019,-22.86],[132.5019,-23.04],[132.6578,-23.13],[132.8137,-23.04]]]},"properties":{"state":"nt","n":2,"kind":"geochem"}},{"type":"Feature","geometry":{"type":"Polygon","coordinates":[[[129.0724,-19.26],[129.0724,-19.08],[128.9165,-18.99],[128.7607,-19.08],[128.7607,-19.26],[128.9165,-19.35],[129.0724,-19.26]]]},"properties":{"state":"nt","n":2,"kind":"geochem"}},{"type":"Feature","geometry":{"type":"Polygon","coordinates":[[[130.6313,-25.2],[130.6313,-25.02],[130.4754,-24.93],[130.3195,-25.02],[130.3195,-25.2],[130.4754,-25.29],[130.6313,-25.2]]]},"properties":{"state":"nt","n":2,"kind":"geochem"}},{"type":"Feature","geometry":{"type":"Polygon","coordinates":[[[133.2813,-24.39],[133.2813,-24.21],[133.1254,-24.12],[132.9695,-24.21],[132.9695,-24.39],[133.1254,-24.48],[133.2813,-24.39]]]},"properties":{"state":"nt","n":2,"kind":"geochem"}},{"type":"Feature","geometry":{"type":"Polygon","coordinates":[[[132.0342,-24.93],[132.0342,-24.75],[131.8783,-24.66],[131.7225,-24.75],[131.7225,-24.93],[131.8783,-25.02],[132.0342,-24.93]]]},"properties":{"state":"nt","n":2,"kind":"geochem"}},{"type":"Feature","geometry":{"type":"Polygon","coordinates":[[[137.1784,-12.24],[137.1784,-12.06],[137.0225,-11.97],[136.8667,-12.06],[136.8667,-12.24],[137.0225,-12.33],[137.1784,-12.24]]]},"properties":{"state":"nt","n":2,"kind":"geochem"}},{"type":"Feature","geometry":{"type":"Polygon","coordinates":[[[136.2431,-12.24],[136.2431,-12.06],[136.0872,-11.97],[135.9313,-12.06],[135.9313,-12.24],[136.0872,-12.33],[136.2431,-12.24]]]},"properties":{"state":"nt","n":2,"kind":"geochem"}},{"type":"Feature","geometry":{"type":"Polygon","coordinates":[[[135.7755,-13.05],[135.7755,-12.87],[135.6196,-12.78],[135.4637,-12.87],[135.4637,-13.05],[135.6196,-13.14],[135.7755,-13.05]]]},"properties":{"state":"nt","n":2,"kind":"geochem"}},{"type":"Feature","geometry":{"type":"Polygon","coordinates":[[[132.6578,-12.51],[132.6578,-12.33],[132.5019,-12.24],[132.346,-12.33],[132.346,-12.51],[132.5019,-12.6],[132.6578,-12.51]]]},"properties":{"state":"nt","n":2,"kind":"geochem"}},{"type":"Feature","geometry":{"type":"Polygon","coordinates":[[[135.3078,-19.8],[135.3078,-19.62],[135.1519,-19.53],[134.996,-19.62],[134.996,-19.8],[135.1519,-19.89],[135.3078,-19.8]]]},"properties":{"state":"nt","n":2,"kind":"geochem"}},{"type":"Feature","geometry":{"type":"Polygon","coordinates":[[[131.5666,-20.88],[131.5666,-20.7],[131.4107,-20.61],[131.2548,-20.7],[131.2548,-20.88],[131.4107,-20.97],[131.5666,-20.88]]]},"properties":{"state":"nt","n":2,"kind":"geochem"}},{"type":"Feature","geometry":{"type":"Polygon","coordinates":[[[132.6578,-21.15],[132.6578,-20.97],[132.5019,-20.88],[132.346,-20.97],[132.346,-21.15],[132.5019,-21.24],[132.6578,-21.15]]]},"properties":{"state":"nt","n":2,"kind":"geochem"}},{"type":"Feature","geometry":{"type":"Polygon","coordinates":[[[132.9695,-20.07],[132.9695,-19.89],[132.8137,-19.8],[132.6578,-19.89],[132.6578,-20.07],[132.8137,-20.16],[132.9695,-20.07]]]},"properties":{"state":"nt","n":2,"kind":"geochem"}},{"type":"Feature","geometry":{"type":"Polygon","coordinates":[[[136.2431,-21.96],[136.2431,-21.78],[136.0872,-21.69],[135.9313,-21.78],[135.9313,-21.96],[136.0872,-22.05],[136.2431,-21.96]]]},"properties":{"state":"nt","n":2,"kind":"geochem"}},{"type":"Feature","geometry":{"type":"Polygon","coordinates":[[[132.8137,-26.82],[132.8137,-26.64],[132.6578,-26.55],[132.5019,-26.64],[132.5019,-26.82],[132.6578,-26.91],[132.8137,-26.82]]]},"properties":{"state":"sa","n":2,"kind":"geochem"}},{"type":"Feature","geometry":{"type":"Polygon","coordinates":[[[136.8667,-28.98],[136.8667,-28.8],[136.7108,-28.71],[136.5549,-28.8],[136.5549,-28.98],[136.7108,-29.07],[136.8667,-28.98]]]},"properties":{"state":"sa","n":2,"kind":"geochem"}},{"type":"Feature","geometry":{"type":"Polygon","coordinates":[[[140.452,-36.81],[140.452,-36.63],[140.2961,-36.54],[140.1402,-36.63],[140.1402,-36.81],[140.2961,-36.9],[140.452,-36.81]]]},"properties":{"state":"sa","n":2,"kind":"geochem"}},{"type":"Feature","geometry":{"type":"Polygon","coordinates":[[[134.3725,-28.44],[134.3725,-28.26],[134.2166,-28.17],[134.0607,-28.26],[134.0607,-28.44],[134.2166,-28.53],[134.3725,-28.44]]]},"properties":{"state":"sa","n":2,"kind":"geochem"}},{"type":"Feature","geometry":{"type":"Polygon","coordinates":[[[147.7786,-40.32],[147.7786,-40.14],[147.6227,-40.05],[147.4668,-40.14],[147.4668,-40.32],[147.6227,-40.41],[147.7786,-40.32]]]},"properties":{"state":"tas","n":2,"kind":"geochem"}},{"type":"Feature","geometry":{"type":"Polygon","coordinates":[[[147.9345,-39.51],[147.9345,-39.33],[147.7786,-39.24],[147.6227,-39.33],[147.6227,-39.51],[147.7786,-39.6],[147.9345,-39.51]]]},"properties":{"state":"tas","n":2,"kind":"geochem"}},{"type":"Feature","geometry":{"type":"Polygon","coordinates":[[[145.7521,-40.59],[145.7521,-40.41],[145.5962,-40.32],[145.4403,-40.41],[145.4403,-40.59],[145.5962,-40.68],[145.7521,-40.59]]]},"properties":{"state":"tas","n":2,"kind":"geochem"}},{"type":"Feature","geometry":{"type":"Polygon","coordinates":[[[145.5962,-40.32],[145.5962,-40.14],[145.4403,-40.05],[145.2844,-40.14],[145.2844,-40.32],[145.4403,-40.41],[145.5962,-40.32]]]},"properties":{"state":"tas","n":2,"kind":"geochem"}},{"type":"Feature","geometry":{"type":"Polygon","coordinates":[[[145.7521,-40.05],[145.7521,-39.87],[145.5962,-39.78],[145.4403,-39.87],[145.4403,-40.05],[145.5962,-40.14],[145.7521,-40.05]]]},"properties":{"state":"tas","n":2,"kind":"geochem"}},{"type":"Feature","geometry":{"type":"Polygon","coordinates":[[[146.2197,-34.38],[146.2197,-34.2],[146.0638,-34.11],[145.908,-34.2],[145.908,-34.38],[146.0638,-34.47],[146.2197,-34.38]]]},"properties":{"state":"nsw","n":3,"kind":"geochem"}},{"type":"Feature","geometry":{"type":"Polygon","coordinates":[[[146.3756,-34.11],[146.3756,-33.93],[146.2197,-33.84],[146.0638,-33.93],[146.0638,-34.11],[146.2197,-34.2],[146.3756,-34.11]]]},"properties":{"state":"nsw","n":3,"kind":"geochem"}},{"type":"Feature","geometry":{"type":"Polygon","coordinates":[[[142.1667,-30.06],[142.1667,-29.88],[142.0108,-29.79],[141.855,-29.88],[141.855,-30.06],[142.0108,-30.15],[142.1667,-30.06]]]},"properties":{"state":"nsw","n":3,"kind":"geochem"}},{"type":"Feature","geometry":{"type":"Polygon","coordinates":[[[144.8168,-29.79],[144.8168,-29.61],[144.6609,-29.52],[144.505,-29.61],[144.505,-29.79],[144.6609,-29.88],[144.8168,-29.79]]]},"properties":{"state":"nsw","n":3,"kind":"geochem"}},{"type":"Feature","geometry":{"type":"Polygon","coordinates":[[[142.3226,-33.57],[142.3226,-33.39],[142.1667,-33.3],[142.0108,-33.39],[142.0108,-33.57],[142.1667,-33.66],[142.3226,-33.57]]]},"properties":{"state":"nsw","n":3,"kind":"geochem"}},{"type":"Feature","geometry":{"type":"Polygon","coordinates":[[[144.3491,-31.68],[144.3491,-31.5],[144.1932,-31.41],[144.0373,-31.5],[144.0373,-31.68],[144.1932,-31.77],[144.3491,-31.68]]]},"properties":{"state":"nsw","n":3,"kind":"geochem"}},{"type":"Feature","geometry":{"type":"Polygon","coordinates":[[[142.7903,-33.84],[142.7903,-33.66],[142.6344,-33.57],[142.4785,-33.66],[142.4785,-33.84],[142.6344,-33.93],[142.7903,-33.84]]]},"properties":{"state":"nsw","n":3,"kind":"geochem"}},{"type":"Feature","geometry":{"type":"Polygon","coordinates":[[[144.8168,-30.87],[144.8168,-30.69],[144.6609,-30.6],[144.505,-30.69],[144.505,-30.87],[144.6609,-30.96],[144.8168,-30.87]]]},"properties":{"state":"nsw","n":3,"kind":"geochem"}},{"type":"Feature","geometry":{"type":"Polygon","coordinates":[[[151.5198,-33.3],[151.5198,-33.12],[151.3639,-33.03],[151.208,-33.12],[151.208,-33.3],[151.3639,-33.39],[151.5198,-33.3]]]},"properties":{"state":"nsw","n":3,"kind":"geochem"}},{"type":"Feature","geometry":{"type":"Polygon","coordinates":[[[147.7786,-30.06],[147.7786,-29.88],[147.6227,-29.79],[147.4668,-29.88],[147.4668,-30.06],[147.6227,-30.15],[147.7786,-30.06]]]},"properties":{"state":"nsw","n":3,"kind":"geochem"}},{"type":"Feature","geometry":{"type":"Polygon","coordinates":[[[147.6227,-36.81],[147.6227,-36.63],[147.4668,-36.54],[147.3109,-36.63],[147.3109,-36.81],[147.4668,-36.9],[147.6227,-36.81]]]},"properties":{"state":"nsw","n":3,"kind":"geochem"}},{"type":"Feature","geometry":{"type":"Polygon","coordinates":[[[152.2992,-33.03],[152.2992,-32.85],[152.1433,-32.76],[151.9875,-32.85],[151.9875,-33.03],[152.1433,-33.12],[152.2992,-33.03]]]},"properties":{"state":"nsw","n":3,"kind":"geochem"}},{"type":"Feature","geometry":{"type":"Polygon","coordinates":[[[147.7786,-36.54],[147.7786,-36.36],[147.6227,-36.27],[147.4668,-36.36],[147.4668,-36.54],[147.6227,-36.63],[147.7786,-36.54]]]},"properties":{"state":"nsw","n":3,"kind":"geochem"}},{"type":"Feature","geometry":{"type":"Polygon","coordinates":[[[146.2197,-33.84],[146.2197,-33.66],[146.0638,-33.57],[145.908,-33.66],[145.908,-33.84],[146.0638,-33.93],[146.2197,-33.84]]]},"properties":{"state":"nsw","n":3,"kind":"geochem"}},{"type":"Feature","geometry":{"type":"Polygon","coordinates":[[[152.4551,-32.76],[152.4551,-32.58],[152.2992,-32.49],[152.1433,-32.58],[152.1433,-32.76],[152.2992,-32.85],[152.4551,-32.76]]]},"properties":{"state":"nsw","n":3,"kind":"geochem"}},{"type":"Feature","geometry":{"type":"Polygon","coordinates":[[[151.208,-32.76],[151.208,-32.58],[151.0522,-32.49],[150.8963,-32.58],[150.8963,-32.76],[151.0522,-32.85],[151.208,-32.76]]]},"properties":{"state":"nsw","n":3,"kind":"geochem"}},{"type":"Feature","geometry":{"type":"Polygon","coordinates":[[[143.5697,-32.49],[143.5697,-32.31],[143.4138,-32.22],[143.2579,-32.31],[143.2579,-32.49],[143.4138,-32.58],[143.5697,-32.49]]]},"properties":{"state":"nsw","n":3,"kind":"geochem"}},{"type":"Feature","geometry":{"type":"Polygon","coordinates":[[[143.7256,-30.06],[143.7256,-29.88],[143.5697,-29.79],[143.4138,-29.88],[143.4138,-30.06],[143.5697,-30.15],[143.7256,-30.06]]]},"properties":{"state":"nsw","n":3,"kind":"geochem"}},{"type":"Feature","geometry":{"type":"Polygon","coordinates":[[[144.8168,-35.19],[144.8168,-35.01],[144.6609,-34.92],[144.505,-35.01],[144.505,-35.19],[144.6609,-35.28],[144.8168,-35.19]]]},"properties":{"state":"nsw","n":3,"kind":"geochem"}},{"type":"Feature","geometry":{"type":"Polygon","coordinates":[[[146.9992,-29.25],[146.9992,-29.07],[146.8433,-28.98],[146.6874,-29.07],[146.6874,-29.25],[146.8433,-29.34],[146.9992,-29.25]]]},"properties":{"state":"nsw","n":3,"kind":"geochem"}},{"type":"Feature","geometry":{"type":"Polygon","coordinates":[[[151.8316,-28.44],[151.8316,-28.26],[151.6757,-28.17],[151.5198,-28.26],[151.5198,-28.44],[151.6757,-28.53],[151.8316,-28.44]]]},"properties":{"state":"nsw","n":3,"kind":"geochem"}},{"type":"Feature","geometry":{"type":"Polygon","coordinates":[[[145.7521,-36.81],[145.7521,-36.63],[145.5962,-36.54],[145.4403,-36.63],[145.4403,-36.81],[145.5962,-36.9],[145.7521,-36.81]]]},"properties":{"state":"nsw","n":3,"kind":"geochem"}},{"type":"Feature","geometry":{"type":"Polygon","coordinates":[[[147.3109,-29.79],[147.3109,-29.61],[147.155,-29.52],[146.9992,-29.61],[146.9992,-29.79],[147.155,-29.88],[147.3109,-29.79]]]},"properties":{"state":"nsw","n":3,"kind":"geochem"}},{"type":"Feature","geometry":{"type":"Polygon","coordinates":[[[144.8168,-37.35],[144.8168,-37.17],[144.6609,-37.08],[144.505,-37.17],[144.505,-37.35],[144.6609,-37.44],[144.8168,-37.35]]]},"properties":{"state":"nsw","n":3,"kind":"geochem"}},{"type":"Feature","geometry":{"type":"Polygon","coordinates":[[[145.5962,-32.76],[145.5962,-32.58],[145.4403,-32.49],[145.2844,-32.58],[145.2844,-32.76],[145.4403,-32.85],[145.5962,-32.76]]]},"properties":{"state":"nsw","n":3,"kind":"geochem"}},{"type":"Feature","geometry":{"type":"Polygon","coordinates":[[[143.8815,-30.87],[143.8815,-30.69],[143.7256,-30.6],[143.5697,-30.69],[143.5697,-30.87],[143.7256,-30.96],[143.8815,-30.87]]]},"properties":{"state":"nsw","n":3,"kind":"geochem"}},{"type":"Feature","geometry":{"type":"Polygon","coordinates":[[[142.6344,-37.35],[142.6344,-37.17],[142.4785,-37.08],[142.3226,-37.17],[142.3226,-37.35],[142.4785,-37.44],[142.6344,-37.35]]]},"properties":{"state":"vic","n":3,"kind":"geochem"}},{"type":"Feature","geometry":{"type":"Polygon","coordinates":[[[144.1932,-35.73],[144.1932,-35.55],[144.0373,-35.46],[143.8815,-35.55],[143.8815,-35.73],[144.0373,-35.82],[144.1932,-35.73]]]},"properties":{"state":"vic","n":3,"kind":"geochem"}},{"type":"Feature","geometry":{"type":"Polygon","coordinates":[[[137.9578,-20.61],[137.9578,-20.43],[137.802,-20.34],[137.6461,-20.43],[137.6461,-20.61],[137.802,-20.7],[137.9578,-20.61]]]},"properties":{"state":"nt","n":3,"kind":"geochem"}},{"type":"Feature","geometry":{"type":"Polygon","coordinates":[[[137.0225,-21.15],[137.0225,-20.97],[136.8667,-20.88],[136.7108,-20.97],[136.7108,-21.15],[136.8667,-21.24],[137.0225,-21.15]]]},"properties":{"state":"nt","n":3,"kind":"geochem"}},{"type":"Feature","geometry":{"type":"Polygon","coordinates":[[[137.3343,-20.61],[137.3343,-20.43],[137.1784,-20.34],[137.0225,-20.43],[137.0225,-20.61],[137.1784,-20.7],[137.3343,-20.61]]]},"properties":{"state":"nt","n":3,"kind":"geochem"}},{"type":"Feature","geometry":{"type":"Polygon","coordinates":[[[136.8667,-16.02],[136.8667,-15.84],[136.7108,-15.75],[136.5549,-15.84],[136.5549,-16.02],[136.7108,-16.11],[136.8667,-16.02]]]},"properties":{"state":"nt","n":3,"kind":"geochem"}},{"type":"Feature","geometry":{"type":"Polygon","coordinates":[[[132.8137,-25.74],[132.8137,-25.56],[132.6578,-25.47],[132.5019,-25.56],[132.5019,-25.74],[132.6578,-25.83],[132.8137,-25.74]]]},"properties":{"state":"nt","n":3,"kind":"geochem"}},{"type":"Feature","geometry":{"type":"Polygon","coordinates":[[[136.7108,-19.53],[136.7108,-19.35],[136.5549,-19.26],[136.399,-19.35],[136.399,-19.53],[136.5549,-19.62],[136.7108,-19.53]]]},"properties":{"state":"nt","n":3,"kind":"geochem"}},{"type":"Feature","geometry":{"type":"Polygon","coordinates":[[[133.749,-20.88],[133.749,-20.7],[133.5931,-20.61],[133.4372,-20.7],[133.4372,-20.88],[133.5931,-20.97],[133.749,-20.88]]]},"properties":{"state":"nt","n":3,"kind":"geochem"}},{"type":"Feature","geometry":{"type":"Polygon","coordinates":[[[133.4372,-15.48],[133.4372,-15.3],[133.2813,-15.21],[133.1254,-15.3],[133.1254,-15.48],[133.2813,-15.57],[133.4372,-15.48]]]},"properties":{"state":"nt","n":3,"kind":"geochem"}},{"type":"Feature","geometry":{"type":"Polygon","coordinates":[[[135.9313,-18.18],[135.9313,-18.0],[135.7755,-17.91],[135.6196,-18.0],[135.6196,-18.18],[135.7755,-18.27],[135.9313,-18.18]]]},"properties":{"state":"nt","n":3,"kind":"geochem"}},{"type":"Feature","geometry":{"type":"Polygon","coordinates":[[[136.8667,-21.96],[136.8667,-21.78],[136.7108,-21.69],[136.5549,-21.78],[136.5549,-21.96],[136.7108,-22.05],[136.8667,-21.96]]]},"properties":{"state":"nt","n":3,"kind":"geochem"}},{"type":"Feature","geometry":{"type":"Polygon","coordinates":[[[131.2548,-12.24],[131.2548,-12.06],[131.0989,-11.97],[130.943,-12.06],[130.943,-12.24],[131.0989,-12.33],[131.2548,-12.24]]]},"properties":{"state":"nt","n":3,"kind":"geochem"}},{"type":"Feature","geometry":{"type":"Polygon","coordinates":[[[132.1901,-23.04],[132.1901,-22.86],[132.0342,-22.77],[131.8783,-22.86],[131.8783,-23.04],[132.0342,-23.13],[132.1901,-23.04]]]},"properties":{"state":"nt","n":3,"kind":"geochem"}},{"type":"Feature","geometry":{"type":"Polygon","coordinates":[[[134.8402,-16.83],[134.8402,-16.65],[134.6843,-16.56],[134.5284,-16.65],[134.5284,-16.83],[134.6843,-16.92],[134.8402,-16.83]]]},"properties":{"state":"nt","n":3,"kind":"geochem"}},{"type":"Feature","geometry":{"type":"Polygon","coordinates":[[[132.346,-15.75],[132.346,-15.57],[132.1901,-15.48],[132.0342,-15.57],[132.0342,-15.75],[132.1901,-15.84],[132.346,-15.75]]]},"properties":{"state":"nt","n":3,"kind":"geochem"}},{"type":"Feature","geometry":{"type":"Polygon","coordinates":[[[130.6313,-17.64],[130.6313,-17.46],[130.4754,-17.37],[130.3195,-17.46],[130.3195,-17.64],[130.4754,-17.73],[130.6313,-17.64]]]},"properties":{"state":"nt","n":3,"kind":"geochem"}},{"type":"Feature","geometry":{"type":"Polygon","coordinates":[[[132.6578,-17.37],[132.6578,-17.19],[132.5019,-17.1],[132.346,-17.19],[132.346,-17.37],[132.5019,-17.46],[132.6578,-17.37]]]},"properties":{"state":"nt","n":3,"kind":"geochem"}},{"type":"Feature","geometry":{"type":"Polygon","coordinates":[[[133.4372,-19.8],[133.4372,-19.62],[133.2813,-19.53],[133.1254,-19.62],[133.1254,-19.8],[133.2813,-19.89],[133.4372,-19.8]]]},"properties":{"state":"nt","n":3,"kind":"geochem"}},{"type":"Feature","geometry":{"type":"Polygon","coordinates":[[[129.5401,-19.53],[129.5401,-19.35],[129.3842,-19.26],[129.2283,-19.35],[129.2283,-19.53],[129.3842,-19.62],[129.5401,-19.53]]]},"properties":{"state":"nt","n":3,"kind":"geochem"}},{"type":"Feature","geometry":{"type":"Polygon","coordinates":[[[136.399,-18.99],[136.399,-18.81],[136.2431,-18.72],[136.0872,-18.81],[136.0872,-18.99],[136.2431,-19.08],[136.399,-18.99]]]},"properties":{"state":"nt","n":3,"kind":"geochem"}},{"type":"Feature","geometry":{"type":"Polygon","coordinates":[[[134.5284,-17.91],[134.5284,-17.73],[134.3725,-17.64],[134.2166,-17.73],[134.2166,-17.91],[134.3725,-18.0],[134.5284,-17.91]]]},"properties":{"state":"nt","n":3,"kind":"geochem"}},{"type":"Feature","geometry":{"type":"Polygon","coordinates":[[[129.2283,-23.85],[129.2283,-23.67],[129.0724,-23.58],[128.9165,-23.67],[128.9165,-23.85],[129.0724,-23.94],[129.2283,-23.85]]]},"properties":{"state":"nt","n":3,"kind":"geochem"}},{"type":"Feature","geometry":{"type":"Polygon","coordinates":[[[133.749,-16.56],[133.749,-16.38],[133.5931,-16.29],[133.4372,-16.38],[133.4372,-16.56],[133.5931,-16.65],[133.749,-16.56]]]},"properties":{"state":"nt","n":3,"kind":"geochem"}},{"type":"Feature","geometry":{"type":"Polygon","coordinates":[[[134.0607,-12.78],[134.0607,-12.6],[133.9048,-12.51],[133.749,-12.6],[133.749,-12.78],[133.9048,-12.87],[134.0607,-12.78]]]},"properties":{"state":"nt","n":3,"kind":"geochem"}},{"type":"Feature","geometry":{"type":"Polygon","coordinates":[[[132.8137,-21.42],[132.8137,-21.24],[132.6578,-21.15],[132.5019,-21.24],[132.5019,-21.42],[132.6578,-21.51],[132.8137,-21.42]]]},"properties":{"state":"nt","n":3,"kind":"geochem"}},{"type":"Feature","geometry":{"type":"Polygon","coordinates":[[[137.4902,-20.34],[137.4902,-20.16],[137.3343,-20.07],[137.1784,-20.16],[137.1784,-20.34],[137.3343,-20.43],[137.4902,-20.34]]]},"properties":{"state":"nt","n":3,"kind":"geochem"}},{"type":"Feature","geometry":{"type":"Polygon","coordinates":[[[136.399,-19.53],[136.399,-19.35],[136.2431,-19.26],[136.0872,-19.35],[136.0872,-19.53],[136.2431,-19.62],[136.399,-19.53]]]},"properties":{"state":"nt","n":3,"kind":"geochem"}},{"type":"Feature","geometry":{"type":"Polygon","coordinates":[[[140.2961,-30.6],[140.2961,-30.42],[140.1402,-30.33],[139.9843,-30.42],[139.9843,-30.6],[140.1402,-30.69],[140.2961,-30.6]]]},"properties":{"state":"sa","n":3,"kind":"geochem"}},{"type":"Feature","geometry":{"type":"Polygon","coordinates":[[[133.4372,-28.98],[133.4372,-28.8],[133.2813,-28.71],[133.1254,-28.8],[133.1254,-28.98],[133.2813,-29.07],[133.4372,-28.98]]]},"properties":{"state":"sa","n":3,"kind":"geochem"}},{"type":"Feature","geometry":{"type":"Polygon","coordinates":[[[130.3195,-31.68],[130.3195,-31.5],[130.1636,-31.41],[130.0077,-31.5],[130.0077,-31.68],[130.1636,-31.77],[130.3195,-31.68]]]},"properties":{"state":"sa","n":3,"kind":"geochem"}},{"type":"Feature","geometry":{"type":"Polygon","coordinates":[[[131.2548,-31.14],[131.2548,-30.96],[131.0989,-30.87],[130.943,-30.96],[130.943,-31.14],[131.0989,-31.23],[131.2548,-31.14]]]},"properties":{"state":"sa","n":3,"kind":"geochem"}},{"type":"Feature","geometry":{"type":"Polygon","coordinates":[[[131.7225,-30.33],[131.7225,-30.15],[131.5666,-30.06],[131.4107,-30.15],[131.4107,-30.33],[131.5666,-30.42],[131.7225,-30.33]]]},"properties":{"state":"sa","n":3,"kind":"geochem"}},{"type":"Feature","geometry":{"type":"Polygon","coordinates":[[[133.5931,-27.63],[133.5931,-27.45],[133.4372,-27.36],[133.2813,-27.45],[133.2813,-27.63],[133.4372,-27.72],[133.5931,-27.63]]]},"properties":{"state":"sa","n":3,"kind":"geochem"}},{"type":"Feature","geometry":{"type":"Polygon","coordinates":[[[140.2961,-35.46],[140.2961,-35.28],[140.1402,-35.19],[139.9843,-35.28],[139.9843,-35.46],[140.1402,-35.55],[140.2961,-35.46]]]},"properties":{"state":"sa","n":3,"kind":"geochem"}},{"type":"Feature","geometry":{"type":"Polygon","coordinates":[[[132.0342,-30.33],[132.0342,-30.15],[131.8783,-30.06],[131.7225,-30.15],[131.7225,-30.33],[131.8783,-30.42],[132.0342,-30.33]]]},"properties":{"state":"sa","n":3,"kind":"geochem"}},{"type":"Feature","geometry":{"type":"Polygon","coordinates":[[[133.1254,-28.44],[133.1254,-28.26],[132.9695,-28.17],[132.8137,-28.26],[132.8137,-28.44],[132.9695,-28.53],[133.1254,-28.44]]]},"properties":{"state":"sa","n":3,"kind":"geochem"}},{"type":"Feature","geometry":{"type":"Polygon","coordinates":[[[132.9695,-28.71],[132.9695,-28.53],[132.8137,-28.44],[132.6578,-28.53],[132.6578,-28.71],[132.8137,-28.8],[132.9695,-28.71]]]},"properties":{"state":"sa","n":3,"kind":"geochem"}},{"type":"Feature","geometry":{"type":"Polygon","coordinates":[[[139.6726,-31.14],[139.6726,-30.96],[139.5167,-30.87],[139.3608,-30.96],[139.3608,-31.14],[139.5167,-31.23],[139.6726,-31.14]]]},"properties":{"state":"sa","n":3,"kind":"geochem"}},{"type":"Feature","geometry":{"type":"Polygon","coordinates":[[[139.5167,-30.87],[139.5167,-30.69],[139.3608,-30.6],[139.2049,-30.69],[139.2049,-30.87],[139.3608,-30.96],[139.5167,-30.87]]]},"properties":{"state":"sa","n":3,"kind":"geochem"}},{"type":"Feature","geometry":{"type":"Polygon","coordinates":[[[139.2049,-30.87],[139.2049,-30.69],[139.049,-30.6],[138.8932,-30.69],[138.8932,-30.87],[139.049,-30.96],[139.2049,-30.87]]]},"properties":{"state":"sa","n":3,"kind":"geochem"}},{"type":"Feature","geometry":{"type":"Polygon","coordinates":[[[140.7638,-30.87],[140.7638,-30.69],[140.6079,-30.6],[140.452,-30.69],[140.452,-30.87],[140.6079,-30.96],[140.7638,-30.87]]]},"properties":{"state":"sa","n":3,"kind":"geochem"}},{"type":"Feature","geometry":{"type":"Polygon","coordinates":[[[147.3109,-39.51],[147.3109,-39.33],[147.155,-39.24],[146.9992,-39.33],[146.9992,-39.51],[147.155,-39.6],[147.3109,-39.51]]]},"properties":{"state":"tas","n":3,"kind":"geochem"}},{"type":"Feature","geometry":{"type":"Polygon","coordinates":[[[148.7139,-32.22],[148.7139,-32.04],[148.558,-31.95],[148.4021,-32.04],[148.4021,-32.22],[148.558,-32.31],[148.7139,-32.22]]]},"properties":{"state":"nsw","n":4,"kind":"geochem"}},{"type":"Feature","geometry":{"type":"Polygon","coordinates":[[[142.3226,-32.49],[142.3226,-32.31],[142.1667,-32.22],[142.0108,-32.31],[142.0108,-32.49],[142.1667,-32.58],[142.3226,-32.49]]]},"properties":{"state":"nsw","n":4,"kind":"geochem"}},{"type":"Feature","geometry":{"type":"Polygon","coordinates":[[[145.4403,-29.79],[145.4403,-29.61],[145.2844,-29.52],[145.1285,-29.61],[145.1285,-29.79],[145.2844,-29.88],[145.4403,-29.79]]]},"properties":{"state":"nsw","n":4,"kind":"geochem"}},{"type":"Feature","geometry":{"type":"Polygon","coordinates":[[[145.1285,-30.87],[145.1285,-30.69],[144.9727,-30.6],[144.8168,-30.69],[144.8168,-30.87],[144.9727,-30.96],[145.1285,-30.87]]]},"properties":{"state":"nsw","n":4,"kind":"geochem"}},{"type":"Feature","geometry":{"type":"Polygon","coordinates":[[[144.1932,-36.27],[144.1932,-36.09],[144.0373,-36.0],[143.8815,-36.09],[143.8815,-36.27],[144.0373,-36.36],[144.1932,-36.27]]]},"properties":{"state":"nsw","n":4,"kind":"geochem"}},{"type":"Feature","geometry":{"type":"Polygon","coordinates":[[[143.5697,-34.11],[143.5697,-33.93],[143.4138,-33.84],[143.2579,-33.93],[143.2579,-34.11],[143.4138,-34.2],[143.5697,-34.11]]]},"properties":{"state":"nsw","n":4,"kind":"geochem"}},{"type":"Feature","geometry":{"type":"Polygon","coordinates":[[[143.7256,-34.92],[143.7256,-34.74],[143.5697,-34.65],[143.4138,-34.74],[143.4138,-34.92],[143.5697,-35.01],[143.7256,-34.92]]]},"properties":{"state":"nsw","n":4,"kind":"geochem"}},{"type":"Feature","geometry":{"type":"Polygon","coordinates":[[[146.3756,-35.73],[146.3756,-35.55],[146.2197,-35.46],[146.0638,-35.55],[146.0638,-35.73],[146.2197,-35.82],[146.3756,-35.73]]]},"properties":{"state":"nsw","n":4,"kind":"geochem"}},{"type":"Feature","geometry":{"type":"Polygon","coordinates":[[[151.0522,-33.57],[151.0522,-33.39],[150.8963,-33.3],[150.7404,-33.39],[150.7404,-33.57],[150.8963,-33.66],[151.0522,-33.57]]]},"properties":{"state":"nsw","n":4,"kind":"geochem"}},{"type":"Feature","geometry":{"type":"Polygon","coordinates":[[[150.2727,-29.52],[150.2727,-29.34],[150.1168,-29.25],[149.961,-29.34],[149.961,-29.52],[150.1168,-29.61],[150.2727,-29.52]]]},"properties":{"state":"nsw","n":4,"kind":"geochem"}},{"type":"Feature","geometry":{"type":"Polygon","coordinates":[[[149.3374,-30.6],[149.3374,-30.42],[149.1815,-30.33],[149.0257,-30.42],[149.0257,-30.6],[149.1815,-30.69],[149.3374,-30.6]]]},"properties":{"state":"nsw","n":4,"kind":"geochem"}},{"type":"Feature","geometry":{"type":"Polygon","coordinates":[[[149.6492,-31.68],[149.6492,-31.5],[149.4933,-31.41],[149.3374,-31.5],[149.3374,-31.68],[149.4933,-31.77],[149.6492,-31.68]]]},"properties":{"state":"nsw","n":4,"kind":"geochem"}},{"type":"Feature","geometry":{"type":"Polygon","coordinates":[[[142.1667,-31.14],[142.1667,-30.96],[142.0108,-30.87],[141.855,-30.96],[141.855,-31.14],[142.0108,-31.23],[142.1667,-31.14]]]},"properties":{"state":"nsw","n":4,"kind":"geochem"}},{"type":"Feature","geometry":{"type":"Polygon","coordinates":[[[150.7404,-33.03],[150.7404,-32.85],[150.5845,-32.76],[150.4286,-32.85],[150.4286,-33.03],[150.5845,-33.12],[150.7404,-33.03]]]},"properties":{"state":"nsw","n":4,"kind":"geochem"}},{"type":"Feature","geometry":{"type":"Polygon","coordinates":[[[147.9345,-36.27],[147.9345,-36.09],[147.7786,-36.0],[147.6227,-36.09],[147.6227,-36.27],[147.7786,-36.36],[147.9345,-36.27]]]},"properties":{"state":"nsw","n":4,"kind":"geochem"}},{"type":"Feature","geometry":{"type":"Polygon","coordinates":[[[151.3639,-33.57],[151.3639,-33.39],[151.208,-33.3],[151.0522,-33.39],[151.0522,-33.57],[151.208,-33.66],[151.3639,-33.57]]]},"properties":{"state":"nsw","n":4,"kind":"geochem"}},{"type":"Feature","geometry":{"type":"Polygon","coordinates":[[[142.0108,-34.11],[142.0108,-33.93],[141.855,-33.84],[141.6991,-33.93],[141.6991,-34.11],[141.855,-34.2],[142.0108,-34.11]]]},"properties":{"state":"nsw","n":4,"kind":"geochem"}},{"type":"Feature","geometry":{"type":"Polygon","coordinates":[[[142.0108,-30.87],[142.0108,-30.69],[141.855,-30.6],[141.6991,-30.69],[141.6991,-30.87],[141.855,-30.96],[142.0108,-30.87]]]},"properties":{"state":"nsw","n":4,"kind":"geochem"}},{"type":"Feature","geometry":{"type":"Polygon","coordinates":[[[144.505,-36.81],[144.505,-36.63],[144.3491,-36.54],[144.1932,-36.63],[144.1932,-36.81],[144.3491,-36.9],[144.505,-36.81]]]},"properties":{"state":"nsw","n":4,"kind":"geochem"}},{"type":"Feature","geometry":{"type":"Polygon","coordinates":[[[145.5962,-37.08],[145.5962,-36.9],[145.4403,-36.81],[145.2844,-36.9],[145.2844,-37.08],[145.4403,-37.17],[145.5962,-37.08]]]},"properties":{"state":"vic","n":4,"kind":"geochem"}},{"type":"Feature","geometry":{"type":"Polygon","coordinates":[[[146.5315,-38.7],[146.5315,-38.52],[146.3756,-38.43],[146.2197,-38.52],[146.2197,-38.7],[146.3756,-38.79],[146.5315,-38.7]]]},"properties":{"state":"vic","n":4,"kind":"geochem"}},{"type":"Feature","geometry":{"type":"Polygon","coordinates":[[[137.1784,-20.34],[137.1784,-20.16],[137.0225,-20.07],[136.8667,-20.16],[136.8667,-20.34],[137.0225,-20.43],[137.1784,-20.34]]]},"properties":{"state":"nt","n":4,"kind":"geochem"}},{"type":"Feature","geometry":{"type":"Polygon","coordinates":[[[137.3343,-21.15],[137.3343,-20.97],[137.1784,-20.88],[137.0225,-20.97],[137.0225,-21.15],[137.1784,-21.24],[137.3343,-21.15]]]},"properties":{"state":"nt","n":4,"kind":"geochem"}},{"type":"Feature","geometry":{"type":"Polygon","coordinates":[[[129.8518,-15.21],[129.8518,-15.03],[129.696,-14.94],[129.5401,-15.03],[129.5401,-15.21],[129.696,-15.3],[129.8518,-15.21]]]},"properties":{"state":"nt","n":4,"kind":"geochem"}},{"type":"Feature","geometry":{"type":"Polygon","coordinates":[[[135.4637,-15.21],[135.4637,-15.03],[135.3078,-14.94],[135.1519,-15.03],[135.1519,-15.21],[135.3078,-15.3],[135.4637,-15.21]]]},"properties":{"state":"nt","n":4,"kind":"geochem"}},{"type":"Feature","geometry":{"type":"Polygon","coordinates":[[[130.6313,-18.18],[130.6313,-18.0],[130.4754,-17.91],[130.3195,-18.0],[130.3195,-18.18],[130.4754,-18.27],[130.6313,-18.18]]]},"properties":{"state":"nt","n":4,"kind":"geochem"}},{"type":"Feature","geometry":{"type":"Polygon","coordinates":[[[133.749,-25.74],[133.749,-25.56],[133.5931,-25.47],[133.4372,-25.56],[133.4372,-25.74],[133.5931,-25.83],[133.749,-25.74]]]},"properties":{"state":"nt","n":4,"kind":"geochem"}},{"type":"Feature","geometry":{"type":"Polygon","coordinates":[[[137.0225,-23.85],[137.0225,-23.67],[136.8667,-23.58],[136.7108,-23.67],[136.7108,-23.85],[136.8667,-23.94],[137.0225,-23.85]]]},"properties":{"state":"nt","n":4,"kind":"geochem"}},{"type":"Feature","geometry":{"type":"Polygon","coordinates":[[[134.6843,-21.42],[134.6843,-21.24],[134.5284,-21.15],[134.3725,-21.24],[134.3725,-21.42],[134.5284,-21.51],[134.6843,-21.42]]]},"properties":{"state":"nt","n":4,"kind":"geochem"}},{"type":"Feature","geometry":{"type":"Polygon","coordinates":[[[134.8402,-21.69],[134.8402,-21.51],[134.6843,-21.42],[134.5284,-21.51],[134.5284,-21.69],[134.6843,-21.78],[134.8402,-21.69]]]},"properties":{"state":"nt","n":4,"kind":"geochem"}},{"type":"Feature","geometry":{"type":"Polygon","coordinates":[[[137.3343,-22.23],[137.3343,-22.05],[137.1784,-21.96],[137.0225,-22.05],[137.0225,-22.23],[137.1784,-22.32],[137.3343,-22.23]]]},"properties":{"state":"nt","n":4,"kind":"geochem"}},{"type":"Feature","geometry":{"type":"Polygon","coordinates":[[[137.9578,-22.23],[137.9578,-22.05],[137.802,-21.96],[137.6461,-22.05],[137.6461,-22.23],[137.802,-22.32],[137.9578,-22.23]]]},"properties":{"state":"nt","n":4,"kind":"geochem"}},{"type":"Feature","geometry":{"type":"Polygon","coordinates":[[[137.0225,-22.23],[137.0225,-22.05],[136.8667,-21.96],[136.7108,-22.05],[136.7108,-22.23],[136.8667,-22.32],[137.0225,-22.23]]]},"properties":{"state":"nt","n":4,"kind":"geochem"}},{"type":"Feature","geometry":{"type":"Polygon","coordinates":[[[134.6843,-19.26],[134.6843,-19.08],[134.5284,-18.99],[134.3725,-19.08],[134.3725,-19.26],[134.5284,-19.35],[134.6843,-19.26]]]},"properties":{"state":"nt","n":4,"kind":"geochem"}},{"type":"Feature","geometry":{"type":"Polygon","coordinates":[[[134.0607,-17.1],[134.0607,-16.92],[133.9048,-16.83],[133.749,-16.92],[133.749,-17.1],[133.9048,-17.19],[134.0607,-17.1]]]},"properties":{"state":"nt","n":4,"kind":"geochem"}},{"type":"Feature","geometry":{"type":"Polygon","coordinates":[[[132.1901,-12.24],[132.1901,-12.06],[132.0342,-11.97],[131.8783,-12.06],[131.8783,-12.24],[132.0342,-12.33],[132.1901,-12.24]]]},"properties":{"state":"nt","n":4,"kind":"geochem"}},{"type":"Feature","geometry":{"type":"Polygon","coordinates":[[[139.2049,-29.79],[139.2049,-29.61],[139.049,-29.52],[138.8932,-29.61],[138.8932,-29.79],[139.049,-29.88],[139.2049,-29.79]]]},"properties":{"state":"sa","n":4,"kind":"geochem"}},{"type":"Feature","geometry":{"type":"Polygon","coordinates":[[[134.2166,-26.55],[134.2166,-26.37],[134.0607,-26.28],[133.9048,-26.37],[133.9048,-26.55],[134.0607,-26.64],[134.2166,-26.55]]]},"properties":{"state":"sa","n":4,"kind":"geochem"}},{"type":"Feature","geometry":{"type":"Polygon","coordinates":[[[144.3491,-40.86],[144.3491,-40.68],[144.1932,-40.59],[144.0373,-40.68],[144.0373,-40.86],[144.1932,-40.95],[144.3491,-40.86]]]},"properties":{"state":"tas","n":4,"kind":"geochem"}},{"type":"Feature","geometry":{"type":"Polygon","coordinates":[[[142.7903,-42.48],[142.7903,-42.3],[142.6344,-42.21],[142.4785,-42.3],[142.4785,-42.48],[142.6344,-42.57],[142.7903,-42.48]]]},"properties":{"state":"tas","n":4,"kind":"geochem"}},{"type":"Feature","geometry":{"type":"Polygon","coordinates":[[[147.7786,-39.78],[147.7786,-39.6],[147.6227,-39.51],[147.4668,-39.6],[147.4668,-39.78],[147.6227,-39.87],[147.7786,-39.78]]]},"properties":{"state":"tas","n":4,"kind":"geochem"}},{"type":"Feature","geometry":{"type":"Polygon","coordinates":[[[149.1815,-31.95],[149.1815,-31.77],[149.0257,-31.68],[148.8698,-31.77],[148.8698,-31.95],[149.0257,-32.04],[149.1815,-31.95]]]},"properties":{"state":"nsw","n":5,"kind":"geochem"}},{"type":"Feature","geometry":{"type":"Polygon","coordinates":[[[142.6344,-30.33],[142.6344,-30.15],[142.4785,-30.06],[142.3226,-30.15],[142.3226,-30.33],[142.4785,-30.42],[142.6344,-30.33]]]},"properties":{"state":"nsw","n":5,"kind":"geochem"}},{"type":"Feature","geometry":{"type":"Polygon","coordinates":[[[145.5962,-29.52],[145.5962,-29.34],[145.4403,-29.25],[145.2844,-29.34],[145.2844,-29.52],[145.4403,-29.61],[145.5962,-29.52]]]},"properties":{"state":"nsw","n":5,"kind":"geochem"}},{"type":"Feature","geometry":{"type":"Polygon","coordinates":[[[142.4785,-32.22],[142.4785,-32.04],[142.3226,-31.95],[142.1667,-32.04],[142.1667,-32.22],[142.3226,-32.31],[142.4785,-32.22]]]},"properties":{"state":"nsw","n":5,"kind":"geochem"}},{"type":"Feature","geometry":{"type":"Polygon","coordinates":[[[144.6609,-30.06],[144.6609,-29.88],[144.505,-29.79],[144.3491,-29.88],[144.3491,-30.06],[144.505,-30.15],[144.6609,-30.06]]]},"properties":{"state":"nsw","n":5,"kind":"geochem"}},{"type":"Feature","geometry":{"type":"Polygon","coordinates":[[[147.4668,-31.68],[147.4668,-31.5],[147.3109,-31.41],[147.155,-31.5],[147.155,-31.68],[147.3109,-31.77],[147.4668,-31.68]]]},"properties":{"state":"nsw","n":5,"kind":"geochem"}},{"type":"Feature","geometry":{"type":"Polygon","coordinates":[[[143.2579,-34.65],[143.2579,-34.47],[143.102,-34.38],[142.9462,-34.47],[142.9462,-34.65],[143.102,-34.74],[143.2579,-34.65]]]},"properties":{"state":"nsw","n":5,"kind":"geochem"}},{"type":"Feature","geometry":{"type":"Polygon","coordinates":[[[142.6344,-34.11],[142.6344,-33.93],[142.4785,-33.84],[142.3226,-33.93],[142.3226,-34.11],[142.4785,-34.2],[142.6344,-34.11]]]},"properties":{"state":"nsw","n":5,"kind":"geochem"}},{"type":"Feature","geometry":{"type":"Polygon","coordinates":[[[144.1932,-30.87],[144.1932,-30.69],[144.0373,-30.6],[143.8815,-30.69],[143.8815,-30.87],[144.0373,-30.96],[144.1932,-30.87]]]},"properties":{"state":"nsw","n":5,"kind":"geochem"}},{"type":"Feature","geometry":{"type":"Polygon","coordinates":[[[146.5315,-28.98],[146.5315,-28.8],[146.3756,-28.71],[146.2197,-28.8],[146.2197,-28.98],[146.3756,-29.07],[146.5315,-28.98]]]},"properties":{"state":"nsw","n":5,"kind":"geochem"}},{"type":"Feature","geometry":{"type":"Polygon","coordinates":[[[141.0755,-30.87],[141.0755,-30.69],[140.9197,-30.6],[140.7638,-30.69],[140.7638,-30.87],[140.9197,-30.96],[141.0755,-30.87]]]},"properties":{"state":"nsw","n":5,"kind":"geochem"}},{"type":"Feature","geometry":{"type":"Polygon","coordinates":[[[147.6227,-30.33],[147.6227,-30.15],[147.4668,-30.06],[147.3109,-30.15],[147.3109,-30.33],[147.4668,-30.42],[147.6227,-30.33]]]},"properties":{"state":"nsw","n":5,"kind":"geochem"}},{"type":"Feature","geometry":{"type":"Polygon","coordinates":[[[147.6227,-36.27],[147.6227,-36.09],[147.4668,-36.0],[147.3109,-36.09],[147.3109,-36.27],[147.4668,-36.36],[147.6227,-36.27]]]},"properties":{"state":"nsw","n":5,"kind":"geochem"}},{"type":"Feature","geometry":{"type":"Polygon","coordinates":[[[151.208,-33.84],[151.208,-33.66],[151.0522,-33.57],[150.8963,-33.66],[150.8963,-33.84],[151.0522,-33.93],[151.208,-33.84]]]},"properties":{"state":"nsw","n":5,"kind":"geochem"}},{"type":"Feature","geometry":{"type":"Polygon","coordinates":[[[152.9228,-31.95],[152.9228,-31.77],[152.7669,-31.68],[152.611,-31.77],[152.611,-31.95],[152.7669,-32.04],[152.9228,-31.95]]]},"properties":{"state":"nsw","n":5,"kind":"geochem"}},{"type":"Feature","geometry":{"type":"Polygon","coordinates":[[[151.5198,-28.98],[151.5198,-28.8],[151.3639,-28.71],[151.208,-28.8],[151.208,-28.98],[151.3639,-29.07],[151.5198,-28.98]]]},"properties":{"state":"nsw","n":5,"kind":"geochem"}},{"type":"Feature","geometry":{"type":"Polygon","coordinates":[[[145.2844,-36.54],[145.2844,-36.36],[145.1285,-36.27],[144.9727,-36.36],[144.9727,-36.54],[145.1285,-36.63],[145.2844,-36.54]]]},"properties":{"state":"vic","n":5,"kind":"geochem"}},{"type":"Feature","geometry":{"type":"Polygon","coordinates":[[[146.2197,-36.54],[146.2197,-36.36],[146.0638,-36.27],[145.908,-36.36],[145.908,-36.54],[146.0638,-36.63],[146.2197,-36.54]]]},"properties":{"state":"vic","n":5,"kind":"geochem"}},{"type":"Feature","geometry":{"type":"Polygon","coordinates":[[[130.943,-19.26],[130.943,-19.08],[130.7872,-18.99],[130.6313,-19.08],[130.6313,-19.26],[130.7872,-19.35],[130.943,-19.26]]]},"properties":{"state":"nt","n":5,"kind":"geochem"}},{"type":"Feature","geometry":{"type":"Polygon","coordinates":[[[132.9695,-12.51],[132.9695,-12.33],[132.8137,-12.24],[132.6578,-12.33],[132.6578,-12.51],[132.8137,-12.6],[132.9695,-12.51]]]},"properties":{"state":"nt","n":5,"kind":"geochem"}},{"type":"Feature","geometry":{"type":"Polygon","coordinates":[[[137.4902,-22.5],[137.4902,-22.32],[137.3343,-22.23],[137.1784,-22.32],[137.1784,-22.5],[137.3343,-22.59],[137.4902,-22.5]]]},"properties":{"state":"nt","n":5,"kind":"geochem"}},{"type":"Feature","geometry":{"type":"Polygon","coordinates":[[[132.1901,-15.48],[132.1901,-15.3],[132.0342,-15.21],[131.8783,-15.3],[131.8783,-15.48],[132.0342,-15.57],[132.1901,-15.48]]]},"properties":{"state":"nt","n":5,"kind":"geochem"}},{"type":"Feature","geometry":{"type":"Polygon","coordinates":[[[131.4107,-15.75],[131.4107,-15.57],[131.2548,-15.48],[131.0989,-15.57],[131.0989,-15.75],[131.2548,-15.84],[131.4107,-15.75]]]},"properties":{"state":"nt","n":5,"kind":"geochem"}},{"type":"Feature","geometry":{"type":"Polygon","coordinates":[[[131.0989,-14.67],[131.0989,-14.49],[130.943,-14.4],[130.7872,-14.49],[130.7872,-14.67],[130.943,-14.76],[131.0989,-14.67]]]},"properties":{"state":"nt","n":5,"kind":"geochem"}},{"type":"Feature","geometry":{"type":"Polygon","coordinates":[[[131.8783,-14.4],[131.8783,-14.22],[131.7225,-14.13],[131.5666,-14.22],[131.5666,-14.4],[131.7225,-14.49],[131.8783,-14.4]]]},"properties":{"state":"nt","n":5,"kind":"geochem"}},{"type":"Feature","geometry":{"type":"Polygon","coordinates":[[[134.8402,-24.39],[134.8402,-24.21],[134.6843,-24.12],[134.5284,-24.21],[134.5284,-24.39],[134.6843,-24.48],[134.8402,-24.39]]]},"properties":{"state":"nt","n":5,"kind":"geochem"}},{"type":"Feature","geometry":{"type":"Polygon","coordinates":[[[133.9048,-22.23],[133.9048,-22.05],[133.749,-21.96],[133.5931,-22.05],[133.5931,-22.23],[133.749,-22.32],[133.9048,-22.23]]]},"properties":{"state":"nt","n":5,"kind":"geochem"}},{"type":"Feature","geometry":{"type":"Polygon","coordinates":[[[130.943,-23.58],[130.943,-23.4],[130.7872,-23.31],[130.6313,-23.4],[130.6313,-23.58],[130.7872,-23.67],[130.943,-23.58]]]},"properties":{"state":"nt","n":5,"kind":"geochem"}},{"type":"Feature","geometry":{"type":"Polygon","coordinates":[[[136.2431,-20.34],[136.2431,-20.16],[136.0872,-20.07],[135.9313,-20.16],[135.9313,-20.34],[136.0872,-20.43],[136.2431,-20.34]]]},"properties":{"state":"nt","n":5,"kind":"geochem"}},{"type":"Feature","geometry":{"type":"Polygon","coordinates":[[[134.0607,-16.56],[134.0607,-16.38],[133.9048,-16.29],[133.749,-16.38],[133.749,-16.56],[133.9048,-16.65],[134.0607,-16.56]]]},"properties":{"state":"nt","n":5,"kind":"geochem"}},{"type":"Feature","geometry":{"type":"Polygon","coordinates":[[[137.0225,-20.07],[137.0225,-19.89],[136.8667,-19.8],[136.7108,-19.89],[136.7108,-20.07],[136.8667,-20.16],[137.0225,-20.07]]]},"properties":{"state":"nt","n":5,"kind":"geochem"}},{"type":"Feature","geometry":{"type":"Polygon","coordinates":[[[136.5549,-13.32],[136.5549,-13.14],[136.399,-13.05],[136.2431,-13.14],[136.2431,-13.32],[136.399,-13.41],[136.5549,-13.32]]]},"properties":{"state":"nt","n":5,"kind":"geochem"}},{"type":"Feature","geometry":{"type":"Polygon","coordinates":[[[137.4902,-32.22],[137.4902,-32.04],[137.3343,-31.95],[137.1784,-32.04],[137.1784,-32.22],[137.3343,-32.31],[137.4902,-32.22]]]},"properties":{"state":"sa","n":5,"kind":"geochem"}},{"type":"Feature","geometry":{"type":"Polygon","coordinates":[[[137.802,-36.0],[137.802,-35.82],[137.6461,-35.73],[137.4902,-35.82],[137.4902,-36.0],[137.6461,-36.09],[137.802,-36.0]]]},"properties":{"state":"sa","n":5,"kind":"geochem"}},{"type":"Feature","geometry":{"type":"Polygon","coordinates":[[[139.5167,-27.63],[139.5167,-27.45],[139.3608,-27.36],[139.2049,-27.45],[139.2049,-27.63],[139.3608,-27.72],[139.5167,-27.63]]]},"properties":{"state":"sa","n":5,"kind":"geochem"}},{"type":"Feature","geometry":{"type":"Polygon","coordinates":[[[131.8783,-30.6],[131.8783,-30.42],[131.7225,-30.33],[131.5666,-30.42],[131.5666,-30.6],[131.7225,-30.69],[131.8783,-30.6]]]},"properties":{"state":"sa","n":5,"kind":"geochem"}},{"type":"Feature","geometry":{"type":"Polygon","coordinates":[[[132.1901,-30.6],[132.1901,-30.42],[132.0342,-30.33],[131.8783,-30.42],[131.8783,-30.6],[132.0342,-30.69],[132.1901,-30.6]]]},"properties":{"state":"sa","n":5,"kind":"geochem"}},{"type":"Feature","geometry":{"type":"Polygon","coordinates":[[[139.9843,-31.68],[139.9843,-31.5],[139.8285,-31.41],[139.6726,-31.5],[139.6726,-31.68],[139.8285,-31.77],[139.9843,-31.68]]]},"properties":{"state":"sa","n":5,"kind":"geochem"}},{"type":"Feature","geometry":{"type":"Polygon","coordinates":[[[137.9578,-31.95],[137.9578,-31.77],[137.802,-31.68],[137.6461,-31.77],[137.6461,-31.95],[137.802,-32.04],[137.9578,-31.95]]]},"properties":{"state":"sa","n":5,"kind":"geochem"}},{"type":"Feature","geometry":{"type":"Polygon","coordinates":[[[137.4902,-30.06],[137.4902,-29.88],[137.3343,-29.79],[137.1784,-29.88],[137.1784,-30.06],[137.3343,-30.15],[137.4902,-30.06]]]},"properties":{"state":"sa","n":5,"kind":"geochem"}},{"type":"Feature","geometry":{"type":"Polygon","coordinates":[[[134.0607,-28.44],[134.0607,-28.26],[133.9048,-28.17],[133.749,-28.26],[133.749,-28.44],[133.9048,-28.53],[134.0607,-28.44]]]},"properties":{"state":"sa","n":5,"kind":"geochem"}},{"type":"Feature","geometry":{"type":"Polygon","coordinates":[[[133.2813,-31.41],[133.2813,-31.23],[133.1254,-31.14],[132.9695,-31.23],[132.9695,-31.41],[133.1254,-31.5],[133.2813,-31.41]]]},"properties":{"state":"sa","n":5,"kind":"geochem"}},{"type":"Feature","geometry":{"type":"Polygon","coordinates":[[[140.6079,-30.06],[140.6079,-29.88],[140.452,-29.79],[140.2961,-29.88],[140.2961,-30.06],[140.452,-30.15],[140.6079,-30.06]]]},"properties":{"state":"sa","n":5,"kind":"geochem"}},{"type":"Feature","geometry":{"type":"Polygon","coordinates":[[[147.4668,-40.86],[147.4668,-40.68],[147.3109,-40.59],[147.155,-40.68],[147.155,-40.86],[147.3109,-40.95],[147.4668,-40.86]]]},"properties":{"state":"tas","n":5,"kind":"geochem"}},{"type":"Feature","geometry":{"type":"Polygon","coordinates":[[[145.4403,-40.05],[145.4403,-39.87],[145.2844,-39.78],[145.1285,-39.87],[145.1285,-40.05],[145.2844,-40.14],[145.4403,-40.05]]]},"properties":{"state":"tas","n":5,"kind":"geochem"}},{"type":"Feature","geometry":{"type":"Polygon","coordinates":[[[144.6609,-40.32],[144.6609,-40.14],[144.505,-40.05],[144.3491,-40.14],[144.3491,-40.32],[144.505,-40.41],[144.6609,-40.32]]]},"properties":{"state":"tas","n":5,"kind":"geochem"}},{"type":"Feature","geometry":{"type":"Polygon","coordinates":[[[142.4785,-40.86],[142.4785,-40.68],[142.3226,-40.59],[142.1667,-40.68],[142.1667,-40.86],[142.3226,-40.95],[142.4785,-40.86]]]},"properties":{"state":"tas","n":5,"kind":"geochem"}},{"type":"Feature","geometry":{"type":"Polygon","coordinates":[[[144.0373,-42.48],[144.0373,-42.3],[143.8815,-42.21],[143.7256,-42.3],[143.7256,-42.48],[143.8815,-42.57],[144.0373,-42.48]]]},"properties":{"state":"tas","n":5,"kind":"geochem"}},{"type":"Feature","geometry":{"type":"Polygon","coordinates":[[[145.1285,-43.83],[145.1285,-43.65],[144.9727,-43.56],[144.8168,-43.65],[144.8168,-43.83],[144.9727,-43.92],[145.1285,-43.83]]]},"properties":{"state":"tas","n":5,"kind":"geochem"}},{"type":"Feature","geometry":{"type":"Polygon","coordinates":[[[147.155,-39.24],[147.155,-39.06],[146.9992,-38.97],[146.8433,-39.06],[146.8433,-39.24],[146.9992,-39.33],[147.155,-39.24]]]},"properties":{"state":"tas","n":5,"kind":"geochem"}},{"type":"Feature","geometry":{"type":"Polygon","coordinates":[[[141.2314,-33.3],[141.2314,-33.12],[141.0755,-33.03],[140.9197,-33.12],[140.9197,-33.3],[141.0755,-33.39],[141.2314,-33.3]]]},"properties":{"state":"nsw","n":6,"kind":"geochem"}},{"type":"Feature","geometry":{"type":"Polygon","coordinates":[[[149.961,-30.6],[149.961,-30.42],[149.8051,-30.33],[149.6492,-30.42],[149.6492,-30.6],[149.8051,-30.69],[149.961,-30.6]]]},"properties":{"state":"nsw","n":6,"kind":"geochem"}},{"type":"Feature","geometry":{"type":"Polygon","coordinates":[[[144.3491,-32.76],[144.3491,-32.58],[144.1932,-32.49],[144.0373,-32.58],[144.0373,-32.76],[144.1932,-32.85],[144.3491,-32.76]]]},"properties":{"state":"nsw","n":6,"kind":"geochem"}},{"type":"Feature","geometry":{"type":"Polygon","coordinates":[[[149.3374,-31.14],[149.3374,-30.96],[149.1815,-30.87],[149.0257,-30.96],[149.0257,-31.14],[149.1815,-31.23],[149.3374,-31.14]]]},"properties":{"state":"nsw","n":6,"kind":"geochem"}},{"type":"Feature","geometry":{"type":"Polygon","coordinates":[[[144.9727,-30.06],[144.9727,-29.88],[144.8168,-29.79],[144.6609,-29.88],[144.6609,-30.06],[144.8168,-30.15],[144.9727,-30.06]]]},"properties":{"state":"nsw","n":6,"kind":"geochem"}},{"type":"Feature","geometry":{"type":"Polygon","coordinates":[[[141.855,-30.6],[141.855,-30.42],[141.6991,-30.33],[141.5432,-30.42],[141.5432,-30.6],[141.6991,-30.69],[141.855,-30.6]]]},"properties":{"state":"nsw","n":6,"kind":"geochem"}},{"type":"Feature","geometry":{"type":"Polygon","coordinates":[[[145.1285,-29.79],[145.1285,-29.61],[144.9727,-29.52],[144.8168,-29.61],[144.8168,-29.79],[144.9727,-29.88],[145.1285,-29.79]]]},"properties":{"state":"nsw","n":6,"kind":"geochem"}},{"type":"Feature","geometry":{"type":"Polygon","coordinates":[[[141.0755,-31.41],[141.0755,-31.23],[140.9197,-31.14],[140.7638,-31.23],[140.7638,-31.41],[140.9197,-31.5],[141.0755,-31.41]]]},"properties":{"state":"nsw","n":6,"kind":"geochem"}},{"type":"Feature","geometry":{"type":"Polygon","coordinates":[[[147.4668,-31.14],[147.4668,-30.96],[147.3109,-30.87],[147.155,-30.96],[147.155,-31.14],[147.3109,-31.23],[147.4668,-31.14]]]},"properties":{"state":"nsw","n":6,"kind":"geochem"}},{"type":"Feature","geometry":{"type":"Polygon","coordinates":[[[147.155,-30.06],[147.155,-29.88],[146.9992,-29.79],[146.8433,-29.88],[146.8433,-30.06],[146.9992,-30.15],[147.155,-30.06]]]},"properties":{"state":"nsw","n":6,"kind":"geochem"}},{"type":"Feature","geometry":{"type":"Polygon","coordinates":[[[150.7404,-29.25],[150.7404,-29.07],[150.5845,-28.98],[150.4286,-29.07],[150.4286,-29.25],[150.5845,-29.34],[150.7404,-29.25]]]},"properties":{"state":"nsw","n":6,"kind":"geochem"}},{"type":"Feature","geometry":{"type":"Polygon","coordinates":[[[143.2579,-31.41],[143.2579,-31.23],[143.102,-31.14],[142.9462,-31.23],[142.9462,-31.41],[143.102,-31.5],[143.2579,-31.41]]]},"properties":{"state":"nsw","n":6,"kind":"geochem"}},{"type":"Feature","geometry":{"type":"Polygon","coordinates":[[[151.208,-34.38],[151.208,-34.2],[151.0522,-34.11],[150.8963,-34.2],[150.8963,-34.38],[151.0522,-34.47],[151.208,-34.38]]]},"properties":{"state":"nsw","n":6,"kind":"geochem"}},{"type":"Feature","geometry":{"type":"Polygon","coordinates":[[[150.8963,-34.92],[150.8963,-34.74],[150.7404,-34.65],[150.5845,-34.74],[150.5845,-34.92],[150.7404,-35.01],[150.8963,-34.92]]]},"properties":{"state":"nsw","n":6,"kind":"geochem"}},{"type":"Feature","geometry":{"type":"Polygon","coordinates":[[[149.4933,-31.41],[149.4933,-31.23],[149.3374,-31.14],[149.1815,-31.23],[149.1815,-31.41],[149.3374,-31.5],[149.4933,-31.41]]]},"properties":{"state":"nsw","n":6,"kind":"geochem"}},{"type":"Feature","geometry":{"type":"Polygon","coordinates":[[[137.802,-20.88],[137.802,-20.7],[137.6461,-20.61],[137.4902,-20.7],[137.4902,-20.88],[137.6461,-20.97],[137.802,-20.88]]]},"properties":{"state":"nt","n":6,"kind":"geochem"}},{"type":"Feature","geometry":{"type":"Polygon","coordinates":[[[132.8137,-12.78],[132.8137,-12.6],[132.6578,-12.51],[132.5019,-12.6],[132.5019,-12.78],[132.6578,-12.87],[132.8137,-12.78]]]},"properties":{"state":"nt","n":6,"kind":"geochem"}},{"type":"Feature","geometry":{"type":"Polygon","coordinates":[[[134.996,-16.56],[134.996,-16.38],[134.8402,-16.29],[134.6843,-16.38],[134.6843,-16.56],[134.8402,-16.65],[134.996,-16.56]]]},"properties":{"state":"nt","n":6,"kind":"geochem"}},{"type":"Feature","geometry":{"type":"Polygon","coordinates":[[[133.4372,-23.04],[133.4372,-22.86],[133.2813,-22.77],[133.1254,-22.86],[133.1254,-23.04],[133.2813,-23.13],[133.4372,-23.04]]]},"properties":{"state":"nt","n":6,"kind":"geochem"}},{"type":"Feature","geometry":{"type":"Polygon","coordinates":[[[129.8518,-15.75],[129.8518,-15.57],[129.696,-15.48],[129.5401,-15.57],[129.5401,-15.75],[129.696,-15.84],[129.8518,-15.75]]]},"properties":{"state":"nt","n":6,"kind":"geochem"}},{"type":"Feature","geometry":{"type":"Polygon","coordinates":[[[132.5019,-24.12],[132.5019,-23.94],[132.346,-23.85],[132.1901,-23.94],[132.1901,-24.12],[132.346,-24.21],[132.5019,-24.12]]]},"properties":{"state":"nt","n":6,"kind":"geochem"}},{"type":"Feature","geometry":{"type":"Polygon","coordinates":[[[132.346,-15.21],[132.346,-15.03],[132.1901,-14.94],[132.0342,-15.03],[132.0342,-15.21],[132.1901,-15.3],[132.346,-15.21]]]},"properties":{"state":"nt","n":6,"kind":"geochem"}},{"type":"Feature","geometry":{"type":"Polygon","coordinates":[[[130.0077,-14.94],[130.0077,-14.76],[129.8518,-14.67],[129.696,-14.76],[129.696,-14.94],[129.8518,-15.03],[130.0077,-14.94]]]},"properties":{"state":"nt","n":6,"kind":"geochem"}},{"type":"Feature","geometry":{"type":"Polygon","coordinates":[[[133.1254,-23.04],[133.1254,-22.86],[132.9695,-22.77],[132.8137,-22.86],[132.8137,-23.04],[132.9695,-23.13],[133.1254,-23.04]]]},"properties":{"state":"nt","n":6,"kind":"geochem"}},{"type":"Feature","geometry":{"type":"Polygon","coordinates":[[[134.5284,-21.69],[134.5284,-21.51],[134.3725,-21.42],[134.2166,-21.51],[134.2166,-21.69],[134.3725,-21.78],[134.5284,-21.69]]]},"properties":{"state":"nt","n":6,"kind":"geochem"}},{"type":"Feature","geometry":{"type":"Polygon","coordinates":[[[134.3725,-18.18],[134.3725,-18.0],[134.2166,-17.91],[134.0607,-18.0],[134.0607,-18.18],[134.2166,-18.27],[134.3725,-18.18]]]},"properties":{"state":"nt","n":6,"kind":"geochem"}},{"type":"Feature","geometry":{"type":"Polygon","coordinates":[[[134.2166,-22.77],[134.2166,-22.59],[134.0607,-22.5],[133.9048,-22.59],[133.9048,-22.77],[134.0607,-22.86],[134.2166,-22.77]]]},"properties":{"state":"nt","n":6,"kind":"geochem"}},{"type":"Feature","geometry":{"type":"Polygon","coordinates":[[[133.749,-19.8],[133.749,-19.62],[133.5931,-19.53],[133.4372,-19.62],[133.4372,-19.8],[133.5931,-19.89],[133.749,-19.8]]]},"properties":{"state":"nt","n":6,"kind":"geochem"}},{"type":"Feature","geometry":{"type":"Polygon","coordinates":[[[136.8667,-19.8],[136.8667,-19.62],[136.7108,-19.53],[136.5549,-19.62],[136.5549,-19.8],[136.7108,-19.89],[136.8667,-19.8]]]},"properties":{"state":"nt","n":6,"kind":"geochem"}},{"type":"Feature","geometry":{"type":"Polygon","coordinates":[[[131.5666,-30.6],[131.5666,-30.42],[131.4107,-30.33],[131.2548,-30.42],[131.2548,-30.6],[131.4107,-30.69],[131.5666,-30.6]]]},"properties":{"state":"sa","n":6,"kind":"geochem"}},{"type":"Feature","geometry":{"type":"Polygon","coordinates":[[[137.802,-30.06],[137.802,-29.88],[137.6461,-29.79],[137.4902,-29.88],[137.4902,-30.06],[137.6461,-30.15],[137.802,-30.06]]]},"properties":{"state":"sa","n":6,"kind":"geochem"}},{"type":"Feature","geometry":{"type":"Polygon","coordinates":[[[132.346,-30.33],[132.346,-30.15],[132.1901,-30.06],[132.0342,-30.15],[132.0342,-30.33],[132.1901,-30.42],[132.346,-30.33]]]},"properties":{"state":"sa","n":6,"kind":"geochem"}},{"type":"Feature","geometry":{"type":"Polygon","coordinates":[[[131.7225,-31.41],[131.7225,-31.23],[131.5666,-31.14],[131.4107,-31.23],[131.4107,-31.41],[131.5666,-31.5],[131.7225,-31.41]]]},"properties":{"state":"sa","n":6,"kind":"geochem"}},{"type":"Feature","geometry":{"type":"Polygon","coordinates":[[[140.452,-37.35],[140.452,-37.17],[140.2961,-37.08],[140.1402,-37.17],[140.1402,-37.35],[140.2961,-37.44],[140.452,-37.35]]]},"properties":{"state":"sa","n":6,"kind":"geochem"}},{"type":"Feature","geometry":{"type":"Polygon","coordinates":[[[140.452,-28.71],[140.452,-28.53],[140.2961,-28.44],[140.1402,-28.53],[140.1402,-28.71],[140.2961,-28.8],[140.452,-28.71]]]},"properties":{"state":"sa","n":6,"kind":"geochem"}},{"type":"Feature","geometry":{"type":"Polygon","coordinates":[[[140.9197,-34.92],[140.9197,-34.74],[140.7638,-34.65],[140.6079,-34.74],[140.6079,-34.92],[140.7638,-35.01],[140.9197,-34.92]]]},"properties":{"state":"sa","n":6,"kind":"geochem"}},{"type":"Feature","geometry":{"type":"Polygon","coordinates":[[[138.4255,-30.06],[138.4255,-29.88],[138.2696,-29.79],[138.1137,-29.88],[138.1137,-30.06],[138.2696,-30.15],[138.4255,-30.06]]]},"properties":{"state":"sa","n":6,"kind":"geochem"}},{"type":"Feature","geometry":{"type":"Polygon","coordinates":[[[134.3725,-26.28],[134.3725,-26.1],[134.2166,-26.01],[134.0607,-26.1],[134.0607,-26.28],[134.2166,-26.37],[134.3725,-26.28]]]},"properties":{"state":"sa","n":6,"kind":"geochem"}},{"type":"Feature","geometry":{"type":"Polygon","coordinates":[[[137.6461,-35.19],[137.6461,-35.01],[137.4902,-34.92],[137.3343,-35.01],[137.3343,-35.19],[137.4902,-35.28],[137.6461,-35.19]]]},"properties":{"state":"sa","n":6,"kind":"geochem"}},{"type":"Feature","geometry":{"type":"Polygon","coordinates":[[[133.5931,-28.17],[133.5931,-27.99],[133.4372,-27.9],[133.2813,-27.99],[133.2813,-28.17],[133.4372,-28.26],[133.5931,-28.17]]]},"properties":{"state":"sa","n":6,"kind":"geochem"}},{"type":"Feature","geometry":{"type":"Polygon","coordinates":[[[140.7638,-29.79],[140.7638,-29.61],[140.6079,-29.52],[140.452,-29.61],[140.452,-29.79],[140.6079,-29.88],[140.7638,-29.79]]]},"properties":{"state":"sa","n":6,"kind":"geochem"}},{"type":"Feature","geometry":{"type":"Polygon","coordinates":[[[144.8168,-43.29],[144.8168,-43.11],[144.6609,-43.02],[144.505,-43.11],[144.505,-43.29],[144.6609,-43.38],[144.8168,-43.29]]]},"properties":{"state":"tas","n":6,"kind":"geochem"}},{"type":"Feature","geometry":{"type":"Polygon","coordinates":[[[147.6227,-39.51],[147.6227,-39.33],[147.4668,-39.24],[147.3109,-39.33],[147.3109,-39.51],[147.4668,-39.6],[147.6227,-39.51]]]},"properties":{"state":"tas","n":6,"kind":"geochem"}},{"type":"Feature","geometry":{"type":"Polygon","coordinates":[[[145.7521,-35.73],[145.7521,-35.55],[145.5962,-35.46],[145.4403,-35.55],[145.4403,-35.73],[145.5962,-35.82],[145.7521,-35.73]]]},"properties":{"state":"nsw","n":7,"kind":"geochem"}},{"type":"Feature","geometry":{"type":"Polygon","coordinates":[[[150.2727,-32.22],[150.2727,-32.04],[150.1168,-31.95],[149.961,-32.04],[149.961,-32.22],[150.1168,-32.31],[150.2727,-32.22]]]},"properties":{"state":"nsw","n":7,"kind":"geochem"}},{"type":"Feature","geometry":{"type":"Polygon","coordinates":[[[148.7139,-37.08],[148.7139,-36.9],[148.558,-36.81],[148.4021,-36.9],[148.4021,-37.08],[148.558,-37.17],[148.7139,-37.08]]]},"properties":{"state":"nsw","n":7,"kind":"geochem"}},{"type":"Feature","geometry":{"type":"Polygon","coordinates":[[[153.5463,-29.79],[153.5463,-29.61],[153.3904,-29.52],[153.2345,-29.61],[153.2345,-29.79],[153.3904,-29.88],[153.5463,-29.79]]]},"properties":{"state":"nsw","n":7,"kind":"geochem"}},{"type":"Feature","geometry":{"type":"Polygon","coordinates":[[[143.7256,-30.6],[143.7256,-30.42],[143.5697,-30.33],[143.4138,-30.42],[143.4138,-30.6],[143.5697,-30.69],[143.7256,-30.6]]]},"properties":{"state":"nsw","n":7,"kind":"geochem"}},{"type":"Feature","geometry":{"type":"Polygon","coordinates":[[[142.9462,-34.11],[142.9462,-33.93],[142.7903,-33.84],[142.6344,-33.93],[142.6344,-34.11],[142.7903,-34.2],[142.9462,-34.11]]]},"properties":{"state":"nsw","n":7,"kind":"geochem"}},{"type":"Feature","geometry":{"type":"Polygon","coordinates":[[[150.4286,-31.95],[150.4286,-31.77],[150.2727,-31.68],[150.1168,-31.77],[150.1168,-31.95],[150.2727,-32.04],[150.4286,-31.95]]]},"properties":{"state":"nsw","n":7,"kind":"geochem"}},{"type":"Feature","geometry":{"type":"Polygon","coordinates":[[[144.0373,-32.22],[144.0373,-32.04],[143.8815,-31.95],[143.7256,-32.04],[143.7256,-32.22],[143.8815,-32.31],[144.0373,-32.22]]]},"properties":{"state":"nsw","n":7,"kind":"geochem"}},{"type":"Feature","geometry":{"type":"Polygon","coordinates":[[[150.8963,-33.84],[150.8963,-33.66],[150.7404,-33.57],[150.5845,-33.66],[150.5845,-33.84],[150.7404,-33.93],[150.8963,-33.84]]]},"properties":{"state":"nsw","n":7,"kind":"geochem"}},{"type":"Feature","geometry":{"type":"Polygon","coordinates":[[[142.4785,-31.68],[142.4785,-31.5],[142.3226,-31.41],[142.1667,-31.5],[142.1667,-31.68],[142.3226,-31.77],[142.4785,-31.68]]]},"properties":{"state":"nsw","n":7,"kind":"geochem"}},{"type":"Feature","geometry":{"type":"Polygon","coordinates":[[[137.0225,-20.61],[137.0225,-20.43],[136.8667,-20.34],[136.7108,-20.43],[136.7108,-20.61],[136.8667,-20.7],[137.0225,-20.61]]]},"properties":{"state":"nt","n":7,"kind":"geochem"}},{"type":"Feature","geometry":{"type":"Polygon","coordinates":[[[135.6196,-18.72],[135.6196,-18.54],[135.4637,-18.45],[135.3078,-18.54],[135.3078,-18.72],[135.4637,-18.81],[135.6196,-18.72]]]},"properties":{"state":"nt","n":7,"kind":"geochem"}},{"type":"Feature","geometry":{"type":"Polygon","coordinates":[[[133.5931,-19.53],[133.5931,-19.35],[133.4372,-19.26],[133.2813,-19.35],[133.2813,-19.53],[133.4372,-19.62],[133.5931,-19.53]]]},"properties":{"state":"nt","n":7,"kind":"geochem"}},{"type":"Feature","geometry":{"type":"Polygon","coordinates":[[[133.5931,-16.29],[133.5931,-16.11],[133.4372,-16.02],[133.2813,-16.11],[133.2813,-16.29],[133.4372,-16.38],[133.5931,-16.29]]]},"properties":{"state":"nt","n":7,"kind":"geochem"}},{"type":"Feature","geometry":{"type":"Polygon","coordinates":[[[135.1519,-24.39],[135.1519,-24.21],[134.996,-24.12],[134.8402,-24.21],[134.8402,-24.39],[134.996,-24.48],[135.1519,-24.39]]]},"properties":{"state":"nt","n":7,"kind":"geochem"}},{"type":"Feature","geometry":{"type":"Polygon","coordinates":[[[130.0077,-18.18],[130.0077,-18.0],[129.8518,-17.91],[129.696,-18.0],[129.696,-18.18],[129.8518,-18.27],[130.0077,-18.18]]]},"properties":{"state":"nt","n":7,"kind":"geochem"}},{"type":"Feature","geometry":{"type":"Polygon","coordinates":[[[130.1636,-16.29],[130.1636,-16.11],[130.0077,-16.02],[129.8518,-16.11],[129.8518,-16.29],[130.0077,-16.38],[130.1636,-16.29]]]},"properties":{"state":"nt","n":7,"kind":"geochem"}},{"type":"Feature","geometry":{"type":"Polygon","coordinates":[[[130.1636,-15.75],[130.1636,-15.57],[130.0077,-15.48],[129.8518,-15.57],[129.8518,-15.75],[130.0077,-15.84],[130.1636,-15.75]]]},"properties":{"state":"nt","n":7,"kind":"geochem"}},{"type":"Feature","geometry":{"type":"Polygon","coordinates":[[[132.0342,-15.75],[132.0342,-15.57],[131.8783,-15.48],[131.7225,-15.57],[131.7225,-15.75],[131.8783,-15.84],[132.0342,-15.75]]]},"properties":{"state":"nt","n":7,"kind":"geochem"}},{"type":"Feature","geometry":{"type":"Polygon","coordinates":[[[134.8402,-21.15],[134.8402,-20.97],[134.6843,-20.88],[134.5284,-20.97],[134.5284,-21.15],[134.6843,-21.24],[134.8402,-21.15]]]},"properties":{"state":"nt","n":7,"kind":"geochem"}},{"type":"Feature","geometry":{"type":"Polygon","coordinates":[[[129.3842,-23.58],[129.3842,-23.4],[129.2283,-23.31],[129.0724,-23.4],[129.0724,-23.58],[129.2283,-23.67],[129.3842,-23.58]]]},"properties":{"state":"nt","n":7,"kind":"geochem"}},{"type":"Feature","geometry":{"type":"Polygon","coordinates":[[[133.4372,-25.74],[133.4372,-25.56],[133.2813,-25.47],[133.1254,-25.56],[133.1254,-25.74],[133.2813,-25.83],[133.4372,-25.74]]]},"properties":{"state":"nt","n":7,"kind":"geochem"}},{"type":"Feature","geometry":{"type":"Polygon","coordinates":[[[136.2431,-12.78],[136.2431,-12.6],[136.0872,-12.51],[135.9313,-12.6],[135.9313,-12.78],[136.0872,-12.87],[136.2431,-12.78]]]},"properties":{"state":"nt","n":7,"kind":"geochem"}},{"type":"Feature","geometry":{"type":"Polygon","coordinates":[[[135.6196,-28.44],[135.6196,-28.26],[135.4637,-28.17],[135.3078,-28.26],[135.3078,-28.44],[135.4637,-28.53],[135.6196,-28.44]]]},"properties":{"state":"sa","n":7,"kind":"geochem"}},{"type":"Feature","geometry":{"type":"Polygon","coordinates":[[[134.0607,-27.9],[134.0607,-27.72],[133.9048,-27.63],[133.749,-27.72],[133.749,-27.9],[133.9048,-27.99],[134.0607,-27.9]]]},"properties":{"state":"sa","n":7,"kind":"geochem"}},{"type":"Feature","geometry":{"type":"Polygon","coordinates":[[[137.3343,-35.19],[137.3343,-35.01],[137.1784,-34.92],[137.0225,-35.01],[137.0225,-35.19],[137.1784,-35.28],[137.3343,-35.19]]]},"properties":{"state":"sa","n":7,"kind":"geochem"}},{"type":"Feature","geometry":{"type":"Polygon","coordinates":[[[135.9313,-31.68],[135.9313,-31.5],[135.7755,-31.41],[135.6196,-31.5],[135.6196,-31.68],[135.7755,-31.77],[135.9313,-31.68]]]},"properties":{"state":"sa","n":7,"kind":"geochem"}},{"type":"Feature","geometry":{"type":"Polygon","coordinates":[[[138.1137,-33.3],[138.1137,-33.12],[137.9578,-33.03],[137.802,-33.12],[137.802,-33.3],[137.9578,-33.39],[138.1137,-33.3]]]},"properties":{"state":"sa","n":7,"kind":"geochem"}},{"type":"Feature","geometry":{"type":"Polygon","coordinates":[[[136.399,-30.33],[136.399,-30.15],[136.2431,-30.06],[136.0872,-30.15],[136.0872,-30.33],[136.2431,-30.42],[136.399,-30.33]]]},"properties":{"state":"sa","n":7,"kind":"geochem"}},{"type":"Feature","geometry":{"type":"Polygon","coordinates":[[[140.2961,-27.36],[140.2961,-27.18],[140.1402,-27.09],[139.9843,-27.18],[139.9843,-27.36],[140.1402,-27.45],[140.2961,-27.36]]]},"properties":{"state":"sa","n":7,"kind":"geochem"}},{"type":"Feature","geometry":{"type":"Polygon","coordinates":[[[130.7872,-29.79],[130.7872,-29.61],[130.6313,-29.52],[130.4754,-29.61],[130.4754,-29.79],[130.6313,-29.88],[130.7872,-29.79]]]},"properties":{"state":"sa","n":7,"kind":"geochem"}},{"type":"Feature","geometry":{"type":"Polygon","coordinates":[[[134.2166,-33.03],[134.2166,-32.85],[134.0607,-32.76],[133.9048,-32.85],[133.9048,-33.03],[134.0607,-33.12],[134.2166,-33.03]]]},"properties":{"state":"sa","n":7,"kind":"geochem"}},{"type":"Feature","geometry":{"type":"Polygon","coordinates":[[[140.1402,-28.71],[140.1402,-28.53],[139.9843,-28.44],[139.8285,-28.53],[139.8285,-28.71],[139.9843,-28.8],[140.1402,-28.71]]]},"properties":{"state":"sa","n":7,"kind":"geochem"}},{"type":"Feature","geometry":{"type":"Polygon","coordinates":[[[140.1402,-27.63],[140.1402,-27.45],[139.9843,-27.36],[139.8285,-27.45],[139.8285,-27.63],[139.9843,-27.72],[140.1402,-27.63]]]},"properties":{"state":"sa","n":7,"kind":"geochem"}},{"type":"Feature","geometry":{"type":"Polygon","coordinates":[[[146.3756,-43.83],[146.3756,-43.65],[146.2197,-43.56],[146.0638,-43.65],[146.0638,-43.83],[146.2197,-43.92],[146.3756,-43.83]]]},"properties":{"state":"tas","n":7,"kind":"geochem"}},{"type":"Feature","geometry":{"type":"Polygon","coordinates":[[[145.1285,-31.41],[145.1285,-31.23],[144.9727,-31.14],[144.8168,-31.23],[144.8168,-31.41],[144.9727,-31.5],[145.1285,-31.41]]]},"properties":{"state":"nsw","n":8,"kind":"geochem"}},{"type":"Feature","geometry":{"type":"Polygon","coordinates":[[[143.8815,-33.57],[143.8815,-33.39],[143.7256,-33.3],[143.5697,-33.39],[143.5697,-33.57],[143.7256,-33.66],[143.8815,-33.57]]]},"properties":{"state":"nsw","n":8,"kind":"geochem"}},{"type":"Feature","geometry":{"type":"Polygon","coordinates":[[[144.3491,-29.52],[144.3491,-29.34],[144.1932,-29.25],[144.0373,-29.34],[144.0373,-29.52],[144.1932,-29.61],[144.3491,-29.52]]]},"properties":{"state":"nsw","n":8,"kind":"geochem"}},{"type":"Feature","geometry":{"type":"Polygon","coordinates":[[[144.8168,-29.25],[144.8168,-29.07],[144.6609,-28.98],[144.505,-29.07],[144.505,-29.25],[144.6609,-29.34],[144.8168,-29.25]]]},"properties":{"state":"nsw","n":8,"kind":"geochem"}},{"type":"Feature","geometry":{"type":"Polygon","coordinates":[[[145.7521,-32.49],[145.7521,-32.31],[145.5962,-32.22],[145.4403,-32.31],[145.4403,-32.49],[145.5962,-32.58],[145.7521,-32.49]]]},"properties":{"state":"nsw","n":8,"kind":"geochem"}},{"type":"Feature","geometry":{"type":"Polygon","coordinates":[[[143.102,-34.38],[143.102,-34.2],[142.9462,-34.11],[142.7903,-34.2],[142.7903,-34.38],[142.9462,-34.47],[143.102,-34.38]]]},"properties":{"state":"nsw","n":8,"kind":"geochem"}},{"type":"Feature","geometry":{"type":"Polygon","coordinates":[[[150.7404,-34.11],[150.7404,-33.93],[150.5845,-33.84],[150.4286,-33.93],[150.4286,-34.11],[150.5845,-34.2],[150.7404,-34.11]]]},"properties":{"state":"nsw","n":8,"kind":"geochem"}},{"type":"Feature","geometry":{"type":"Polygon","coordinates":[[[143.5697,-33.03],[143.5697,-32.85],[143.4138,-32.76],[143.2579,-32.85],[143.2579,-33.03],[143.4138,-33.12],[143.5697,-33.03]]]},"properties":{"state":"nsw","n":8,"kind":"geochem"}},{"type":"Feature","geometry":{"type":"Polygon","coordinates":[[[147.4668,-34.92],[147.4668,-34.74],[147.3109,-34.65],[147.155,-34.74],[147.155,-34.92],[147.3109,-35.01],[147.4668,-34.92]]]},"properties":{"state":"nsw","n":8,"kind":"geochem"}},{"type":"Feature","geometry":{"type":"Polygon","coordinates":[[[141.5432,-30.6],[141.5432,-30.42],[141.3873,-30.33],[141.2314,-30.42],[141.2314,-30.6],[141.3873,-30.69],[141.5432,-30.6]]]},"properties":{"state":"nsw","n":8,"kind":"geochem"}},{"type":"Feature","geometry":{"type":"Polygon","coordinates":[[[137.6461,-20.61],[137.6461,-20.43],[137.4902,-20.34],[137.3343,-20.43],[137.3343,-20.61],[137.4902,-20.7],[137.6461,-20.61]]]},"properties":{"state":"nt","n":8,"kind":"geochem"}},{"type":"Feature","geometry":{"type":"Polygon","coordinates":[[[137.6461,-22.23],[137.6461,-22.05],[137.4902,-21.96],[137.3343,-22.05],[137.3343,-22.23],[137.4902,-22.32],[137.6461,-22.23]]]},"properties":{"state":"nt","n":8,"kind":"geochem"}},{"type":"Feature","geometry":{"type":"Polygon","coordinates":[[[137.9578,-22.77],[137.9578,-22.59],[137.802,-22.5],[137.6461,-22.59],[137.6461,-22.77],[137.802,-22.86],[137.9578,-22.77]]]},"properties":{"state":"nt","n":8,"kind":"geochem"}},{"type":"Feature","geometry":{"type":"Polygon","coordinates":[[[132.1901,-16.02],[132.1901,-15.84],[132.0342,-15.75],[131.8783,-15.84],[131.8783,-16.02],[132.0342,-16.11],[132.1901,-16.02]]]},"properties":{"state":"nt","n":8,"kind":"geochem"}},{"type":"Feature","geometry":{"type":"Polygon","coordinates":[[[132.9695,-22.77],[132.9695,-22.59],[132.8137,-22.5],[132.6578,-22.59],[132.6578,-22.77],[132.8137,-22.86],[132.9695,-22.77]]]},"properties":{"state":"nt","n":8,"kind":"geochem"}},{"type":"Feature","geometry":{"type":"Polygon","coordinates":[[[129.8518,-14.67],[129.8518,-14.49],[129.696,-14.4],[129.5401,-14.49],[129.5401,-14.67],[129.696,-14.76],[129.8518,-14.67]]]},"properties":{"state":"nt","n":8,"kind":"geochem"}},{"type":"Feature","geometry":{"type":"Polygon","coordinates":[[[131.4107,-17.91],[131.4107,-17.73],[131.2548,-17.64],[131.0989,-17.73],[131.0989,-17.91],[131.2548,-18.0],[131.4107,-17.91]]]},"properties":{"state":"nt","n":8,"kind":"geochem"}},{"type":"Feature","geometry":{"type":"Polygon","coordinates":[[[131.5666,-16.02],[131.5666,-15.84],[131.4107,-15.75],[131.2548,-15.84],[131.2548,-16.02],[131.4107,-16.11],[131.5666,-16.02]]]},"properties":{"state":"nt","n":8,"kind":"geochem"}},{"type":"Feature","geometry":{"type":"Polygon","coordinates":[[[135.7755,-22.23],[135.7755,-22.05],[135.6196,-21.96],[135.4637,-22.05],[135.4637,-22.23],[135.6196,-22.32],[135.7755,-22.23]]]},"properties":{"state":"nt","n":8,"kind":"geochem"}},{"type":"Feature","geometry":{"type":"Polygon","coordinates":[[[130.0077,-23.58],[130.0077,-23.4],[129.8518,-23.31],[129.696,-23.4],[129.696,-23.58],[129.8518,-23.67],[130.0077,-23.58]]]},"properties":{"state":"nt","n":8,"kind":"geochem"}},{"type":"Feature","geometry":{"type":"Polygon","coordinates":[[[129.3842,-24.66],[129.3842,-24.48],[129.2283,-24.39],[129.0724,-24.48],[129.0724,-24.66],[129.2283,-24.75],[129.3842,-24.66]]]},"properties":{"state":"nt","n":8,"kind":"geochem"}},{"type":"Feature","geometry":{"type":"Polygon","coordinates":[[[135.9313,-18.72],[135.9313,-18.54],[135.7755,-18.45],[135.6196,-18.54],[135.6196,-18.72],[135.7755,-18.81],[135.9313,-18.72]]]},"properties":{"state":"nt","n":8,"kind":"geochem"}},{"type":"Feature","geometry":{"type":"Polygon","coordinates":[[[134.5284,-16.29],[134.5284,-16.11],[134.3725,-16.02],[134.2166,-16.11],[134.2166,-16.29],[134.3725,-16.38],[134.5284,-16.29]]]},"properties":{"state":"nt","n":8,"kind":"geochem"}},{"type":"Feature","geometry":{"type":"Polygon","coordinates":[[[133.5931,-18.45],[133.5931,-18.27],[133.4372,-18.18],[133.2813,-18.27],[133.2813,-18.45],[133.4372,-18.54],[133.5931,-18.45]]]},"properties":{"state":"nt","n":8,"kind":"geochem"}},{"type":"Feature","geometry":{"type":"Polygon","coordinates":[[[133.2813,-17.91],[133.2813,-17.73],[133.1254,-17.64],[132.9695,-17.73],[132.9695,-17.91],[133.1254,-18.0],[133.2813,-17.91]]]},"properties":{"state":"nt","n":8,"kind":"geochem"}},{"type":"Feature","geometry":{"type":"Polygon","coordinates":[[[136.2431,-19.8],[136.2431,-19.62],[136.0872,-19.53],[135.9313,-19.62],[135.9313,-19.8],[136.0872,-19.89],[136.2431,-19.8]]]},"properties":{"state":"nt","n":8,"kind":"geochem"}},{"type":"Feature","geometry":{"type":"Polygon","coordinates":[[[134.0607,-16.02],[134.0607,-15.84],[133.9048,-15.75],[133.749,-15.84],[133.749,-16.02],[133.9048,-16.11],[134.0607,-16.02]]]},"properties":{"state":"nt","n":8,"kind":"geochem"}},{"type":"Feature","geometry":{"type":"Polygon","coordinates":[[[136.2431,-29.52],[136.2431,-29.34],[136.0872,-29.25],[135.9313,-29.34],[135.9313,-29.52],[136.0872,-29.61],[136.2431,-29.52]]]},"properties":{"state":"sa","n":8,"kind":"geochem"}},{"type":"Feature","geometry":{"type":"Polygon","coordinates":[[[136.5549,-28.44],[136.5549,-28.26],[136.399,-28.17],[136.2431,-28.26],[136.2431,-28.44],[136.399,-28.53],[136.5549,-28.44]]]},"properties":{"state":"sa","n":8,"kind":"geochem"}},{"type":"Feature","geometry":{"type":"Polygon","coordinates":[[[140.1402,-34.11],[140.1402,-33.93],[139.9843,-33.84],[139.8285,-33.93],[139.8285,-34.11],[139.9843,-34.2],[140.1402,-34.11]]]},"properties":{"state":"sa","n":8,"kind":"geochem"}},{"type":"Feature","geometry":{"type":"Polygon","coordinates":[[[140.9197,-37.08],[140.9197,-36.9],[140.7638,-36.81],[140.6079,-36.9],[140.6079,-37.08],[140.7638,-37.17],[140.9197,-37.08]]]},"properties":{"state":"sa","n":8,"kind":"geochem"}},{"type":"Feature","geometry":{"type":"Polygon","coordinates":[[[141.0755,-35.73],[141.0755,-35.55],[140.9197,-35.46],[140.7638,-35.55],[140.7638,-35.73],[140.9197,-35.82],[141.0755,-35.73]]]},"properties":{"state":"sa","n":8,"kind":"geochem"}},{"type":"Feature","geometry":{"type":"Polygon","coordinates":[[[140.9197,-35.46],[140.9197,-35.28],[140.7638,-35.19],[140.6079,-35.28],[140.6079,-35.46],[140.7638,-35.55],[140.9197,-35.46]]]},"properties":{"state":"sa","n":8,"kind":"geochem"}},{"type":"Feature","geometry":{"type":"Polygon","coordinates":[[[140.6079,-33.84],[140.6079,-33.66],[140.452,-33.57],[140.2961,-33.66],[140.2961,-33.84],[140.452,-33.93],[140.6079,-33.84]]]},"properties":{"state":"sa","n":8,"kind":"geochem"}},{"type":"Feature","geometry":{"type":"Polygon","coordinates":[[[140.7638,-33.03],[140.7638,-32.85],[140.6079,-32.76],[140.452,-32.85],[140.452,-33.03],[140.6079,-33.12],[140.7638,-33.03]]]},"properties":{"state":"sa","n":8,"kind":"geochem"}},{"type":"Feature","geometry":{"type":"Polygon","coordinates":[[[139.9843,-34.92],[139.9843,-34.74],[139.8285,-34.65],[139.6726,-34.74],[139.6726,-34.92],[139.8285,-35.01],[139.9843,-34.92]]]},"properties":{"state":"sa","n":8,"kind":"geochem"}},{"type":"Feature","geometry":{"type":"Polygon","coordinates":[[[129.696,-31.68],[129.696,-31.5],[129.5401,-31.41],[129.3842,-31.5],[129.3842,-31.68],[129.5401,-31.77],[129.696,-31.68]]]},"properties":{"state":"sa","n":8,"kind":"geochem"}},{"type":"Feature","geometry":{"type":"Polygon","coordinates":[[[130.0077,-31.68],[130.0077,-31.5],[129.8518,-31.41],[129.696,-31.5],[129.696,-31.68],[129.8518,-31.77],[130.0077,-31.68]]]},"properties":{"state":"sa","n":8,"kind":"geochem"}},{"type":"Feature","geometry":{"type":"Polygon","coordinates":[[[130.6313,-31.68],[130.6313,-31.5],[130.4754,-31.41],[130.3195,-31.5],[130.3195,-31.68],[130.4754,-31.77],[130.6313,-31.68]]]},"properties":{"state":"sa","n":8,"kind":"geochem"}},{"type":"Feature","geometry":{"type":"Polygon","coordinates":[[[132.1901,-31.68],[132.1901,-31.5],[132.0342,-31.41],[131.8783,-31.5],[131.8783,-31.68],[132.0342,-31.77],[132.1901,-31.68]]]},"properties":{"state":"sa","n":8,"kind":"geochem"}},{"type":"Feature","geometry":{"type":"Polygon","coordinates":[[[137.9578,-26.55],[137.9578,-26.37],[137.802,-26.28],[137.6461,-26.37],[137.6461,-26.55],[137.802,-26.64],[137.9578,-26.55]]]},"properties":{"state":"sa","n":8,"kind":"geochem"}},{"type":"Feature","geometry":{"type":"Polygon","coordinates":[[[140.1402,-37.35],[140.1402,-37.17],[139.9843,-37.08],[139.8285,-37.17],[139.8285,-37.35],[139.9843,-37.44],[140.1402,-37.35]]]},"properties":{"state":"sa","n":8,"kind":"geochem"}},{"type":"Feature","geometry":{"type":"Polygon","coordinates":[[[140.2961,-27.9],[140.2961,-27.72],[140.1402,-27.63],[139.9843,-27.72],[139.9843,-27.9],[140.1402,-27.99],[140.2961,-27.9]]]},"properties":{"state":"sa","n":8,"kind":"geochem"}},{"type":"Feature","geometry":{"type":"Polygon","coordinates":[[[139.8285,-34.65],[139.8285,-34.47],[139.6726,-34.38],[139.5167,-34.47],[139.5167,-34.65],[139.6726,-34.74],[139.8285,-34.65]]]},"properties":{"state":"sa","n":8,"kind":"geochem"}},{"type":"Feature","geometry":{"type":"Polygon","coordinates":[[[140.7638,-37.89],[140.7638,-37.71],[140.6079,-37.62],[140.452,-37.71],[140.452,-37.89],[140.6079,-37.98],[140.7638,-37.89]]]},"properties":{"state":"sa","n":8,"kind":"geochem"}},{"type":"Feature","geometry":{"type":"Polygon","coordinates":[[[144.3491,-40.32],[144.3491,-40.14],[144.1932,-40.05],[144.0373,-40.14],[144.0373,-40.32],[144.1932,-40.41],[144.3491,-40.32]]]},"properties":{"state":"tas","n":8,"kind":"geochem"}},{"type":"Feature","geometry":{"type":"Polygon","coordinates":[[[142.7903,-31.68],[142.7903,-31.5],[142.6344,-31.41],[142.4785,-31.5],[142.4785,-31.68],[142.6344,-31.77],[142.7903,-31.68]]]},"properties":{"state":"nsw","n":9,"kind":"geochem"}},{"type":"Feature","geometry":{"type":"Polygon","coordinates":[[[147.6227,-30.87],[147.6227,-30.69],[147.4668,-30.6],[147.3109,-30.69],[147.3109,-30.87],[147.4668,-30.96],[147.6227,-30.87]]]},"properties":{"state":"nsw","n":9,"kind":"geochem"}},{"type":"Feature","geometry":{"type":"Polygon","coordinates":[[[156.1963,-33.3],[156.1963,-33.12],[156.0405,-33.03],[155.8846,-33.12],[155.8846,-33.3],[156.0405,-33.39],[156.1963,-33.3]]]},"properties":{"state":"nsw","n":9,"kind":"geochem"}},{"type":"Feature","geometry":{"type":"Polygon","coordinates":[[[147.9345,-31.95],[147.9345,-31.77],[147.7786,-31.68],[147.6227,-31.77],[147.6227,-31.95],[147.7786,-32.04],[147.9345,-31.95]]]},"properties":{"state":"nsw","n":9,"kind":"geochem"}},{"type":"Feature","geometry":{"type":"Polygon","coordinates":[[[142.1667,-31.68],[142.1667,-31.5],[142.0108,-31.41],[141.855,-31.5],[141.855,-31.68],[142.0108,-31.77],[142.1667,-31.68]]]},"properties":{"state":"nsw","n":9,"kind":"geochem"}},{"type":"Feature","geometry":{"type":"Polygon","coordinates":[[[150.7404,-34.65],[150.7404,-34.47],[150.5845,-34.38],[150.4286,-34.47],[150.4286,-34.65],[150.5845,-34.74],[150.7404,-34.65]]]},"properties":{"state":"nsw","n":9,"kind":"geochem"}},{"type":"Feature","geometry":{"type":"Polygon","coordinates":[[[151.0522,-34.65],[151.0522,-34.47],[150.8963,-34.38],[150.7404,-34.47],[150.7404,-34.65],[150.8963,-34.74],[151.0522,-34.65]]]},"properties":{"state":"nsw","n":9,"kind":"geochem"}},{"type":"Feature","geometry":{"type":"Polygon","coordinates":[[[136.5549,-16.02],[136.5549,-15.84],[136.399,-15.75],[136.2431,-15.84],[136.2431,-16.02],[136.399,-16.11],[136.5549,-16.02]]]},"properties":{"state":"nt","n":9,"kind":"geochem"}},{"type":"Feature","geometry":{"type":"Polygon","coordinates":[[[133.9048,-15.75],[133.9048,-15.57],[133.749,-15.48],[133.5931,-15.57],[133.5931,-15.75],[133.749,-15.84],[133.9048,-15.75]]]},"properties":{"state":"nt","n":9,"kind":"geochem"}},{"type":"Feature","geometry":{"type":"Polygon","coordinates":[[[130.4754,-13.59],[130.4754,-13.41],[130.3195,-13.32],[130.1636,-13.41],[130.1636,-13.59],[130.3195,-13.68],[130.4754,-13.59]]]},"properties":{"state":"nt","n":9,"kind":"geochem"}},{"type":"Feature","geometry":{"type":"Polygon","coordinates":[[[138.1137,-16.56],[138.1137,-16.38],[137.9578,-16.29],[137.802,-16.38],[137.802,-16.56],[137.9578,-16.65],[138.1137,-16.56]]]},"properties":{"state":"nt","n":9,"kind":"geochem"}},{"type":"Feature","geometry":{"type":"Polygon","coordinates":[[[133.2813,-22.23],[133.2813,-22.05],[133.1254,-21.96],[132.9695,-22.05],[132.9695,-22.23],[133.1254,-22.32],[133.2813,-22.23]]]},"properties":{"state":"nt","n":9,"kind":"geochem"}},{"type":"Feature","geometry":{"type":"Polygon","coordinates":[[[136.8667,-16.56],[136.8667,-16.38],[136.7108,-16.29],[136.5549,-16.38],[136.5549,-16.56],[136.7108,-16.65],[136.8667,-16.56]]]},"properties":{"state":"nt","n":9,"kind":"geochem"}},{"type":"Feature","geometry":{"type":"Polygon","coordinates":[[[133.1254,-25.2],[133.1254,-25.02],[132.9695,-24.93],[132.8137,-25.02],[132.8137,-25.2],[132.9695,-25.29],[133.1254,-25.2]]]},"properties":{"state":"nt","n":9,"kind":"geochem"}},{"type":"Feature","geometry":{"type":"Polygon","coordinates":[[[132.8137,-25.2],[132.8137,-25.02],[132.6578,-24.93],[132.5019,-25.02],[132.5019,-25.2],[132.6578,-25.29],[132.8137,-25.2]]]},"properties":{"state":"nt","n":9,"kind":"geochem"}},{"type":"Feature","geometry":{"type":"Polygon","coordinates":[[[138.2696,-23.31],[138.2696,-23.13],[138.1137,-23.04],[137.9578,-23.13],[137.9578,-23.31],[138.1137,-23.4],[138.2696,-23.31]]]},"properties":{"state":"nt","n":9,"kind":"geochem"}},{"type":"Feature","geometry":{"type":"Polygon","coordinates":[[[129.0724,-16.02],[129.0724,-15.84],[128.9165,-15.75],[128.7607,-15.84],[128.7607,-16.02],[128.9165,-16.11],[129.0724,-16.02]]]},"properties":{"state":"nt","n":9,"kind":"geochem"}},{"type":"Feature","geometry":{"type":"Polygon","coordinates":[[[132.8137,-14.94],[132.8137,-14.76],[132.6578,-14.67],[132.5019,-14.76],[132.5019,-14.94],[132.6578,-15.03],[132.8137,-14.94]]]},"properties":{"state":"nt","n":9,"kind":"geochem"}},{"type":"Feature","geometry":{"type":"Polygon","coordinates":[[[137.0225,-16.29],[137.0225,-16.11],[136.8667,-16.02],[136.7108,-16.11],[136.7108,-16.29],[136.8667,-16.38],[137.0225,-16.29]]]},"properties":{"state":"nt","n":9,"kind":"geochem"}},{"type":"Feature","geometry":{"type":"Polygon","coordinates":[[[135.7755,-15.21],[135.7755,-15.03],[135.6196,-14.94],[135.4637,-15.03],[135.4637,-15.21],[135.6196,-15.3],[135.7755,-15.21]]]},"properties":{"state":"nt","n":9,"kind":"geochem"}},{"type":"Feature","geometry":{"type":"Polygon","coordinates":[[[136.399,-13.59],[136.399,-13.41],[136.2431,-13.32],[136.0872,-13.41],[136.0872,-13.59],[136.2431,-13.68],[136.399,-13.59]]]},"properties":{"state":"nt","n":9,"kind":"geochem"}},{"type":"Feature","geometry":{"type":"Polygon","coordinates":[[[132.9695,-13.05],[132.9695,-12.87],[132.8137,-12.78],[132.6578,-12.87],[132.6578,-13.05],[132.8137,-13.14],[132.9695,-13.05]]]},"properties":{"state":"nt","n":9,"kind":"geochem"}},{"type":"Feature","geometry":{"type":"Polygon","coordinates":[[[130.0077,-13.86],[130.0077,-13.68],[129.8518,-13.59],[129.696,-13.68],[129.696,-13.86],[129.8518,-13.95],[130.0077,-13.86]]]},"properties":{"state":"nt","n":9,"kind":"geochem"}},{"type":"Feature","geometry":{"type":"Polygon","coordinates":[[[140.1402,-34.65],[140.1402,-34.47],[139.9843,-34.38],[139.8285,-34.47],[139.8285,-34.65],[139.9843,-34.74],[140.1402,-34.65]]]},"properties":{"state":"sa","n":9,"kind":"geochem"}},{"type":"Feature","geometry":{"type":"Polygon","coordinates":[[[129.0724,-31.14],[129.0724,-30.96],[128.9165,-30.87],[128.7607,-30.96],[128.7607,-31.14],[128.9165,-31.23],[129.0724,-31.14]]]},"properties":{"state":"sa","n":9,"kind":"geochem"}},{"type":"Feature","geometry":{"type":"Polygon","coordinates":[[[140.6079,-34.92],[140.6079,-34.74],[140.452,-34.65],[140.2961,-34.74],[140.2961,-34.92],[140.452,-35.01],[140.6079,-34.92]]]},"properties":{"state":"sa","n":9,"kind":"geochem"}},{"type":"Feature","geometry":{"type":"Polygon","coordinates":[[[137.802,-29.52],[137.802,-29.34],[137.6461,-29.25],[137.4902,-29.34],[137.4902,-29.52],[137.6461,-29.61],[137.802,-29.52]]]},"properties":{"state":"sa","n":9,"kind":"geochem"}},{"type":"Feature","geometry":{"type":"Polygon","coordinates":[[[140.7638,-33.57],[140.7638,-33.39],[140.6079,-33.3],[140.452,-33.39],[140.452,-33.57],[140.6079,-33.66],[140.7638,-33.57]]]},"properties":{"state":"sa","n":9,"kind":"geochem"}},{"type":"Feature","geometry":{"type":"Polygon","coordinates":[[[134.996,-28.44],[134.996,-28.26],[134.8402,-28.17],[134.6843,-28.26],[134.6843,-28.44],[134.8402,-28.53],[134.996,-28.44]]]},"properties":{"state":"sa","n":9,"kind":"geochem"}},{"type":"Feature","geometry":{"type":"Polygon","coordinates":[[[140.1402,-36.27],[140.1402,-36.09],[139.9843,-36.0],[139.8285,-36.09],[139.8285,-36.27],[139.9843,-36.36],[140.1402,-36.27]]]},"properties":{"state":"sa","n":9,"kind":"geochem"}},{"type":"Feature","geometry":{"type":"Polygon","coordinates":[[[140.1402,-30.87],[140.1402,-30.69],[139.9843,-30.6],[139.8285,-30.69],[139.8285,-30.87],[139.9843,-30.96],[140.1402,-30.87]]]},"properties":{"state":"sa","n":9,"kind":"geochem"}},{"type":"Feature","geometry":{"type":"Polygon","coordinates":[[[133.1254,-26.82],[133.1254,-26.64],[132.9695,-26.55],[132.8137,-26.64],[132.8137,-26.82],[132.9695,-26.91],[133.1254,-26.82]]]},"properties":{"state":"sa","n":9,"kind":"geochem"}},{"type":"Feature","geometry":{"type":"Polygon","coordinates":[[[136.2431,-31.14],[136.2431,-30.96],[136.0872,-30.87],[135.9313,-30.96],[135.9313,-31.14],[136.0872,-31.23],[136.2431,-31.14]]]},"properties":{"state":"sa","n":9,"kind":"geochem"}},{"type":"Feature","geometry":{"type":"Polygon","coordinates":[[[136.5549,-28.98],[136.5549,-28.8],[136.399,-28.71],[136.2431,-28.8],[136.2431,-28.98],[136.399,-29.07],[136.5549,-28.98]]]},"properties":{"state":"sa","n":9,"kind":"geochem"}},{"type":"Feature","geometry":{"type":"Polygon","coordinates":[[[133.9048,-30.87],[133.9048,-30.69],[133.749,-30.6],[133.5931,-30.69],[133.5931,-30.87],[133.749,-30.96],[133.9048,-30.87]]]},"properties":{"state":"sa","n":9,"kind":"geochem"}},{"type":"Feature","geometry":{"type":"Polygon","coordinates":[[[140.9197,-37.62],[140.9197,-37.44],[140.7638,-37.35],[140.6079,-37.44],[140.6079,-37.62],[140.7638,-37.71],[140.9197,-37.62]]]},"properties":{"state":"sa","n":9,"kind":"geochem"}},{"type":"Feature","geometry":{"type":"Polygon","coordinates":[[[132.6578,-28.71],[132.6578,-28.53],[132.5019,-28.44],[132.346,-28.53],[132.346,-28.71],[132.5019,-28.8],[132.6578,-28.71]]]},"properties":{"state":"sa","n":9,"kind":"geochem"}},{"type":"Feature","geometry":{"type":"Polygon","coordinates":[[[139.3608,-31.68],[139.3608,-31.5],[139.2049,-31.41],[139.049,-31.5],[139.049,-31.68],[139.2049,-31.77],[139.3608,-31.68]]]},"properties":{"state":"sa","n":9,"kind":"geochem"}},{"type":"Feature","geometry":{"type":"Polygon","coordinates":[[[146.3756,-40.05],[146.3756,-39.87],[146.2197,-39.78],[146.0638,-39.87],[146.0638,-40.05],[146.2197,-40.14],[146.3756,-40.05]]]},"properties":{"state":"tas","n":9,"kind":"geochem"}},{"type":"Feature","geometry":{"type":"Polygon","coordinates":[[[145.5962,-39.78],[145.5962,-39.6],[145.4403,-39.51],[145.2844,-39.6],[145.2844,-39.78],[145.4403,-39.87],[145.5962,-39.78]]]},"properties":{"state":"tas","n":9,"kind":"geochem"}},{"type":"Feature","geometry":{"type":"Polygon","coordinates":[[[143.102,-30.6],[143.102,-30.42],[142.9462,-30.33],[142.7903,-30.42],[142.7903,-30.6],[142.9462,-30.69],[143.102,-30.6]]]},"properties":{"state":"nsw","n":10,"kind":"geochem"}},{"type":"Feature","geometry":{"type":"Polygon","coordinates":[[[142.1667,-33.3],[142.1667,-33.12],[142.0108,-33.03],[141.855,-33.12],[141.855,-33.3],[142.0108,-33.39],[142.1667,-33.3]]]},"properties":{"state":"nsw","n":10,"kind":"geochem"}},{"type":"Feature","geometry":{"type":"Polygon","coordinates":[[[150.4286,-33.03],[150.4286,-32.85],[150.2727,-32.76],[150.1168,-32.85],[150.1168,-33.03],[150.2727,-33.12],[150.4286,-33.03]]]},"properties":{"state":"nsw","n":10,"kind":"geochem"}},{"type":"Feature","geometry":{"type":"Polygon","coordinates":[[[146.3756,-38.97],[146.3756,-38.79],[146.2197,-38.7],[146.0638,-38.79],[146.0638,-38.97],[146.2197,-39.06],[146.3756,-38.97]]]},"properties":{"state":"vic","n":10,"kind":"geochem"}},{"type":"Feature","geometry":{"type":"Polygon","coordinates":[[[137.6461,-21.15],[137.6461,-20.97],[137.4902,-20.88],[137.3343,-20.97],[137.3343,-21.15],[137.4902,-21.24],[137.6461,-21.15]]]},"properties":{"state":"nt","n":10,"kind":"geochem"}},{"type":"Feature","geometry":{"type":"Polygon","coordinates":[[[133.2813,-23.31],[133.2813,-23.13],[133.1254,-23.04],[132.9695,-23.13],[132.9695,-23.31],[133.1254,-23.4],[133.2813,-23.31]]]},"properties":{"state":"nt","n":10,"kind":"geochem"}},{"type":"Feature","geometry":{"type":"Polygon","coordinates":[[[138.2696,-18.99],[138.2696,-18.81],[138.1137,-18.72],[137.9578,-18.81],[137.9578,-18.99],[138.1137,-19.08],[138.2696,-18.99]]]},"properties":{"state":"nt","n":10,"kind":"geochem"}},{"type":"Feature","geometry":{"type":"Polygon","coordinates":[[[130.7872,-19.53],[130.7872,-19.35],[130.6313,-19.26],[130.4754,-19.35],[130.4754,-19.53],[130.6313,-19.62],[130.7872,-19.53]]]},"properties":{"state":"nt","n":10,"kind":"geochem"}},{"type":"Feature","geometry":{"type":"Polygon","coordinates":[[[132.9695,-24.39],[132.9695,-24.21],[132.8137,-24.12],[132.6578,-24.21],[132.6578,-24.39],[132.8137,-24.48],[132.9695,-24.39]]]},"properties":{"state":"nt","n":10,"kind":"geochem"}},{"type":"Feature","geometry":{"type":"Polygon","coordinates":[[[133.2813,-26.01],[133.2813,-25.83],[133.1254,-25.74],[132.9695,-25.83],[132.9695,-26.01],[133.1254,-26.1],[133.2813,-26.01]]]},"properties":{"state":"nt","n":10,"kind":"geochem"}},{"type":"Feature","geometry":{"type":"Polygon","coordinates":[[[136.5549,-19.8],[136.5549,-19.62],[136.399,-19.53],[136.2431,-19.62],[136.2431,-19.8],[136.399,-19.89],[136.5549,-19.8]]]},"properties":{"state":"nt","n":10,"kind":"geochem"}},{"type":"Feature","geometry":{"type":"Polygon","coordinates":[[[136.5549,-34.92],[136.5549,-34.74],[136.399,-34.65],[136.2431,-34.74],[136.2431,-34.92],[136.399,-35.01],[136.5549,-34.92]]]},"properties":{"state":"sa","n":10,"kind":"geochem"}},{"type":"Feature","geometry":{"type":"Polygon","coordinates":[[[137.0225,-31.41],[137.0225,-31.23],[136.8667,-31.14],[136.7108,-31.23],[136.7108,-31.41],[136.8667,-31.5],[137.0225,-31.41]]]},"properties":{"state":"sa","n":10,"kind":"geochem"}},{"type":"Feature","geometry":{"type":"Polygon","coordinates":[[[137.9578,-30.87],[137.9578,-30.69],[137.802,-30.6],[137.6461,-30.69],[137.6461,-30.87],[137.802,-30.96],[137.9578,-30.87]]]},"properties":{"state":"sa","n":10,"kind":"geochem"}},{"type":"Feature","geometry":{"type":"Polygon","coordinates":[[[138.1137,-29.52],[138.1137,-29.34],[137.9578,-29.25],[137.802,-29.34],[137.802,-29.52],[137.9578,-29.61],[138.1137,-29.52]]]},"properties":{"state":"sa","n":10,"kind":"geochem"}},{"type":"Feature","geometry":{"type":"Polygon","coordinates":[[[134.5284,-27.09],[134.5284,-26.91],[134.3725,-26.82],[134.2166,-26.91],[134.2166,-27.09],[134.3725,-27.18],[134.5284,-27.09]]]},"properties":{"state":"sa","n":10,"kind":"geochem"}},{"type":"Feature","geometry":{"type":"Polygon","coordinates":[[[129.2283,-30.87],[129.2283,-30.69],[129.0724,-30.6],[128.9165,-30.69],[128.9165,-30.87],[129.0724,-30.96],[129.2283,-30.87]]]},"properties":{"state":"sa","n":10,"kind":"geochem"}},{"type":"Feature","geometry":{"type":"Polygon","coordinates":[[[130.1636,-31.41],[130.1636,-31.23],[130.0077,-31.14],[129.8518,-31.23],[129.8518,-31.41],[130.0077,-31.5],[130.1636,-31.41]]]},"properties":{"state":"sa","n":10,"kind":"geochem"}},{"type":"Feature","geometry":{"type":"Polygon","coordinates":[[[136.399,-34.65],[136.399,-34.47],[136.2431,-34.38],[136.0872,-34.47],[136.0872,-34.65],[136.2431,-34.74],[136.399,-34.65]]]},"properties":{"state":"sa","n":10,"kind":"geochem"}},{"type":"Feature","geometry":{"type":"Polygon","coordinates":[[[137.802,-34.92],[137.802,-34.74],[137.6461,-34.65],[137.4902,-34.74],[137.4902,-34.92],[137.6461,-35.01],[137.802,-34.92]]]},"properties":{"state":"sa","n":10,"kind":"geochem"}},{"type":"Feature","geometry":{"type":"Polygon","coordinates":[[[153.5463,-28.17],[153.5463,-27.99],[153.3904,-27.9],[153.2345,-27.99],[153.2345,-28.17],[153.3904,-28.26],[153.5463,-28.17]]]},"properties":{"state":"nsw","n":11,"kind":"geochem"}},{"type":"Feature","geometry":{"type":"Polygon","coordinates":[[[151.0522,-34.11],[151.0522,-33.93],[150.8963,-33.84],[150.7404,-33.93],[150.7404,-34.11],[150.8963,-34.2],[151.0522,-34.11]]]},"properties":{"state":"nsw","n":11,"kind":"geochem"}},{"type":"Feature","geometry":{"type":"Polygon","coordinates":[[[146.8433,-29.52],[146.8433,-29.34],[146.6874,-29.25],[146.5315,-29.34],[146.5315,-29.52],[146.6874,-29.61],[146.8433,-29.52]]]},"properties":{"state":"nsw","n":11,"kind":"geochem"}},{"type":"Feature","geometry":{"type":"Polygon","coordinates":[[[142.4785,-37.62],[142.4785,-37.44],[142.3226,-37.35],[142.1667,-37.44],[142.1667,-37.62],[142.3226,-37.71],[142.4785,-37.62]]]},"properties":{"state":"vic","n":11,"kind":"geochem"}},{"type":"Feature","geometry":{"type":"Polygon","coordinates":[[[129.696,-18.18],[129.696,-18.0],[129.5401,-17.91],[129.3842,-18.0],[129.3842,-18.18],[129.5401,-18.27],[129.696,-18.18]]]},"properties":{"state":"nt","n":11,"kind":"geochem"}},{"type":"Feature","geometry":{"type":"Polygon","coordinates":[[[135.9313,-14.94],[135.9313,-14.76],[135.7755,-14.67],[135.6196,-14.76],[135.6196,-14.94],[135.7755,-15.03],[135.9313,-14.94]]]},"properties":{"state":"nt","n":11,"kind":"geochem"}},{"type":"Feature","geometry":{"type":"Polygon","coordinates":[[[131.8783,-16.02],[131.8783,-15.84],[131.7225,-15.75],[131.5666,-15.84],[131.5666,-16.02],[131.7225,-16.11],[131.8783,-16.02]]]},"properties":{"state":"nt","n":11,"kind":"geochem"}},{"type":"Feature","geometry":{"type":"Polygon","coordinates":[[[131.0989,-17.91],[131.0989,-17.73],[130.943,-17.64],[130.7872,-17.73],[130.7872,-17.91],[130.943,-18.0],[131.0989,-17.91]]]},"properties":{"state":"nt","n":11,"kind":"geochem"}},{"type":"Feature","geometry":{"type":"Polygon","coordinates":[[[135.4637,-21.15],[135.4637,-20.97],[135.3078,-20.88],[135.1519,-20.97],[135.1519,-21.15],[135.3078,-21.24],[135.4637,-21.15]]]},"properties":{"state":"nt","n":11,"kind":"geochem"}},{"type":"Feature","geometry":{"type":"Polygon","coordinates":[[[135.6196,-19.8],[135.6196,-19.62],[135.4637,-19.53],[135.3078,-19.62],[135.3078,-19.8],[135.4637,-19.89],[135.6196,-19.8]]]},"properties":{"state":"nt","n":11,"kind":"geochem"}},{"type":"Feature","geometry":{"type":"Polygon","coordinates":[[[140.6079,-28.44],[140.6079,-28.26],[140.452,-28.17],[140.2961,-28.26],[140.2961,-28.44],[140.452,-28.53],[140.6079,-28.44]]]},"properties":{"state":"sa","n":11,"kind":"geochem"}},{"type":"Feature","geometry":{"type":"Polygon","coordinates":[[[141.0755,-34.65],[141.0755,-34.47],[140.9197,-34.38],[140.7638,-34.47],[140.7638,-34.65],[140.9197,-34.74],[141.0755,-34.65]]]},"properties":{"state":"sa","n":11,"kind":"geochem"}},{"type":"Feature","geometry":{"type":"Polygon","coordinates":[[[136.7108,-31.41],[136.7108,-31.23],[136.5549,-31.14],[136.399,-31.23],[136.399,-31.41],[136.5549,-31.5],[136.7108,-31.41]]]},"properties":{"state":"sa","n":11,"kind":"geochem"}},{"type":"Feature","geometry":{"type":"Polygon","coordinates":[[[134.996,-28.98],[134.996,-28.8],[134.8402,-28.71],[134.6843,-28.8],[134.6843,-28.98],[134.8402,-29.07],[134.996,-28.98]]]},"properties":{"state":"sa","n":11,"kind":"geochem"}},{"type":"Feature","geometry":{"type":"Polygon","coordinates":[[[129.3842,-31.68],[129.3842,-31.5],[129.2283,-31.41],[129.0724,-31.5],[129.0724,-31.68],[129.2283,-31.77],[129.3842,-31.68]]]},"properties":{"state":"sa","n":11,"kind":"geochem"}},{"type":"Feature","geometry":{"type":"Polygon","coordinates":[[[129.696,-31.14],[129.696,-30.96],[129.5401,-30.87],[129.3842,-30.96],[129.3842,-31.14],[129.5401,-31.23],[129.696,-31.14]]]},"properties":{"state":"sa","n":11,"kind":"geochem"}},{"type":"Feature","geometry":{"type":"Polygon","coordinates":[[[136.2431,-28.98],[136.2431,-28.8],[136.0872,-28.71],[135.9313,-28.8],[135.9313,-28.98],[136.0872,-29.07],[136.2431,-28.98]]]},"properties":{"state":"sa","n":11,"kind":"geochem"}},{"type":"Feature","geometry":{"type":"Polygon","coordinates":[[[147.3109,-40.59],[147.3109,-40.41],[147.155,-40.32],[146.9992,-40.41],[146.9992,-40.59],[147.155,-40.68],[147.3109,-40.59]]]},"properties":{"state":"tas","n":11,"kind":"geochem"}},{"type":"Feature","geometry":{"type":"Polygon","coordinates":[[[144.0373,-32.76],[144.0373,-32.58],[143.8815,-32.49],[143.7256,-32.58],[143.7256,-32.76],[143.8815,-32.85],[144.0373,-32.76]]]},"properties":{"state":"nsw","n":12,"kind":"geochem"}},{"type":"Feature","geometry":{"type":"Polygon","coordinates":[[[145.908,-33.3],[145.908,-33.12],[145.7521,-33.03],[145.5962,-33.12],[145.5962,-33.3],[145.7521,-33.39],[145.908,-33.3]]]},"properties":{"state":"nsw","n":12,"kind":"geochem"}},{"type":"Feature","geometry":{"type":"Polygon","coordinates":[[[142.9462,-30.33],[142.9462,-30.15],[142.7903,-30.06],[142.6344,-30.15],[142.6344,-30.33],[142.7903,-30.42],[142.9462,-30.33]]]},"properties":{"state":"nsw","n":12,"kind":"geochem"}},{"type":"Feature","geometry":{"type":"Polygon","coordinates":[[[144.8168,-33.57],[144.8168,-33.39],[144.6609,-33.3],[144.505,-33.39],[144.505,-33.57],[144.6609,-33.66],[144.8168,-33.57]]]},"properties":{"state":"nsw","n":12,"kind":"geochem"}},{"type":"Feature","geometry":{"type":"Polygon","coordinates":[[[151.6757,-33.57],[151.6757,-33.39],[151.5198,-33.3],[151.3639,-33.39],[151.3639,-33.57],[151.5198,-33.66],[151.6757,-33.57]]]},"properties":{"state":"nsw","n":12,"kind":"geochem"}},{"type":"Feature","geometry":{"type":"Polygon","coordinates":[[[146.2197,-38.16],[146.2197,-37.98],[146.0638,-37.89],[145.908,-37.98],[145.908,-38.16],[146.0638,-38.25],[146.2197,-38.16]]]},"properties":{"state":"vic","n":12,"kind":"geochem"}},{"type":"Feature","geometry":{"type":"Polygon","coordinates":[[[146.2197,-38.7],[146.2197,-38.52],[146.0638,-38.43],[145.908,-38.52],[145.908,-38.7],[146.0638,-38.79],[146.2197,-38.7]]]},"properties":{"state":"vic","n":12,"kind":"geochem"}},{"type":"Feature","geometry":{"type":"Polygon","coordinates":[[[132.9695,-26.01],[132.9695,-25.83],[132.8137,-25.74],[132.6578,-25.83],[132.6578,-26.01],[132.8137,-26.1],[132.9695,-26.01]]]},"properties":{"state":"nt","n":12,"kind":"geochem"}},{"type":"Feature","geometry":{"type":"Polygon","coordinates":[[[133.5931,-15.75],[133.5931,-15.57],[133.4372,-15.48],[133.2813,-15.57],[133.2813,-15.75],[133.4372,-15.84],[133.5931,-15.75]]]},"properties":{"state":"nt","n":12,"kind":"geochem"}},{"type":"Feature","geometry":{"type":"Polygon","coordinates":[[[130.4754,-17.37],[130.4754,-17.19],[130.3195,-17.1],[130.1636,-17.19],[130.1636,-17.37],[130.3195,-17.46],[130.4754,-17.37]]]},"properties":{"state":"nt","n":12,"kind":"geochem"}},{"type":"Feature","geometry":{"type":"Polygon","coordinates":[[[131.4107,-24.39],[131.4107,-24.21],[131.2548,-24.12],[131.0989,-24.21],[131.0989,-24.39],[131.2548,-24.48],[131.4107,-24.39]]]},"properties":{"state":"nt","n":12,"kind":"geochem"}},{"type":"Feature","geometry":{"type":"Polygon","coordinates":[[[131.0989,-15.21],[131.0989,-15.03],[130.943,-14.94],[130.7872,-15.03],[130.7872,-15.21],[130.943,-15.3],[131.0989,-15.21]]]},"properties":{"state":"nt","n":12,"kind":"geochem"}},{"type":"Feature","geometry":{"type":"Polygon","coordinates":[[[131.2548,-15.48],[131.2548,-15.3],[131.0989,-15.21],[130.943,-15.3],[130.943,-15.48],[131.0989,-15.57],[131.2548,-15.48]]]},"properties":{"state":"nt","n":12,"kind":"geochem"}},{"type":"Feature","geometry":{"type":"Polygon","coordinates":[[[138.2696,-18.45],[138.2696,-18.27],[138.1137,-18.18],[137.9578,-18.27],[137.9578,-18.45],[138.1137,-18.54],[138.2696,-18.45]]]},"properties":{"state":"nt","n":12,"kind":"geochem"}},{"type":"Feature","geometry":{"type":"Polygon","coordinates":[[[131.5666,-21.96],[131.5666,-21.78],[131.4107,-21.69],[131.2548,-21.78],[131.2548,-21.96],[131.4107,-22.05],[131.5666,-21.96]]]},"properties":{"state":"nt","n":12,"kind":"geochem"}},{"type":"Feature","geometry":{"type":"Polygon","coordinates":[[[134.3725,-16.02],[134.3725,-15.84],[134.2166,-15.75],[134.0607,-15.84],[134.0607,-16.02],[134.2166,-16.11],[134.3725,-16.02]]]},"properties":{"state":"nt","n":12,"kind":"geochem"}},{"type":"Feature","geometry":{"type":"Polygon","coordinates":[[[132.346,-16.83],[132.346,-16.65],[132.1901,-16.56],[132.0342,-16.65],[132.0342,-16.83],[132.1901,-16.92],[132.346,-16.83]]]},"properties":{"state":"nt","n":12,"kind":"geochem"}},{"type":"Feature","geometry":{"type":"Polygon","coordinates":[[[135.1519,-18.45],[135.1519,-18.27],[134.996,-18.18],[134.8402,-18.27],[134.8402,-18.45],[134.996,-18.54],[135.1519,-18.45]]]},"properties":{"state":"nt","n":12,"kind":"geochem"}},{"type":"Feature","geometry":{"type":"Polygon","coordinates":[[[135.6196,-21.42],[135.6196,-21.24],[135.4637,-21.15],[135.3078,-21.24],[135.3078,-21.42],[135.4637,-21.51],[135.6196,-21.42]]]},"properties":{"state":"nt","n":12,"kind":"geochem"}},{"type":"Feature","geometry":{"type":"Polygon","coordinates":[[[141.0755,-36.81],[141.0755,-36.63],[140.9197,-36.54],[140.7638,-36.63],[140.7638,-36.81],[140.9197,-36.9],[141.0755,-36.81]]]},"properties":{"state":"sa","n":12,"kind":"geochem"}},{"type":"Feature","geometry":{"type":"Polygon","coordinates":[[[140.452,-30.33],[140.452,-30.15],[140.2961,-30.06],[140.1402,-30.15],[140.1402,-30.33],[140.2961,-30.42],[140.452,-30.33]]]},"properties":{"state":"sa","n":12,"kind":"geochem"}},{"type":"Feature","geometry":{"type":"Polygon","coordinates":[[[136.0872,-29.25],[136.0872,-29.07],[135.9313,-28.98],[135.7755,-29.07],[135.7755,-29.25],[135.9313,-29.34],[136.0872,-29.25]]]},"properties":{"state":"sa","n":12,"kind":"geochem"}},{"type":"Feature","geometry":{"type":"Polygon","coordinates":[[[135.1519,-29.79],[135.1519,-29.61],[134.996,-29.52],[134.8402,-29.61],[134.8402,-29.79],[134.996,-29.88],[135.1519,-29.79]]]},"properties":{"state":"sa","n":12,"kind":"geochem"}},{"type":"Feature","geometry":{"type":"Polygon","coordinates":[[[133.749,-31.68],[133.749,-31.5],[133.5931,-31.41],[133.4372,-31.5],[133.4372,-31.68],[133.5931,-31.77],[133.749,-31.68]]]},"properties":{"state":"sa","n":12,"kind":"geochem"}},{"type":"Feature","geometry":{"type":"Polygon","coordinates":[[[140.7638,-35.19],[140.7638,-35.01],[140.6079,-34.92],[140.452,-35.01],[140.452,-35.19],[140.6079,-35.28],[140.7638,-35.19]]]},"properties":{"state":"sa","n":12,"kind":"geochem"}},{"type":"Feature","geometry":{"type":"Polygon","coordinates":[[[132.346,-28.71],[132.346,-28.53],[132.1901,-28.44],[132.0342,-28.53],[132.0342,-28.71],[132.1901,-28.8],[132.346,-28.71]]]},"properties":{"state":"sa","n":12,"kind":"geochem"}},{"type":"Feature","geometry":{"type":"Polygon","coordinates":[[[129.696,-26.28],[129.696,-26.1],[129.5401,-26.01],[129.3842,-26.1],[129.3842,-26.28],[129.5401,-26.37],[129.696,-26.28]]]},"properties":{"state":"sa","n":12,"kind":"geochem"}},{"type":"Feature","geometry":{"type":"Polygon","coordinates":[[[132.8137,-28.44],[132.8137,-28.26],[132.6578,-28.17],[132.5019,-28.26],[132.5019,-28.44],[132.6578,-28.53],[132.8137,-28.44]]]},"properties":{"state":"sa","n":12,"kind":"geochem"}},{"type":"Feature","geometry":{"type":"Polygon","coordinates":[[[138.8932,-31.41],[138.8932,-31.23],[138.7373,-31.14],[138.5814,-31.23],[138.5814,-31.41],[138.7373,-31.5],[138.8932,-31.41]]]},"properties":{"state":"sa","n":12,"kind":"geochem"}},{"type":"Feature","geometry":{"type":"Polygon","coordinates":[[[131.0989,-29.79],[131.0989,-29.61],[130.943,-29.52],[130.7872,-29.61],[130.7872,-29.79],[130.943,-29.88],[131.0989,-29.79]]]},"properties":{"state":"sa","n":12,"kind":"geochem"}},{"type":"Feature","geometry":{"type":"Polygon","coordinates":[[[144.0373,-33.84],[144.0373,-33.66],[143.8815,-33.57],[143.7256,-33.66],[143.7256,-33.84],[143.8815,-33.93],[144.0373,-33.84]]]},"properties":{"state":"nsw","n":13,"kind":"geochem"}},{"type":"Feature","geometry":{"type":"Polygon","coordinates":[[[150.8963,-34.38],[150.8963,-34.2],[150.7404,-34.11],[150.5845,-34.2],[150.5845,-34.38],[150.7404,-34.47],[150.8963,-34.38]]]},"properties":{"state":"nsw","n":13,"kind":"geochem"}},{"type":"Feature","geometry":{"type":"Polygon","coordinates":[[[142.9462,-36.81],[142.9462,-36.63],[142.7903,-36.54],[142.6344,-36.63],[142.6344,-36.81],[142.7903,-36.9],[142.9462,-36.81]]]},"properties":{"state":"vic","n":13,"kind":"geochem"}},{"type":"Feature","geometry":{"type":"Polygon","coordinates":[[[146.5315,-38.16],[146.5315,-37.98],[146.3756,-37.89],[146.2197,-37.98],[146.2197,-38.16],[146.3756,-38.25],[146.5315,-38.16]]]},"properties":{"state":"vic","n":13,"kind":"geochem"}},{"type":"Feature","geometry":{"type":"Polygon","coordinates":[[[146.0638,-38.97],[146.0638,-38.79],[145.908,-38.7],[145.7521,-38.79],[145.7521,-38.97],[145.908,-39.06],[146.0638,-38.97]]]},"properties":{"state":"vic","n":13,"kind":"geochem"}},{"type":"Feature","geometry":{"type":"Polygon","coordinates":[[[136.0872,-19.53],[136.0872,-19.35],[135.9313,-19.26],[135.7755,-19.35],[135.7755,-19.53],[135.9313,-19.62],[136.0872,-19.53]]]},"properties":{"state":"nt","n":13,"kind":"geochem"}},{"type":"Feature","geometry":{"type":"Polygon","coordinates":[[[134.2166,-25.47],[134.2166,-25.29],[134.0607,-25.2],[133.9048,-25.29],[133.9048,-25.47],[134.0607,-25.56],[134.2166,-25.47]]]},"properties":{"state":"nt","n":13,"kind":"geochem"}},{"type":"Feature","geometry":{"type":"Polygon","coordinates":[[[134.6843,-18.18],[134.6843,-18.0],[134.5284,-17.91],[134.3725,-18.0],[134.3725,-18.18],[134.5284,-18.27],[134.6843,-18.18]]]},"properties":{"state":"nt","n":13,"kind":"geochem"}},{"type":"Feature","geometry":{"type":"Polygon","coordinates":[[[129.8518,-17.91],[129.8518,-17.73],[129.696,-17.64],[129.5401,-17.73],[129.5401,-17.91],[129.696,-18.0],[129.8518,-17.91]]]},"properties":{"state":"nt","n":13,"kind":"geochem"}},{"type":"Feature","geometry":{"type":"Polygon","coordinates":[[[133.5931,-14.67],[133.5931,-14.49],[133.4372,-14.4],[133.2813,-14.49],[133.2813,-14.67],[133.4372,-14.76],[133.5931,-14.67]]]},"properties":{"state":"nt","n":13,"kind":"geochem"}},{"type":"Feature","geometry":{"type":"Polygon","coordinates":[[[136.2431,-18.72],[136.2431,-18.54],[136.0872,-18.45],[135.9313,-18.54],[135.9313,-18.72],[136.0872,-18.81],[136.2431,-18.72]]]},"properties":{"state":"nt","n":13,"kind":"geochem"}},{"type":"Feature","geometry":{"type":"Polygon","coordinates":[[[132.346,-21.69],[132.346,-21.51],[132.1901,-21.42],[132.0342,-21.51],[132.0342,-21.69],[132.1901,-21.78],[132.346,-21.69]]]},"properties":{"state":"nt","n":13,"kind":"geochem"}},{"type":"Feature","geometry":{"type":"Polygon","coordinates":[[[131.8783,-12.24],[131.8783,-12.06],[131.7225,-11.97],[131.5666,-12.06],[131.5666,-12.24],[131.7225,-12.33],[131.8783,-12.24]]]},"properties":{"state":"nt","n":13,"kind":"geochem"}},{"type":"Feature","geometry":{"type":"Polygon","coordinates":[[[141.0755,-35.19],[141.0755,-35.01],[140.9197,-34.92],[140.7638,-35.01],[140.7638,-35.19],[140.9197,-35.28],[141.0755,-35.19]]]},"properties":{"state":"sa","n":13,"kind":"geochem"}},{"type":"Feature","geometry":{"type":"Polygon","coordinates":[[[138.8932,-34.11],[138.8932,-33.93],[138.7373,-33.84],[138.5814,-33.93],[138.5814,-34.11],[138.7373,-34.2],[138.8932,-34.11]]]},"properties":{"state":"sa","n":13,"kind":"geochem"}},{"type":"Feature","geometry":{"type":"Polygon","coordinates":[[[138.4255,-33.84],[138.4255,-33.66],[138.2696,-33.57],[138.1137,-33.66],[138.1137,-33.84],[138.2696,-33.93],[138.4255,-33.84]]]},"properties":{"state":"sa","n":13,"kind":"geochem"}},{"type":"Feature","geometry":{"type":"Polygon","coordinates":[[[136.0872,-30.33],[136.0872,-30.15],[135.9313,-30.06],[135.7755,-30.15],[135.7755,-30.33],[135.9313,-30.42],[136.0872,-30.33]]]},"properties":{"state":"sa","n":13,"kind":"geochem"}},{"type":"Feature","geometry":{"type":"Polygon","coordinates":[[[140.452,-33.57],[140.452,-33.39],[140.2961,-33.3],[140.1402,-33.39],[140.1402,-33.57],[140.2961,-33.66],[140.452,-33.57]]]},"properties":{"state":"sa","n":13,"kind":"geochem"}},{"type":"Feature","geometry":{"type":"Polygon","coordinates":[[[148.2462,-42.21],[148.2462,-42.03],[148.0903,-41.94],[147.9345,-42.03],[147.9345,-42.21],[148.0903,-42.3],[148.2462,-42.21]]]},"properties":{"state":"tas","n":13,"kind":"geochem"}},{"type":"Feature","geometry":{"type":"Polygon","coordinates":[[[144.8168,-41.67],[144.8168,-41.49],[144.6609,-41.4],[144.505,-41.49],[144.505,-41.67],[144.6609,-41.76],[144.8168,-41.67]]]},"properties":{"state":"tas","n":13,"kind":"geochem"}},{"type":"Feature","geometry":{"type":"Polygon","coordinates":[[[146.0638,-33.57],[146.0638,-33.39],[145.908,-33.3],[145.7521,-33.39],[145.7521,-33.57],[145.908,-33.66],[146.0638,-33.57]]]},"properties":{"state":"nsw","n":14,"kind":"geochem"}},{"type":"Feature","geometry":{"type":"Polygon","coordinates":[[[145.7521,-30.33],[145.7521,-30.15],[145.5962,-30.06],[145.4403,-30.15],[145.4403,-30.33],[145.5962,-30.42],[145.7521,-30.33]]]},"properties":{"state":"nsw","n":14,"kind":"geochem"}},{"type":"Feature","geometry":{"type":"Polygon","coordinates":[[[150.7404,-32.49],[150.7404,-32.31],[150.5845,-32.22],[150.4286,-32.31],[150.4286,-32.49],[150.5845,-32.58],[150.7404,-32.49]]]},"properties":{"state":"nsw","n":14,"kind":"geochem"}},{"type":"Feature","geometry":{"type":"Polygon","coordinates":[[[129.8518,-19.53],[129.8518,-19.35],[129.696,-19.26],[129.5401,-19.35],[129.5401,-19.53],[129.696,-19.62],[129.8518,-19.53]]]},"properties":{"state":"nt","n":14,"kind":"geochem"}},{"type":"Feature","geometry":{"type":"Polygon","coordinates":[[[133.4372,-17.64],[133.4372,-17.46],[133.2813,-17.37],[133.1254,-17.46],[133.1254,-17.64],[133.2813,-17.73],[133.4372,-17.64]]]},"properties":{"state":"nt","n":14,"kind":"geochem"}},{"type":"Feature","geometry":{"type":"Polygon","coordinates":[[[137.1784,-19.26],[137.1784,-19.08],[137.0225,-18.99],[136.8667,-19.08],[136.8667,-19.26],[137.0225,-19.35],[137.1784,-19.26]]]},"properties":{"state":"nt","n":14,"kind":"geochem"}},{"type":"Feature","geometry":{"type":"Polygon","coordinates":[[[134.2166,-24.93],[134.2166,-24.75],[134.0607,-24.66],[133.9048,-24.75],[133.9048,-24.93],[134.0607,-25.02],[134.2166,-24.93]]]},"properties":{"state":"nt","n":14,"kind":"geochem"}},{"type":"Feature","geometry":{"type":"Polygon","coordinates":[[[130.3195,-15.48],[130.3195,-15.3],[130.1636,-15.21],[130.0077,-15.3],[130.0077,-15.48],[130.1636,-15.57],[130.3195,-15.48]]]},"properties":{"state":"nt","n":14,"kind":"geochem"}},{"type":"Feature","geometry":{"type":"Polygon","coordinates":[[[129.8518,-18.45],[129.8518,-18.27],[129.696,-18.18],[129.5401,-18.27],[129.5401,-18.45],[129.696,-18.54],[129.8518,-18.45]]]},"properties":{"state":"nt","n":14,"kind":"geochem"}},{"type":"Feature","geometry":{"type":"Polygon","coordinates":[[[134.5284,-18.45],[134.5284,-18.27],[134.3725,-18.18],[134.2166,-18.27],[134.2166,-18.45],[134.3725,-18.54],[134.5284,-18.45]]]},"properties":{"state":"nt","n":14,"kind":"geochem"}},{"type":"Feature","geometry":{"type":"Polygon","coordinates":[[[132.0342,-21.69],[132.0342,-21.51],[131.8783,-21.42],[131.7225,-21.51],[131.7225,-21.69],[131.8783,-21.78],[132.0342,-21.69]]]},"properties":{"state":"nt","n":14,"kind":"geochem"}},{"type":"Feature","geometry":{"type":"Polygon","coordinates":[[[136.8667,-30.06],[136.8667,-29.88],[136.7108,-29.79],[136.5549,-29.88],[136.5549,-30.06],[136.7108,-30.15],[136.8667,-30.06]]]},"properties":{"state":"sa","n":14,"kind":"geochem"}},{"type":"Feature","geometry":{"type":"Polygon","coordinates":[[[138.4255,-31.68],[138.4255,-31.5],[138.2696,-31.41],[138.1137,-31.5],[138.1137,-31.68],[138.2696,-31.77],[138.4255,-31.68]]]},"properties":{"state":"sa","n":14,"kind":"geochem"}},{"type":"Feature","geometry":{"type":"Polygon","coordinates":[[[135.9313,-30.6],[135.9313,-30.42],[135.7755,-30.33],[135.6196,-30.42],[135.6196,-30.6],[135.7755,-30.69],[135.9313,-30.6]]]},"properties":{"state":"sa","n":14,"kind":"geochem"}},{"type":"Feature","geometry":{"type":"Polygon","coordinates":[[[136.7108,-30.33],[136.7108,-30.15],[136.5549,-30.06],[136.399,-30.15],[136.399,-30.33],[136.5549,-30.42],[136.7108,-30.33]]]},"properties":{"state":"sa","n":14,"kind":"geochem"}},{"type":"Feature","geometry":{"type":"Polygon","coordinates":[[[132.5019,-28.44],[132.5019,-28.26],[132.346,-28.17],[132.1901,-28.26],[132.1901,-28.44],[132.346,-28.53],[132.5019,-28.44]]]},"properties":{"state":"sa","n":14,"kind":"geochem"}},{"type":"Feature","geometry":{"type":"Polygon","coordinates":[[[131.8783,-31.14],[131.8783,-30.96],[131.7225,-30.87],[131.5666,-30.96],[131.5666,-31.14],[131.7225,-31.23],[131.8783,-31.14]]]},"properties":{"state":"sa","n":14,"kind":"geochem"}},{"type":"Feature","geometry":{"type":"Polygon","coordinates":[[[148.4021,-42.48],[148.4021,-42.3],[148.2462,-42.21],[148.0903,-42.3],[148.0903,-42.48],[148.2462,-42.57],[148.4021,-42.48]]]},"properties":{"state":"tas","n":14,"kind":"geochem"}},{"type":"Feature","geometry":{"type":"Polygon","coordinates":[[[144.505,-30.87],[144.505,-30.69],[144.3491,-30.6],[144.1932,-30.69],[144.1932,-30.87],[144.3491,-30.96],[144.505,-30.87]]]},"properties":{"state":"nsw","n":15,"kind":"geochem"}},{"type":"Feature","geometry":{"type":"Polygon","coordinates":[[[152.611,-31.95],[152.611,-31.77],[152.4551,-31.68],[152.2992,-31.77],[152.2992,-31.95],[152.4551,-32.04],[152.611,-31.95]]]},"properties":{"state":"nsw","n":15,"kind":"geochem"}},{"type":"Feature","geometry":{"type":"Polygon","coordinates":[[[145.7521,-33.03],[145.7521,-32.85],[145.5962,-32.76],[145.4403,-32.85],[145.4403,-33.03],[145.5962,-33.12],[145.7521,-33.03]]]},"properties":{"state":"nsw","n":15,"kind":"geochem"}},{"type":"Feature","geometry":{"type":"Polygon","coordinates":[[[142.4785,-33.3],[142.4785,-33.12],[142.3226,-33.03],[142.1667,-33.12],[142.1667,-33.3],[142.3226,-33.39],[142.4785,-33.3]]]},"properties":{"state":"nsw","n":15,"kind":"geochem"}},{"type":"Feature","geometry":{"type":"Polygon","coordinates":[[[144.8168,-34.65],[144.8168,-34.47],[144.6609,-34.38],[144.505,-34.47],[144.505,-34.65],[144.6609,-34.74],[144.8168,-34.65]]]},"properties":{"state":"nsw","n":15,"kind":"geochem"}},{"type":"Feature","geometry":{"type":"Polygon","coordinates":[[[145.5962,-36.54],[145.5962,-36.36],[145.4403,-36.27],[145.2844,-36.36],[145.2844,-36.54],[145.4403,-36.63],[145.5962,-36.54]]]},"properties":{"state":"vic","n":15,"kind":"geochem"}},{"type":"Feature","geometry":{"type":"Polygon","coordinates":[[[135.1519,-21.69],[135.1519,-21.51],[134.996,-21.42],[134.8402,-21.51],[134.8402,-21.69],[134.996,-21.78],[135.1519,-21.69]]]},"properties":{"state":"nt","n":15,"kind":"geochem"}},{"type":"Feature","geometry":{"type":"Polygon","coordinates":[[[135.7755,-21.69],[135.7755,-21.51],[135.6196,-21.42],[135.4637,-21.51],[135.4637,-21.69],[135.6196,-21.78],[135.7755,-21.69]]]},"properties":{"state":"nt","n":15,"kind":"geochem"}},{"type":"Feature","geometry":{"type":"Polygon","coordinates":[[[132.8137,-24.12],[132.8137,-23.94],[132.6578,-23.85],[132.5019,-23.94],[132.5019,-24.12],[132.6578,-24.21],[132.8137,-24.12]]]},"properties":{"state":"nt","n":15,"kind":"geochem"}},{"type":"Feature","geometry":{"type":"Polygon","coordinates":[[[135.3078,-13.86],[135.3078,-13.68],[135.1519,-13.59],[134.996,-13.68],[134.996,-13.86],[135.1519,-13.95],[135.3078,-13.86]]]},"properties":{"state":"nt","n":15,"kind":"geochem"}},{"type":"Feature","geometry":{"type":"Polygon","coordinates":[[[131.5666,-17.64],[131.5666,-17.46],[131.4107,-17.37],[131.2548,-17.46],[131.2548,-17.64],[131.4107,-17.73],[131.5666,-17.64]]]},"properties":{"state":"nt","n":15,"kind":"geochem"}},{"type":"Feature","geometry":{"type":"Polygon","coordinates":[[[136.7108,-16.29],[136.7108,-16.11],[136.5549,-16.02],[136.399,-16.11],[136.399,-16.29],[136.5549,-16.38],[136.7108,-16.29]]]},"properties":{"state":"nt","n":15,"kind":"geochem"}},{"type":"Feature","geometry":{"type":"Polygon","coordinates":[[[139.3608,-35.46],[139.3608,-35.28],[139.2049,-35.19],[139.049,-35.28],[139.049,-35.46],[139.2049,-35.55],[139.3608,-35.46]]]},"properties":{"state":"sa","n":15,"kind":"geochem"}},{"type":"Feature","geometry":{"type":"Polygon","coordinates":[[[134.3725,-31.14],[134.3725,-30.96],[134.2166,-30.87],[134.0607,-30.96],[134.0607,-31.14],[134.2166,-31.23],[134.3725,-31.14]]]},"properties":{"state":"sa","n":15,"kind":"geochem"}},{"type":"Feature","geometry":{"type":"Polygon","coordinates":[[[140.2961,-37.62],[140.2961,-37.44],[140.1402,-37.35],[139.9843,-37.44],[139.9843,-37.62],[140.1402,-37.71],[140.2961,-37.62]]]},"properties":{"state":"sa","n":15,"kind":"geochem"}},{"type":"Feature","geometry":{"type":"Polygon","coordinates":[[[137.9578,-35.73],[137.9578,-35.55],[137.802,-35.46],[137.6461,-35.55],[137.6461,-35.73],[137.802,-35.82],[137.9578,-35.73]]]},"properties":{"state":"sa","n":15,"kind":"geochem"}},{"type":"Feature","geometry":{"type":"Polygon","coordinates":[[[133.9048,-27.63],[133.9048,-27.45],[133.749,-27.36],[133.5931,-27.45],[133.5931,-27.63],[133.749,-27.72],[133.9048,-27.63]]]},"properties":{"state":"sa","n":15,"kind":"geochem"}},{"type":"Feature","geometry":{"type":"Polygon","coordinates":[[[132.8137,-30.06],[132.8137,-29.88],[132.6578,-29.79],[132.5019,-29.88],[132.5019,-30.06],[132.6578,-30.15],[132.8137,-30.06]]]},"properties":{"state":"sa","n":15,"kind":"geochem"}},{"type":"Feature","geometry":{"type":"Polygon","coordinates":[[[139.6726,-31.68],[139.6726,-31.5],[139.5167,-31.41],[139.3608,-31.5],[139.3608,-31.68],[139.5167,-31.77],[139.6726,-31.68]]]},"properties":{"state":"sa","n":15,"kind":"geochem"}},{"type":"Feature","geometry":{"type":"Polygon","coordinates":[[[134.2166,-32.49],[134.2166,-32.31],[134.0607,-32.22],[133.9048,-32.31],[133.9048,-32.49],[134.0607,-32.58],[134.2166,-32.49]]]},"properties":{"state":"sa","n":15,"kind":"geochem"}},{"type":"Feature","geometry":{"type":"Polygon","coordinates":[[[150.5845,-29.52],[150.5845,-29.34],[150.4286,-29.25],[150.2727,-29.34],[150.2727,-29.52],[150.4286,-29.61],[150.5845,-29.52]]]},"properties":{"state":"nsw","n":16,"kind":"geochem"}},{"type":"Feature","geometry":{"type":"Polygon","coordinates":[[[145.2844,-30.06],[145.2844,-29.88],[145.1285,-29.79],[144.9727,-29.88],[144.9727,-30.06],[145.1285,-30.15],[145.2844,-30.06]]]},"properties":{"state":"nsw","n":16,"kind":"geochem"}},{"type":"Feature","geometry":{"type":"Polygon","coordinates":[[[151.6757,-32.49],[151.6757,-32.31],[151.5198,-32.22],[151.3639,-32.31],[151.3639,-32.49],[151.5198,-32.58],[151.6757,-32.49]]]},"properties":{"state":"nsw","n":16,"kind":"geochem"}},{"type":"Feature","geometry":{"type":"Polygon","coordinates":[[[144.0373,-30.6],[144.0373,-30.42],[143.8815,-30.33],[143.7256,-30.42],[143.7256,-30.6],[143.8815,-30.69],[144.0373,-30.6]]]},"properties":{"state":"nsw","n":16,"kind":"geochem"}},{"type":"Feature","geometry":{"type":"Polygon","coordinates":[[[142.9462,-33.57],[142.9462,-33.39],[142.7903,-33.3],[142.6344,-33.39],[142.6344,-33.57],[142.7903,-33.66],[142.9462,-33.57]]]},"properties":{"state":"nsw","n":16,"kind":"geochem"}},{"type":"Feature","geometry":{"type":"Polygon","coordinates":[[[136.0872,-17.91],[136.0872,-17.73],[135.9313,-17.64],[135.7755,-17.73],[135.7755,-17.91],[135.9313,-18.0],[136.0872,-17.91]]]},"properties":{"state":"nt","n":16,"kind":"geochem"}},{"type":"Feature","geometry":{"type":"Polygon","coordinates":[[[133.5931,-17.37],[133.5931,-17.19],[133.4372,-17.1],[133.2813,-17.19],[133.2813,-17.37],[133.4372,-17.46],[133.5931,-17.37]]]},"properties":{"state":"nt","n":16,"kind":"geochem"}},{"type":"Feature","geometry":{"type":"Polygon","coordinates":[[[130.1636,-13.59],[130.1636,-13.41],[130.0077,-13.32],[129.8518,-13.41],[129.8518,-13.59],[130.0077,-13.68],[130.1636,-13.59]]]},"properties":{"state":"nt","n":16,"kind":"geochem"}},{"type":"Feature","geometry":{"type":"Polygon","coordinates":[[[133.1254,-31.14],[133.1254,-30.96],[132.9695,-30.87],[132.8137,-30.96],[132.8137,-31.14],[132.9695,-31.23],[133.1254,-31.14]]]},"properties":{"state":"sa","n":16,"kind":"geochem"}},{"type":"Feature","geometry":{"type":"Polygon","coordinates":[[[130.4754,-29.79],[130.4754,-29.61],[130.3195,-29.52],[130.1636,-29.61],[130.1636,-29.79],[130.3195,-29.88],[130.4754,-29.79]]]},"properties":{"state":"sa","n":16,"kind":"geochem"}},{"type":"Feature","geometry":{"type":"Polygon","coordinates":[[[139.049,-32.76],[139.049,-32.58],[138.8932,-32.49],[138.7373,-32.58],[138.7373,-32.76],[138.8932,-32.85],[139.049,-32.76]]]},"properties":{"state":"sa","n":16,"kind":"geochem"}},{"type":"Feature","geometry":{"type":"Polygon","coordinates":[[[136.399,-30.87],[136.399,-30.69],[136.2431,-30.6],[136.0872,-30.69],[136.0872,-30.87],[136.2431,-30.96],[136.399,-30.87]]]},"properties":{"state":"sa","n":16,"kind":"geochem"}},{"type":"Feature","geometry":{"type":"Polygon","coordinates":[[[129.8518,-31.41],[129.8518,-31.23],[129.696,-31.14],[129.5401,-31.23],[129.5401,-31.41],[129.696,-31.5],[129.8518,-31.41]]]},"properties":{"state":"sa","n":16,"kind":"geochem"}},{"type":"Feature","geometry":{"type":"Polygon","coordinates":[[[129.3842,-31.14],[129.3842,-30.96],[129.2283,-30.87],[129.0724,-30.96],[129.0724,-31.14],[129.2283,-31.23],[129.3842,-31.14]]]},"properties":{"state":"sa","n":16,"kind":"geochem"}},{"type":"Feature","geometry":{"type":"Polygon","coordinates":[[[145.1285,-30.33],[145.1285,-30.15],[144.9727,-30.06],[144.8168,-30.15],[144.8168,-30.33],[144.9727,-30.42],[145.1285,-30.33]]]},"properties":{"state":"nsw","n":17,"kind":"geochem"}},{"type":"Feature","geometry":{"type":"Polygon","coordinates":[[[148.2462,-31.95],[148.2462,-31.77],[148.0903,-31.68],[147.9345,-31.77],[147.9345,-31.95],[148.0903,-32.04],[148.2462,-31.95]]]},"properties":{"state":"nsw","n":17,"kind":"geochem"}},{"type":"Feature","geometry":{"type":"Polygon","coordinates":[[[143.102,-33.3],[143.102,-33.12],[142.9462,-33.03],[142.7903,-33.12],[142.7903,-33.3],[142.9462,-33.39],[143.102,-33.3]]]},"properties":{"state":"nsw","n":17,"kind":"geochem"}},{"type":"Feature","geometry":{"type":"Polygon","coordinates":[[[141.2314,-31.14],[141.2314,-30.96],[141.0755,-30.87],[140.9197,-30.96],[140.9197,-31.14],[141.0755,-31.23],[141.2314,-31.14]]]},"properties":{"state":"nsw","n":17,"kind":"geochem"}},{"type":"Feature","geometry":{"type":"Polygon","coordinates":[[[141.2314,-30.6],[141.2314,-30.42],[141.0755,-30.33],[140.9197,-30.42],[140.9197,-30.6],[141.0755,-30.69],[141.2314,-30.6]]]},"properties":{"state":"nsw","n":17,"kind":"geochem"}},{"type":"Feature","geometry":{"type":"Polygon","coordinates":[[[150.2727,-31.68],[150.2727,-31.5],[150.1168,-31.41],[149.961,-31.5],[149.961,-31.68],[150.1168,-31.77],[150.2727,-31.68]]]},"properties":{"state":"nsw","n":17,"kind":"geochem"}},{"type":"Feature","geometry":{"type":"Polygon","coordinates":[[[150.8963,-32.22],[150.8963,-32.04],[150.7404,-31.95],[150.5845,-32.04],[150.5845,-32.22],[150.7404,-32.31],[150.8963,-32.22]]]},"properties":{"state":"nsw","n":17,"kind":"geochem"}},{"type":"Feature","geometry":{"type":"Polygon","coordinates":[[[144.6609,-36.54],[144.6609,-36.36],[144.505,-36.27],[144.3491,-36.36],[144.3491,-36.54],[144.505,-36.63],[144.6609,-36.54]]]},"properties":{"state":"vic","n":17,"kind":"geochem"}},{"type":"Feature","geometry":{"type":"Polygon","coordinates":[[[137.4902,-20.88],[137.4902,-20.7],[137.3343,-20.61],[137.1784,-20.7],[137.1784,-20.88],[137.3343,-20.97],[137.4902,-20.88]]]},"properties":{"state":"nt","n":17,"kind":"geochem"}},{"type":"Feature","geometry":{"type":"Polygon","coordinates":[[[132.346,-22.77],[132.346,-22.59],[132.1901,-22.5],[132.0342,-22.59],[132.0342,-22.77],[132.1901,-22.86],[132.346,-22.77]]]},"properties":{"state":"nt","n":17,"kind":"geochem"}},{"type":"Feature","geometry":{"type":"Polygon","coordinates":[[[131.8783,-23.04],[131.8783,-22.86],[131.7225,-22.77],[131.5666,-22.86],[131.5666,-23.04],[131.7225,-23.13],[131.8783,-23.04]]]},"properties":{"state":"nt","n":17,"kind":"geochem"}},{"type":"Feature","geometry":{"type":"Polygon","coordinates":[[[136.0872,-11.97],[136.0872,-11.79],[135.9313,-11.7],[135.7755,-11.79],[135.7755,-11.97],[135.9313,-12.06],[136.0872,-11.97]]]},"properties":{"state":"nt","n":17,"kind":"geochem"}},{"type":"Feature","geometry":{"type":"Polygon","coordinates":[[[136.0872,-31.95],[136.0872,-31.77],[135.9313,-31.68],[135.7755,-31.77],[135.7755,-31.95],[135.9313,-32.04],[136.0872,-31.95]]]},"properties":{"state":"sa","n":17,"kind":"geochem"}},{"type":"Feature","geometry":{"type":"Polygon","coordinates":[[[135.9313,-31.14],[135.9313,-30.96],[135.7755,-30.87],[135.6196,-30.96],[135.6196,-31.14],[135.7755,-31.23],[135.9313,-31.14]]]},"properties":{"state":"sa","n":17,"kind":"geochem"}},{"type":"Feature","geometry":{"type":"Polygon","coordinates":[[[135.9313,-28.98],[135.9313,-28.8],[135.7755,-28.71],[135.6196,-28.8],[135.6196,-28.98],[135.7755,-29.07],[135.9313,-28.98]]]},"properties":{"state":"sa","n":17,"kind":"geochem"}},{"type":"Feature","geometry":{"type":"Polygon","coordinates":[[[138.2696,-33.57],[138.2696,-33.39],[138.1137,-33.3],[137.9578,-33.39],[137.9578,-33.57],[138.1137,-33.66],[138.2696,-33.57]]]},"properties":{"state":"sa","n":17,"kind":"geochem"}},{"type":"Feature","geometry":{"type":"Polygon","coordinates":[[[146.0638,-40.59],[146.0638,-40.41],[145.908,-40.32],[145.7521,-40.41],[145.7521,-40.59],[145.908,-40.68],[146.0638,-40.59]]]},"properties":{"state":"tas","n":17,"kind":"geochem"}},{"type":"Feature","geometry":{"type":"Polygon","coordinates":[[[141.3873,-30.87],[141.3873,-30.69],[141.2314,-30.6],[141.0755,-30.69],[141.0755,-30.87],[141.2314,-30.96],[141.3873,-30.87]]]},"properties":{"state":"nsw","n":18,"kind":"geochem"}},{"type":"Feature","geometry":{"type":"Polygon","coordinates":[[[149.0257,-31.14],[149.0257,-30.96],[148.8698,-30.87],[148.7139,-30.96],[148.7139,-31.14],[148.8698,-31.23],[149.0257,-31.14]]]},"properties":{"state":"nsw","n":18,"kind":"geochem"}},{"type":"Feature","geometry":{"type":"Polygon","coordinates":[[[144.3491,-30.6],[144.3491,-30.42],[144.1932,-30.33],[144.0373,-30.42],[144.0373,-30.6],[144.1932,-30.69],[144.3491,-30.6]]]},"properties":{"state":"nsw","n":18,"kind":"geochem"}},{"type":"Feature","geometry":{"type":"Polygon","coordinates":[[[150.4286,-35.73],[150.4286,-35.55],[150.2727,-35.46],[150.1168,-35.55],[150.1168,-35.73],[150.2727,-35.82],[150.4286,-35.73]]]},"properties":{"state":"nsw","n":18,"kind":"geochem"}},{"type":"Feature","geometry":{"type":"Polygon","coordinates":[[[151.3639,-34.11],[151.3639,-33.93],[151.208,-33.84],[151.0522,-33.93],[151.0522,-34.11],[151.208,-34.2],[151.3639,-34.11]]]},"properties":{"state":"nsw","n":18,"kind":"geochem"}},{"type":"Feature","geometry":{"type":"Polygon","coordinates":[[[146.8433,-34.92],[146.8433,-34.74],[146.6874,-34.65],[146.5315,-34.74],[146.5315,-34.92],[146.6874,-35.01],[146.8433,-34.92]]]},"properties":{"state":"nsw","n":18,"kind":"geochem"}},{"type":"Feature","geometry":{"type":"Polygon","coordinates":[[[142.4785,-37.08],[142.4785,-36.9],[142.3226,-36.81],[142.1667,-36.9],[142.1667,-37.08],[142.3226,-37.17],[142.4785,-37.08]]]},"properties":{"state":"vic","n":18,"kind":"geochem"}},{"type":"Feature","geometry":{"type":"Polygon","coordinates":[[[135.1519,-20.07],[135.1519,-19.89],[134.996,-19.8],[134.8402,-19.89],[134.8402,-20.07],[134.996,-20.16],[135.1519,-20.07]]]},"properties":{"state":"nt","n":18,"kind":"geochem"}},{"type":"Feature","geometry":{"type":"Polygon","coordinates":[[[134.0607,-20.88],[134.0607,-20.7],[133.9048,-20.61],[133.749,-20.7],[133.749,-20.88],[133.9048,-20.97],[134.0607,-20.88]]]},"properties":{"state":"nt","n":18,"kind":"geochem"}},{"type":"Feature","geometry":{"type":"Polygon","coordinates":[[[135.6196,-12.78],[135.6196,-12.6],[135.4637,-12.51],[135.3078,-12.6],[135.3078,-12.78],[135.4637,-12.87],[135.6196,-12.78]]]},"properties":{"state":"nt","n":18,"kind":"geochem"}},{"type":"Feature","geometry":{"type":"Polygon","coordinates":[[[135.3078,-20.34],[135.3078,-20.16],[135.1519,-20.07],[134.996,-20.16],[134.996,-20.34],[135.1519,-20.43],[135.3078,-20.34]]]},"properties":{"state":"nt","n":18,"kind":"geochem"}},{"type":"Feature","geometry":{"type":"Polygon","coordinates":[[[138.4255,-31.14],[138.4255,-30.96],[138.2696,-30.87],[138.1137,-30.96],[138.1137,-31.14],[138.2696,-31.23],[138.4255,-31.14]]]},"properties":{"state":"sa","n":18,"kind":"geochem"}},{"type":"Feature","geometry":{"type":"Polygon","coordinates":[[[135.1519,-30.33],[135.1519,-30.15],[134.996,-30.06],[134.8402,-30.15],[134.8402,-30.33],[134.996,-30.42],[135.1519,-30.33]]]},"properties":{"state":"sa","n":18,"kind":"geochem"}},{"type":"Feature","geometry":{"type":"Polygon","coordinates":[[[132.9695,-27.09],[132.9695,-26.91],[132.8137,-26.82],[132.6578,-26.91],[132.6578,-27.09],[132.8137,-27.18],[132.9695,-27.09]]]},"properties":{"state":"sa","n":18,"kind":"geochem"}},{"type":"Feature","geometry":{"type":"Polygon","coordinates":[[[144.505,-40.59],[144.505,-40.41],[144.3491,-40.32],[144.1932,-40.41],[144.1932,-40.59],[144.3491,-40.68],[144.505,-40.59]]]},"properties":{"state":"tas","n":18,"kind":"geochem"}},{"type":"Feature","geometry":{"type":"Polygon","coordinates":[[[153.8581,-28.71],[153.8581,-28.53],[153.7022,-28.44],[153.5463,-28.53],[153.5463,-28.71],[153.7022,-28.8],[153.8581,-28.71]]]},"properties":{"state":"nsw","n":19,"kind":"geochem"}},{"type":"Feature","geometry":{"type":"Polygon","coordinates":[[[147.155,-34.92],[147.155,-34.74],[146.9992,-34.65],[146.8433,-34.74],[146.8433,-34.92],[146.9992,-35.01],[147.155,-34.92]]]},"properties":{"state":"nsw","n":19,"kind":"geochem"}},{"type":"Feature","geometry":{"type":"Polygon","coordinates":[[[151.8316,-33.3],[151.8316,-33.12],[151.6757,-33.03],[151.5198,-33.12],[151.5198,-33.3],[151.6757,-33.39],[151.8316,-33.3]]]},"properties":{"state":"nsw","n":19,"kind":"geochem"}},{"type":"Feature","geometry":{"type":"Polygon","coordinates":[[[141.855,-37.62],[141.855,-37.44],[141.6991,-37.35],[141.5432,-37.44],[141.5432,-37.62],[141.6991,-37.71],[141.855,-37.62]]]},"properties":{"state":"vic","n":19,"kind":"geochem"}},{"type":"Feature","geometry":{"type":"Polygon","coordinates":[[[134.3725,-22.5],[134.3725,-22.32],[134.2166,-22.23],[134.0607,-22.32],[134.0607,-22.5],[134.2166,-22.59],[134.3725,-22.5]]]},"properties":{"state":"nt","n":19,"kind":"geochem"}},{"type":"Feature","geometry":{"type":"Polygon","coordinates":[[[132.1901,-14.94],[132.1901,-14.76],[132.0342,-14.67],[131.8783,-14.76],[131.8783,-14.94],[132.0342,-15.03],[132.1901,-14.94]]]},"properties":{"state":"nt","n":19,"kind":"geochem"}},{"type":"Feature","geometry":{"type":"Polygon","coordinates":[[[136.7108,-13.05],[136.7108,-12.87],[136.5549,-12.78],[136.399,-12.87],[136.399,-13.05],[136.5549,-13.14],[136.7108,-13.05]]]},"properties":{"state":"nt","n":19,"kind":"geochem"}},{"type":"Feature","geometry":{"type":"Polygon","coordinates":[[[134.3725,-27.36],[134.3725,-27.18],[134.2166,-27.09],[134.0607,-27.18],[134.0607,-27.36],[134.2166,-27.45],[134.3725,-27.36]]]},"properties":{"state":"sa","n":19,"kind":"geochem"}},{"type":"Feature","geometry":{"type":"Polygon","coordinates":[[[133.5931,-26.01],[133.5931,-25.83],[133.4372,-25.74],[133.2813,-25.83],[133.2813,-26.01],[133.4372,-26.1],[133.5931,-26.01]]]},"properties":{"state":"sa","n":19,"kind":"geochem"}},{"type":"Feature","geometry":{"type":"Polygon","coordinates":[[[136.399,-28.71],[136.399,-28.53],[136.2431,-28.44],[136.0872,-28.53],[136.0872,-28.71],[136.2431,-28.8],[136.399,-28.71]]]},"properties":{"state":"sa","n":19,"kind":"geochem"}},{"type":"Feature","geometry":{"type":"Polygon","coordinates":[[[133.9048,-26.01],[133.9048,-25.83],[133.749,-25.74],[133.5931,-25.83],[133.5931,-26.01],[133.749,-26.1],[133.9048,-26.01]]]},"properties":{"state":"sa","n":19,"kind":"geochem"}},{"type":"Feature","geometry":{"type":"Polygon","coordinates":[[[134.0607,-27.36],[134.0607,-27.18],[133.9048,-27.09],[133.749,-27.18],[133.749,-27.36],[133.9048,-27.45],[134.0607,-27.36]]]},"properties":{"state":"sa","n":19,"kind":"geochem"}},{"type":"Feature","geometry":{"type":"Polygon","coordinates":[[[147.9345,-31.41],[147.9345,-31.23],[147.7786,-31.14],[147.6227,-31.23],[147.6227,-31.41],[147.7786,-31.5],[147.9345,-31.41]]]},"properties":{"state":"nsw","n":20,"kind":"geochem"}},{"type":"Feature","geometry":{"type":"Polygon","coordinates":[[[144.9727,-32.22],[144.9727,-32.04],[144.8168,-31.95],[144.6609,-32.04],[144.6609,-32.22],[144.8168,-32.31],[144.9727,-32.22]]]},"properties":{"state":"nsw","n":20,"kind":"geochem"}},{"type":"Feature","geometry":{"type":"Polygon","coordinates":[[[147.3109,-35.73],[147.3109,-35.55],[147.155,-35.46],[146.9992,-35.55],[146.9992,-35.73],[147.155,-35.82],[147.3109,-35.73]]]},"properties":{"state":"nsw","n":20,"kind":"geochem"}},{"type":"Feature","geometry":{"type":"Polygon","coordinates":[[[149.1815,-31.41],[149.1815,-31.23],[149.0257,-31.14],[148.8698,-31.23],[148.8698,-31.41],[149.0257,-31.5],[149.1815,-31.41]]]},"properties":{"state":"nsw","n":20,"kind":"geochem"}},{"type":"Feature","geometry":{"type":"Polygon","coordinates":[[[141.6991,-37.35],[141.6991,-37.17],[141.5432,-37.08],[141.3873,-37.17],[141.3873,-37.35],[141.5432,-37.44],[141.6991,-37.35]]]},"properties":{"state":"vic","n":20,"kind":"geochem"}},{"type":"Feature","geometry":{"type":"Polygon","coordinates":[[[135.4637,-18.99],[135.4637,-18.81],[135.3078,-18.72],[135.1519,-18.81],[135.1519,-18.99],[135.3078,-19.08],[135.4637,-18.99]]]},"properties":{"state":"nt","n":20,"kind":"geochem"}},{"type":"Feature","geometry":{"type":"Polygon","coordinates":[[[133.9048,-22.77],[133.9048,-22.59],[133.749,-22.5],[133.5931,-22.59],[133.5931,-22.77],[133.749,-22.86],[133.9048,-22.77]]]},"properties":{"state":"nt","n":20,"kind":"geochem"}},{"type":"Feature","geometry":{"type":"Polygon","coordinates":[[[134.5284,-13.59],[134.5284,-13.41],[134.3725,-13.32],[134.2166,-13.41],[134.2166,-13.59],[134.3725,-13.68],[134.5284,-13.59]]]},"properties":{"state":"nt","n":20,"kind":"geochem"}},{"type":"Feature","geometry":{"type":"Polygon","coordinates":[[[134.8402,-18.45],[134.8402,-18.27],[134.6843,-18.18],[134.5284,-18.27],[134.5284,-18.45],[134.6843,-18.54],[134.8402,-18.45]]]},"properties":{"state":"nt","n":20,"kind":"geochem"}},{"type":"Feature","geometry":{"type":"Polygon","coordinates":[[[133.4372,-18.18],[133.4372,-18.0],[133.2813,-17.91],[133.1254,-18.0],[133.1254,-18.18],[133.2813,-18.27],[133.4372,-18.18]]]},"properties":{"state":"nt","n":20,"kind":"geochem"}},{"type":"Feature","geometry":{"type":"Polygon","coordinates":[[[140.1402,-35.73],[140.1402,-35.55],[139.9843,-35.46],[139.8285,-35.55],[139.8285,-35.73],[139.9843,-35.82],[140.1402,-35.73]]]},"properties":{"state":"sa","n":20,"kind":"geochem"}},{"type":"Feature","geometry":{"type":"Polygon","coordinates":[[[134.8402,-28.71],[134.8402,-28.53],[134.6843,-28.44],[134.5284,-28.53],[134.5284,-28.71],[134.6843,-28.8],[134.8402,-28.71]]]},"properties":{"state":"sa","n":20,"kind":"geochem"}},{"type":"Feature","geometry":{"type":"Polygon","coordinates":[[[139.049,-30.06],[139.049,-29.88],[138.8932,-29.79],[138.7373,-29.88],[138.7373,-30.06],[138.8932,-30.15],[139.049,-30.06]]]},"properties":{"state":"sa","n":20,"kind":"geochem"}},{"type":"Feature","geometry":{"type":"Polygon","coordinates":[[[138.7373,-34.38],[138.7373,-34.2],[138.5814,-34.11],[138.4255,-34.2],[138.4255,-34.38],[138.5814,-34.47],[138.7373,-34.38]]]},"properties":{"state":"sa","n":20,"kind":"geochem"}},{"type":"Feature","geometry":{"type":"Polygon","coordinates":[[[138.1137,-32.22],[138.1137,-32.04],[137.9578,-31.95],[137.802,-32.04],[137.802,-32.22],[137.9578,-32.31],[138.1137,-32.22]]]},"properties":{"state":"sa","n":20,"kind":"geochem"}},{"type":"Feature","geometry":{"type":"Polygon","coordinates":[[[132.0342,-30.87],[132.0342,-30.69],[131.8783,-30.6],[131.7225,-30.69],[131.7225,-30.87],[131.8783,-30.96],[132.0342,-30.87]]]},"properties":{"state":"sa","n":20,"kind":"geochem"}},{"type":"Feature","geometry":{"type":"Polygon","coordinates":[[[148.558,-40.05],[148.558,-39.87],[148.4021,-39.78],[148.2462,-39.87],[148.2462,-40.05],[148.4021,-40.14],[148.558,-40.05]]]},"properties":{"state":"tas","n":20,"kind":"geochem"}},{"type":"Feature","geometry":{"type":"Polygon","coordinates":[[[145.908,-36.0],[145.908,-35.82],[145.7521,-35.73],[145.5962,-35.82],[145.5962,-36.0],[145.7521,-36.09],[145.908,-36.0]]]},"properties":{"state":"nsw","n":21,"kind":"geochem"}},{"type":"Feature","geometry":{"type":"Polygon","coordinates":[[[141.3873,-30.33],[141.3873,-30.15],[141.2314,-30.06],[141.0755,-30.15],[141.0755,-30.33],[141.2314,-30.42],[141.3873,-30.33]]]},"properties":{"state":"nsw","n":21,"kind":"geochem"}},{"type":"Feature","geometry":{"type":"Polygon","coordinates":[[[145.7521,-36.27],[145.7521,-36.09],[145.5962,-36.0],[145.4403,-36.09],[145.4403,-36.27],[145.5962,-36.36],[145.7521,-36.27]]]},"properties":{"state":"vic","n":21,"kind":"geochem"}},{"type":"Feature","geometry":{"type":"Polygon","coordinates":[[[131.7225,-11.97],[131.7225,-11.79],[131.5666,-11.7],[131.4107,-11.79],[131.4107,-11.97],[131.5666,-12.06],[131.7225,-11.97]]]},"properties":{"state":"nt","n":21,"kind":"geochem"}},{"type":"Feature","geometry":{"type":"Polygon","coordinates":[[[135.3078,-18.72],[135.3078,-18.54],[135.1519,-18.45],[134.996,-18.54],[134.996,-18.72],[135.1519,-18.81],[135.3078,-18.72]]]},"properties":{"state":"nt","n":21,"kind":"geochem"}},{"type":"Feature","geometry":{"type":"Polygon","coordinates":[[[130.1636,-16.83],[130.1636,-16.65],[130.0077,-16.56],[129.8518,-16.65],[129.8518,-16.83],[130.0077,-16.92],[130.1636,-16.83]]]},"properties":{"state":"nt","n":21,"kind":"geochem"}},{"type":"Feature","geometry":{"type":"Polygon","coordinates":[[[139.9843,-33.84],[139.9843,-33.66],[139.8285,-33.57],[139.6726,-33.66],[139.6726,-33.84],[139.8285,-33.93],[139.9843,-33.84]]]},"properties":{"state":"sa","n":21,"kind":"geochem"}},{"type":"Feature","geometry":{"type":"Polygon","coordinates":[[[139.3608,-30.6],[139.3608,-30.42],[139.2049,-30.33],[139.049,-30.42],[139.049,-30.6],[139.2049,-30.69],[139.3608,-30.6]]]},"properties":{"state":"sa","n":21,"kind":"geochem"}},{"type":"Feature","geometry":{"type":"Polygon","coordinates":[[[145.908,-39.78],[145.908,-39.6],[145.7521,-39.51],[145.5962,-39.6],[145.5962,-39.78],[145.7521,-39.87],[145.908,-39.78]]]},"properties":{"state":"tas","n":21,"kind":"geochem"}},{"type":"Feature","geometry":{"type":"Polygon","coordinates":[[[146.5315,-41.94],[146.5315,-41.76],[146.3756,-41.67],[146.2197,-41.76],[146.2197,-41.94],[146.3756,-42.03],[146.5315,-41.94]]]},"properties":{"state":"tas","n":21,"kind":"geochem"}},{"type":"Feature","geometry":{"type":"Polygon","coordinates":[[[143.2579,-31.95],[143.2579,-31.77],[143.102,-31.68],[142.9462,-31.77],[142.9462,-31.95],[143.102,-32.04],[143.2579,-31.95]]]},"properties":{"state":"nsw","n":22,"kind":"geochem"}},{"type":"Feature","geometry":{"type":"Polygon","coordinates":[[[150.4286,-32.49],[150.4286,-32.31],[150.2727,-32.22],[150.1168,-32.31],[150.1168,-32.49],[150.2727,-32.58],[150.4286,-32.49]]]},"properties":{"state":"nsw","n":22,"kind":"geochem"}},{"type":"Feature","geometry":{"type":"Polygon","coordinates":[[[144.9727,-29.52],[144.9727,-29.34],[144.8168,-29.25],[144.6609,-29.34],[144.6609,-29.52],[144.8168,-29.61],[144.9727,-29.52]]]},"properties":{"state":"nsw","n":22,"kind":"geochem"}},{"type":"Feature","geometry":{"type":"Polygon","coordinates":[[[143.5697,-34.65],[143.5697,-34.47],[143.4138,-34.38],[143.2579,-34.47],[143.2579,-34.65],[143.4138,-34.74],[143.5697,-34.65]]]},"properties":{"state":"nsw","n":22,"kind":"geochem"}},{"type":"Feature","geometry":{"type":"Polygon","coordinates":[[[130.6313,-23.04],[130.6313,-22.86],[130.4754,-22.77],[130.3195,-22.86],[130.3195,-23.04],[130.4754,-23.13],[130.6313,-23.04]]]},"properties":{"state":"nt","n":22,"kind":"geochem"}},{"type":"Feature","geometry":{"type":"Polygon","coordinates":[[[136.0872,-18.45],[136.0872,-18.27],[135.9313,-18.18],[135.7755,-18.27],[135.7755,-18.45],[135.9313,-18.54],[136.0872,-18.45]]]},"properties":{"state":"nt","n":22,"kind":"geochem"}},{"type":"Feature","geometry":{"type":"Polygon","coordinates":[[[130.4754,-22.77],[130.4754,-22.59],[130.3195,-22.5],[130.1636,-22.59],[130.1636,-22.77],[130.3195,-22.86],[130.4754,-22.77]]]},"properties":{"state":"nt","n":22,"kind":"geochem"}},{"type":"Feature","geometry":{"type":"Polygon","coordinates":[[[133.4372,-25.2],[133.4372,-25.02],[133.2813,-24.93],[133.1254,-25.02],[133.1254,-25.2],[133.2813,-25.29],[133.4372,-25.2]]]},"properties":{"state":"nt","n":22,"kind":"geochem"}},{"type":"Feature","geometry":{"type":"Polygon","coordinates":[[[137.6461,-23.31],[137.6461,-23.13],[137.4902,-23.04],[137.3343,-23.13],[137.3343,-23.31],[137.4902,-23.4],[137.6461,-23.31]]]},"properties":{"state":"nt","n":22,"kind":"geochem"}},{"type":"Feature","geometry":{"type":"Polygon","coordinates":[[[134.2166,-14.67],[134.2166,-14.49],[134.0607,-14.4],[133.9048,-14.49],[133.9048,-14.67],[134.0607,-14.76],[134.2166,-14.67]]]},"properties":{"state":"nt","n":22,"kind":"geochem"}},{"type":"Feature","geometry":{"type":"Polygon","coordinates":[[[132.8137,-14.4],[132.8137,-14.22],[132.6578,-14.13],[132.5019,-14.22],[132.5019,-14.4],[132.6578,-14.49],[132.8137,-14.4]]]},"properties":{"state":"nt","n":22,"kind":"geochem"}},{"type":"Feature","geometry":{"type":"Polygon","coordinates":[[[134.0607,-13.86],[134.0607,-13.68],[133.9048,-13.59],[133.749,-13.68],[133.749,-13.86],[133.9048,-13.95],[134.0607,-13.86]]]},"properties":{"state":"nt","n":22,"kind":"geochem"}},{"type":"Feature","geometry":{"type":"Polygon","coordinates":[[[133.749,-24.66],[133.749,-24.48],[133.5931,-24.39],[133.4372,-24.48],[133.4372,-24.66],[133.5931,-24.75],[133.749,-24.66]]]},"properties":{"state":"nt","n":22,"kind":"geochem"}},{"type":"Feature","geometry":{"type":"Polygon","coordinates":[[[133.9048,-26.01],[133.9048,-25.83],[133.749,-25.74],[133.5931,-25.83],[133.5931,-26.01],[133.749,-26.1],[133.9048,-26.01]]]},"properties":{"state":"nt","n":22,"kind":"geochem"}},{"type":"Feature","geometry":{"type":"Polygon","coordinates":[[[140.2961,-30.06],[140.2961,-29.88],[140.1402,-29.79],[139.9843,-29.88],[139.9843,-30.06],[140.1402,-30.15],[140.2961,-30.06]]]},"properties":{"state":"sa","n":22,"kind":"geochem"}},{"type":"Feature","geometry":{"type":"Polygon","coordinates":[[[139.3608,-34.92],[139.3608,-34.74],[139.2049,-34.65],[139.049,-34.74],[139.049,-34.92],[139.2049,-35.01],[139.3608,-34.92]]]},"properties":{"state":"sa","n":22,"kind":"geochem"}},{"type":"Feature","geometry":{"type":"Polygon","coordinates":[[[135.6196,-27.9],[135.6196,-27.72],[135.4637,-27.63],[135.3078,-27.72],[135.3078,-27.9],[135.4637,-27.99],[135.6196,-27.9]]]},"properties":{"state":"sa","n":22,"kind":"geochem"}},{"type":"Feature","geometry":{"type":"Polygon","coordinates":[[[137.802,-32.22],[137.802,-32.04],[137.6461,-31.95],[137.4902,-32.04],[137.4902,-32.22],[137.6461,-32.31],[137.802,-32.22]]]},"properties":{"state":"sa","n":22,"kind":"geochem"}},{"type":"Feature","geometry":{"type":"Polygon","coordinates":[[[141.0755,-37.35],[141.0755,-37.17],[140.9197,-37.08],[140.7638,-37.17],[140.7638,-37.35],[140.9197,-37.44],[141.0755,-37.35]]]},"properties":{"state":"sa","n":22,"kind":"geochem"}},{"type":"Feature","geometry":{"type":"Polygon","coordinates":[[[140.2961,-31.14],[140.2961,-30.96],[140.1402,-30.87],[139.9843,-30.96],[139.9843,-31.14],[140.1402,-31.23],[140.2961,-31.14]]]},"properties":{"state":"sa","n":22,"kind":"geochem"}},{"type":"Feature","geometry":{"type":"Polygon","coordinates":[[[130.4754,-26.55],[130.4754,-26.37],[130.3195,-26.28],[130.1636,-26.37],[130.1636,-26.55],[130.3195,-26.64],[130.4754,-26.55]]]},"properties":{"state":"sa","n":22,"kind":"geochem"}},{"type":"Feature","geometry":{"type":"Polygon","coordinates":[[[146.5315,-35.46],[146.5315,-35.28],[146.3756,-35.19],[146.2197,-35.28],[146.2197,-35.46],[146.3756,-35.55],[146.5315,-35.46]]]},"properties":{"state":"nsw","n":23,"kind":"geochem"}},{"type":"Feature","geometry":{"type":"Polygon","coordinates":[[[145.7521,-34.11],[145.7521,-33.93],[145.5962,-33.84],[145.4403,-33.93],[145.4403,-34.11],[145.5962,-34.2],[145.7521,-34.11]]]},"properties":{"state":"nsw","n":23,"kind":"geochem"}},{"type":"Feature","geometry":{"type":"Polygon","coordinates":[[[135.6196,-17.64],[135.6196,-17.46],[135.4637,-17.37],[135.3078,-17.46],[135.3078,-17.64],[135.4637,-17.73],[135.6196,-17.64]]]},"properties":{"state":"nt","n":23,"kind":"geochem"}},{"type":"Feature","geometry":{"type":"Polygon","coordinates":[[[134.2166,-23.85],[134.2166,-23.67],[134.0607,-23.58],[133.9048,-23.67],[133.9048,-23.85],[134.0607,-23.94],[134.2166,-23.85]]]},"properties":{"state":"nt","n":23,"kind":"geochem"}},{"type":"Feature","geometry":{"type":"Polygon","coordinates":[[[136.2431,-22.5],[136.2431,-22.32],[136.0872,-22.23],[135.9313,-22.32],[135.9313,-22.5],[136.0872,-22.59],[136.2431,-22.5]]]},"properties":{"state":"nt","n":23,"kind":"geochem"}},{"type":"Feature","geometry":{"type":"Polygon","coordinates":[[[131.0989,-12.51],[131.0989,-12.33],[130.943,-12.24],[130.7872,-12.33],[130.7872,-12.51],[130.943,-12.6],[131.0989,-12.51]]]},"properties":{"state":"nt","n":23,"kind":"geochem"}},{"type":"Feature","geometry":{"type":"Polygon","coordinates":[[[130.4754,-15.75],[130.4754,-15.57],[130.3195,-15.48],[130.1636,-15.57],[130.1636,-15.75],[130.3195,-15.84],[130.4754,-15.75]]]},"properties":{"state":"nt","n":23,"kind":"geochem"}},{"type":"Feature","geometry":{"type":"Polygon","coordinates":[[[134.6843,-20.88],[134.6843,-20.7],[134.5284,-20.61],[134.3725,-20.7],[134.3725,-20.88],[134.5284,-20.97],[134.6843,-20.88]]]},"properties":{"state":"nt","n":23,"kind":"geochem"}},{"type":"Feature","geometry":{"type":"Polygon","coordinates":[[[131.5666,-15.48],[131.5666,-15.3],[131.4107,-15.21],[131.2548,-15.3],[131.2548,-15.48],[131.4107,-15.57],[131.5666,-15.48]]]},"properties":{"state":"nt","n":23,"kind":"geochem"}},{"type":"Feature","geometry":{"type":"Polygon","coordinates":[[[132.1901,-16.56],[132.1901,-16.38],[132.0342,-16.29],[131.8783,-16.38],[131.8783,-16.56],[132.0342,-16.65],[132.1901,-16.56]]]},"properties":{"state":"nt","n":23,"kind":"geochem"}},{"type":"Feature","geometry":{"type":"Polygon","coordinates":[[[134.8402,-14.13],[134.8402,-13.95],[134.6843,-13.86],[134.5284,-13.95],[134.5284,-14.13],[134.6843,-14.22],[134.8402,-14.13]]]},"properties":{"state":"nt","n":23,"kind":"geochem"}},{"type":"Feature","geometry":{"type":"Polygon","coordinates":[[[133.749,-16.02],[133.749,-15.84],[133.5931,-15.75],[133.4372,-15.84],[133.4372,-16.02],[133.5931,-16.11],[133.749,-16.02]]]},"properties":{"state":"nt","n":23,"kind":"geochem"}},{"type":"Feature","geometry":{"type":"Polygon","coordinates":[[[129.5401,-26.55],[129.5401,-26.37],[129.3842,-26.28],[129.2283,-26.37],[129.2283,-26.55],[129.3842,-26.64],[129.5401,-26.55]]]},"properties":{"state":"sa","n":23,"kind":"geochem"}},{"type":"Feature","geometry":{"type":"Polygon","coordinates":[[[134.3725,-26.82],[134.3725,-26.64],[134.2166,-26.55],[134.0607,-26.64],[134.0607,-26.82],[134.2166,-26.91],[134.3725,-26.82]]]},"properties":{"state":"sa","n":23,"kind":"geochem"}},{"type":"Feature","geometry":{"type":"Polygon","coordinates":[[[135.4637,-27.09],[135.4637,-26.91],[135.3078,-26.82],[135.1519,-26.91],[135.1519,-27.09],[135.3078,-27.18],[135.4637,-27.09]]]},"properties":{"state":"sa","n":23,"kind":"geochem"}},{"type":"Feature","geometry":{"type":"Polygon","coordinates":[[[137.6461,-30.33],[137.6461,-30.15],[137.4902,-30.06],[137.3343,-30.15],[137.3343,-30.33],[137.4902,-30.42],[137.6461,-30.33]]]},"properties":{"state":"sa","n":23,"kind":"geochem"}},{"type":"Feature","geometry":{"type":"Polygon","coordinates":[[[136.0872,-31.41],[136.0872,-31.23],[135.9313,-31.14],[135.7755,-31.23],[135.7755,-31.41],[135.9313,-31.5],[136.0872,-31.41]]]},"properties":{"state":"sa","n":23,"kind":"geochem"}},{"type":"Feature","geometry":{"type":"Polygon","coordinates":[[[140.7638,-36.81],[140.7638,-36.63],[140.6079,-36.54],[140.452,-36.63],[140.452,-36.81],[140.6079,-36.9],[140.7638,-36.81]]]},"properties":{"state":"sa","n":23,"kind":"geochem"}},{"type":"Feature","geometry":{"type":"Polygon","coordinates":[[[133.1254,-30.06],[133.1254,-29.88],[132.9695,-29.79],[132.8137,-29.88],[132.8137,-30.06],[132.9695,-30.15],[133.1254,-30.06]]]},"properties":{"state":"sa","n":23,"kind":"geochem"}},{"type":"Feature","geometry":{"type":"Polygon","coordinates":[[[134.3725,-32.76],[134.3725,-32.58],[134.2166,-32.49],[134.0607,-32.58],[134.0607,-32.76],[134.2166,-32.85],[134.3725,-32.76]]]},"properties":{"state":"sa","n":23,"kind":"geochem"}},{"type":"Feature","geometry":{"type":"Polygon","coordinates":[[[139.9843,-28.44],[139.9843,-28.26],[139.8285,-28.17],[139.6726,-28.26],[139.6726,-28.44],[139.8285,-28.53],[139.9843,-28.44]]]},"properties":{"state":"sa","n":23,"kind":"geochem"}},{"type":"Feature","geometry":{"type":"Polygon","coordinates":[[[142.3226,-34.11],[142.3226,-33.93],[142.1667,-33.84],[142.0108,-33.93],[142.0108,-34.11],[142.1667,-34.2],[142.3226,-34.11]]]},"properties":{"state":"nsw","n":24,"kind":"geochem"}},{"type":"Feature","geometry":{"type":"Polygon","coordinates":[[[146.5315,-30.06],[146.5315,-29.88],[146.3756,-29.79],[146.2197,-29.88],[146.2197,-30.06],[146.3756,-30.15],[146.5315,-30.06]]]},"properties":{"state":"nsw","n":24,"kind":"geochem"}},{"type":"Feature","geometry":{"type":"Polygon","coordinates":[[[142.7903,-38.16],[142.7903,-37.98],[142.6344,-37.89],[142.4785,-37.98],[142.4785,-38.16],[142.6344,-38.25],[142.7903,-38.16]]]},"properties":{"state":"vic","n":24,"kind":"geochem"}},{"type":"Feature","geometry":{"type":"Polygon","coordinates":[[[136.7108,-22.23],[136.7108,-22.05],[136.5549,-21.96],[136.399,-22.05],[136.399,-22.23],[136.5549,-22.32],[136.7108,-22.23]]]},"properties":{"state":"nt","n":24,"kind":"geochem"}},{"type":"Feature","geometry":{"type":"Polygon","coordinates":[[[131.2548,-16.02],[131.2548,-15.84],[131.0989,-15.75],[130.943,-15.84],[130.943,-16.02],[131.0989,-16.11],[131.2548,-16.02]]]},"properties":{"state":"nt","n":24,"kind":"geochem"}},{"type":"Feature","geometry":{"type":"Polygon","coordinates":[[[134.3725,-13.86],[134.3725,-13.68],[134.2166,-13.59],[134.0607,-13.68],[134.0607,-13.86],[134.2166,-13.95],[134.3725,-13.86]]]},"properties":{"state":"nt","n":24,"kind":"geochem"}},{"type":"Feature","geometry":{"type":"Polygon","coordinates":[[[135.4637,-18.45],[135.4637,-18.27],[135.3078,-18.18],[135.1519,-18.27],[135.1519,-18.45],[135.3078,-18.54],[135.4637,-18.45]]]},"properties":{"state":"nt","n":24,"kind":"geochem"}},{"type":"Feature","geometry":{"type":"Polygon","coordinates":[[[139.5167,-32.49],[139.5167,-32.31],[139.3608,-32.22],[139.2049,-32.31],[139.2049,-32.49],[139.3608,-32.58],[139.5167,-32.49]]]},"properties":{"state":"sa","n":24,"kind":"geochem"}},{"type":"Feature","geometry":{"type":"Polygon","coordinates":[[[136.8667,-31.14],[136.8667,-30.96],[136.7108,-30.87],[136.5549,-30.96],[136.5549,-31.14],[136.7108,-31.23],[136.8667,-31.14]]]},"properties":{"state":"sa","n":24,"kind":"geochem"}},{"type":"Feature","geometry":{"type":"Polygon","coordinates":[[[135.3078,-31.68],[135.3078,-31.5],[135.1519,-31.41],[134.996,-31.5],[134.996,-31.68],[135.1519,-31.77],[135.3078,-31.68]]]},"properties":{"state":"sa","n":24,"kind":"geochem"}},{"type":"Feature","geometry":{"type":"Polygon","coordinates":[[[136.7108,-32.49],[136.7108,-32.31],[136.5549,-32.22],[136.399,-32.31],[136.399,-32.49],[136.5549,-32.58],[136.7108,-32.49]]]},"properties":{"state":"sa","n":24,"kind":"geochem"}},{"type":"Feature","geometry":{"type":"Polygon","coordinates":[[[143.5697,-40.05],[143.5697,-39.87],[143.4138,-39.78],[143.2579,-39.87],[143.2579,-40.05],[143.4138,-40.14],[143.5697,-40.05]]]},"properties":{"state":"tas","n":24,"kind":"geochem"}},{"type":"Feature","geometry":{"type":"Polygon","coordinates":[[[144.9727,-30.6],[144.9727,-30.42],[144.8168,-30.33],[144.6609,-30.42],[144.6609,-30.6],[144.8168,-30.69],[144.9727,-30.6]]]},"properties":{"state":"nsw","n":25,"kind":"geochem"}},{"type":"Feature","geometry":{"type":"Polygon","coordinates":[[[151.6757,-33.03],[151.6757,-32.85],[151.5198,-32.76],[151.3639,-32.85],[151.3639,-33.03],[151.5198,-33.12],[151.6757,-33.03]]]},"properties":{"state":"nsw","n":25,"kind":"geochem"}},{"type":"Feature","geometry":{"type":"Polygon","coordinates":[[[142.4785,-34.38],[142.4785,-34.2],[142.3226,-34.11],[142.1667,-34.2],[142.1667,-34.38],[142.3226,-34.47],[142.4785,-34.38]]]},"properties":{"state":"nsw","n":25,"kind":"geochem"}},{"type":"Feature","geometry":{"type":"Polygon","coordinates":[[[142.6344,-33.57],[142.6344,-33.39],[142.4785,-33.3],[142.3226,-33.39],[142.3226,-33.57],[142.4785,-33.66],[142.6344,-33.57]]]},"properties":{"state":"nsw","n":25,"kind":"geochem"}},{"type":"Feature","geometry":{"type":"Polygon","coordinates":[[[132.6578,-14.13],[132.6578,-13.95],[132.5019,-13.86],[132.346,-13.95],[132.346,-14.13],[132.5019,-14.22],[132.6578,-14.13]]]},"properties":{"state":"nt","n":25,"kind":"geochem"}},{"type":"Feature","geometry":{"type":"Polygon","coordinates":[[[134.5284,-20.07],[134.5284,-19.89],[134.3725,-19.8],[134.2166,-19.89],[134.2166,-20.07],[134.3725,-20.16],[134.5284,-20.07]]]},"properties":{"state":"nt","n":25,"kind":"geochem"}},{"type":"Feature","geometry":{"type":"Polygon","coordinates":[[[134.6843,-13.86],[134.6843,-13.68],[134.5284,-13.59],[134.3725,-13.68],[134.3725,-13.86],[134.5284,-13.95],[134.6843,-13.86]]]},"properties":{"state":"nt","n":25,"kind":"geochem"}},{"type":"Feature","geometry":{"type":"Polygon","coordinates":[[[136.399,-31.41],[136.399,-31.23],[136.2431,-31.14],[136.0872,-31.23],[136.0872,-31.41],[136.2431,-31.5],[136.399,-31.41]]]},"properties":{"state":"sa","n":25,"kind":"geochem"}},{"type":"Feature","geometry":{"type":"Polygon","coordinates":[[[138.5814,-31.95],[138.5814,-31.77],[138.4255,-31.68],[138.2696,-31.77],[138.2696,-31.95],[138.4255,-32.04],[138.5814,-31.95]]]},"properties":{"state":"sa","n":25,"kind":"geochem"}},{"type":"Feature","geometry":{"type":"Polygon","coordinates":[[[138.2696,-31.95],[138.2696,-31.77],[138.1137,-31.68],[137.9578,-31.77],[137.9578,-31.95],[138.1137,-32.04],[138.2696,-31.95]]]},"properties":{"state":"sa","n":25,"kind":"geochem"}},{"type":"Feature","geometry":{"type":"Polygon","coordinates":[[[135.1519,-28.71],[135.1519,-28.53],[134.996,-28.44],[134.8402,-28.53],[134.8402,-28.71],[134.996,-28.8],[135.1519,-28.71]]]},"properties":{"state":"sa","n":25,"kind":"geochem"}},{"type":"Feature","geometry":{"type":"Polygon","coordinates":[[[141.0755,-36.27],[141.0755,-36.09],[140.9197,-36.0],[140.7638,-36.09],[140.7638,-36.27],[140.9197,-36.36],[141.0755,-36.27]]]},"properties":{"state":"sa","n":25,"kind":"geochem"}},{"type":"Feature","geometry":{"type":"Polygon","coordinates":[[[139.6726,-32.76],[139.6726,-32.58],[139.5167,-32.49],[139.3608,-32.58],[139.3608,-32.76],[139.5167,-32.85],[139.6726,-32.76]]]},"properties":{"state":"sa","n":25,"kind":"geochem"}},{"type":"Feature","geometry":{"type":"Polygon","coordinates":[[[136.7108,-31.95],[136.7108,-31.77],[136.5549,-31.68],[136.399,-31.77],[136.399,-31.95],[136.5549,-32.04],[136.7108,-31.95]]]},"properties":{"state":"sa","n":25,"kind":"geochem"}},{"type":"Feature","geometry":{"type":"Polygon","coordinates":[[[135.6196,-31.68],[135.6196,-31.5],[135.4637,-31.41],[135.3078,-31.5],[135.3078,-31.68],[135.4637,-31.77],[135.6196,-31.68]]]},"properties":{"state":"sa","n":25,"kind":"geochem"}},{"type":"Feature","geometry":{"type":"Polygon","coordinates":[[[144.6609,-30.6],[144.6609,-30.42],[144.505,-30.33],[144.3491,-30.42],[144.3491,-30.6],[144.505,-30.69],[144.6609,-30.6]]]},"properties":{"state":"nsw","n":26,"kind":"geochem"}},{"type":"Feature","geometry":{"type":"Polygon","coordinates":[[[144.505,-31.41],[144.505,-31.23],[144.3491,-31.14],[144.1932,-31.23],[144.1932,-31.41],[144.3491,-31.5],[144.505,-31.41]]]},"properties":{"state":"nsw","n":26,"kind":"geochem"}},{"type":"Feature","geometry":{"type":"Polygon","coordinates":[[[142.6344,-34.65],[142.6344,-34.47],[142.4785,-34.38],[142.3226,-34.47],[142.3226,-34.65],[142.4785,-34.74],[142.6344,-34.65]]]},"properties":{"state":"nsw","n":26,"kind":"geochem"}},{"type":"Feature","geometry":{"type":"Polygon","coordinates":[[[136.8667,-18.18],[136.8667,-18.0],[136.7108,-17.91],[136.5549,-18.0],[136.5549,-18.18],[136.7108,-18.27],[136.8667,-18.18]]]},"properties":{"state":"nt","n":26,"kind":"geochem"}},{"type":"Feature","geometry":{"type":"Polygon","coordinates":[[[137.4902,-17.64],[137.4902,-17.46],[137.3343,-17.37],[137.1784,-17.46],[137.1784,-17.64],[137.3343,-17.73],[137.4902,-17.64]]]},"properties":{"state":"nt","n":26,"kind":"geochem"}},{"type":"Feature","geometry":{"type":"Polygon","coordinates":[[[133.4372,-17.1],[133.4372,-16.92],[133.2813,-16.83],[133.1254,-16.92],[133.1254,-17.1],[133.2813,-17.19],[133.4372,-17.1]]]},"properties":{"state":"nt","n":26,"kind":"geochem"}},{"type":"Feature","geometry":{"type":"Polygon","coordinates":[[[133.749,-17.64],[133.749,-17.46],[133.5931,-17.37],[133.4372,-17.46],[133.4372,-17.64],[133.5931,-17.73],[133.749,-17.64]]]},"properties":{"state":"nt","n":26,"kind":"geochem"}},{"type":"Feature","geometry":{"type":"Polygon","coordinates":[[[130.943,-15.48],[130.943,-15.3],[130.7872,-15.21],[130.6313,-15.3],[130.6313,-15.48],[130.7872,-15.57],[130.943,-15.48]]]},"properties":{"state":"nt","n":26,"kind":"geochem"}},{"type":"Feature","geometry":{"type":"Polygon","coordinates":[[[131.4107,-15.21],[131.4107,-15.03],[131.2548,-14.94],[131.0989,-15.03],[131.0989,-15.21],[131.2548,-15.3],[131.4107,-15.21]]]},"properties":{"state":"nt","n":26,"kind":"geochem"}},{"type":"Feature","geometry":{"type":"Polygon","coordinates":[[[131.8783,-15.48],[131.8783,-15.3],[131.7225,-15.21],[131.5666,-15.3],[131.5666,-15.48],[131.7225,-15.57],[131.8783,-15.48]]]},"properties":{"state":"nt","n":26,"kind":"geochem"}},{"type":"Feature","geometry":{"type":"Polygon","coordinates":[[[136.2431,-13.32],[136.2431,-13.14],[136.0872,-13.05],[135.9313,-13.14],[135.9313,-13.32],[136.0872,-13.41],[136.2431,-13.32]]]},"properties":{"state":"nt","n":26,"kind":"geochem"}},{"type":"Feature","geometry":{"type":"Polygon","coordinates":[[[129.2283,-26.55],[129.2283,-26.37],[129.0724,-26.28],[128.9165,-26.37],[128.9165,-26.55],[129.0724,-26.64],[129.2283,-26.55]]]},"properties":{"state":"sa","n":26,"kind":"geochem"}},{"type":"Feature","geometry":{"type":"Polygon","coordinates":[[[147.7786,-42.48],[147.7786,-42.3],[147.6227,-42.21],[147.4668,-42.3],[147.4668,-42.48],[147.6227,-42.57],[147.7786,-42.48]]]},"properties":{"state":"tas","n":26,"kind":"geochem"}},{"type":"Feature","geometry":{"type":"Polygon","coordinates":[[[150.7404,-31.95],[150.7404,-31.77],[150.5845,-31.68],[150.4286,-31.77],[150.4286,-31.95],[150.5845,-32.04],[150.7404,-31.95]]]},"properties":{"state":"nsw","n":27,"kind":"geochem"}},{"type":"Feature","geometry":{"type":"Polygon","coordinates":[[[130.6313,-23.58],[130.6313,-23.4],[130.4754,-23.31],[130.3195,-23.4],[130.3195,-23.58],[130.4754,-23.67],[130.6313,-23.58]]]},"properties":{"state":"nt","n":27,"kind":"geochem"}},{"type":"Feature","geometry":{"type":"Polygon","coordinates":[[[137.1784,-23.04],[137.1784,-22.86],[137.0225,-22.77],[136.8667,-22.86],[136.8667,-23.04],[137.0225,-23.13],[137.1784,-23.04]]]},"properties":{"state":"nt","n":27,"kind":"geochem"}},{"type":"Feature","geometry":{"type":"Polygon","coordinates":[[[134.3725,-15.48],[134.3725,-15.3],[134.2166,-15.21],[134.0607,-15.3],[134.0607,-15.48],[134.2166,-15.57],[134.3725,-15.48]]]},"properties":{"state":"nt","n":27,"kind":"geochem"}},{"type":"Feature","geometry":{"type":"Polygon","coordinates":[[[135.3078,-15.48],[135.3078,-15.3],[135.1519,-15.21],[134.996,-15.3],[134.996,-15.48],[135.1519,-15.57],[135.3078,-15.48]]]},"properties":{"state":"nt","n":27,"kind":"geochem"}},{"type":"Feature","geometry":{"type":"Polygon","coordinates":[[[133.1254,-11.7],[133.1254,-11.52],[132.9695,-11.43],[132.8137,-11.52],[132.8137,-11.7],[132.9695,-11.79],[133.1254,-11.7]]]},"properties":{"state":"nt","n":27,"kind":"geochem"}},{"type":"Feature","geometry":{"type":"Polygon","coordinates":[[[135.9313,-27.9],[135.9313,-27.72],[135.7755,-27.63],[135.6196,-27.72],[135.6196,-27.9],[135.7755,-27.99],[135.9313,-27.9]]]},"properties":{"state":"sa","n":27,"kind":"geochem"}},{"type":"Feature","geometry":{"type":"Polygon","coordinates":[[[137.0225,-32.49],[137.0225,-32.31],[136.8667,-32.22],[136.7108,-32.31],[136.7108,-32.49],[136.8667,-32.58],[137.0225,-32.49]]]},"properties":{"state":"sa","n":27,"kind":"geochem"}},{"type":"Feature","geometry":{"type":"Polygon","coordinates":[[[153.7022,-28.98],[153.7022,-28.8],[153.5463,-28.71],[153.3904,-28.8],[153.3904,-28.98],[153.5463,-29.07],[153.7022,-28.98]]]},"properties":{"state":"nsw","n":28,"kind":"geochem"}},{"type":"Feature","geometry":{"type":"Polygon","coordinates":[[[134.3725,-25.74],[134.3725,-25.56],[134.2166,-25.47],[134.0607,-25.56],[134.0607,-25.74],[134.2166,-25.83],[134.3725,-25.74]]]},"properties":{"state":"nt","n":28,"kind":"geochem"}},{"type":"Feature","geometry":{"type":"Polygon","coordinates":[[[131.7225,-21.69],[131.7225,-21.51],[131.5666,-21.42],[131.4107,-21.51],[131.4107,-21.69],[131.5666,-21.78],[131.7225,-21.69]]]},"properties":{"state":"nt","n":28,"kind":"geochem"}},{"type":"Feature","geometry":{"type":"Polygon","coordinates":[[[133.4372,-22.5],[133.4372,-22.32],[133.2813,-22.23],[133.1254,-22.32],[133.1254,-22.5],[133.2813,-22.59],[133.4372,-22.5]]]},"properties":{"state":"nt","n":28,"kind":"geochem"}},{"type":"Feature","geometry":{"type":"Polygon","coordinates":[[[131.7225,-14.67],[131.7225,-14.49],[131.5666,-14.4],[131.4107,-14.49],[131.4107,-14.67],[131.5666,-14.76],[131.7225,-14.67]]]},"properties":{"state":"nt","n":28,"kind":"geochem"}},{"type":"Feature","geometry":{"type":"Polygon","coordinates":[[[134.2166,-22.23],[134.2166,-22.05],[134.0607,-21.96],[133.9048,-22.05],[133.9048,-22.23],[134.0607,-22.32],[134.2166,-22.23]]]},"properties":{"state":"nt","n":28,"kind":"geochem"}},{"type":"Feature","geometry":{"type":"Polygon","coordinates":[[[134.996,-18.72],[134.996,-18.54],[134.8402,-18.45],[134.6843,-18.54],[134.6843,-18.72],[134.8402,-18.81],[134.996,-18.72]]]},"properties":{"state":"nt","n":28,"kind":"geochem"}},{"type":"Feature","geometry":{"type":"Polygon","coordinates":[[[135.4637,-27.63],[135.4637,-27.45],[135.3078,-27.36],[135.1519,-27.45],[135.1519,-27.63],[135.3078,-27.72],[135.4637,-27.63]]]},"properties":{"state":"sa","n":28,"kind":"geochem"}},{"type":"Feature","geometry":{"type":"Polygon","coordinates":[[[130.943,-30.06],[130.943,-29.88],[130.7872,-29.79],[130.6313,-29.88],[130.6313,-30.06],[130.7872,-30.15],[130.943,-30.06]]]},"properties":{"state":"sa","n":28,"kind":"geochem"}},{"type":"Feature","geometry":{"type":"Polygon","coordinates":[[[153.7022,-28.44],[153.7022,-28.26],[153.5463,-28.17],[153.3904,-28.26],[153.3904,-28.44],[153.5463,-28.53],[153.7022,-28.44]]]},"properties":{"state":"nsw","n":29,"kind":"geochem"}},{"type":"Feature","geometry":{"type":"Polygon","coordinates":[[[144.505,-32.49],[144.505,-32.31],[144.3491,-32.22],[144.1932,-32.31],[144.1932,-32.49],[144.3491,-32.58],[144.505,-32.49]]]},"properties":{"state":"nsw","n":29,"kind":"geochem"}},{"type":"Feature","geometry":{"type":"Polygon","coordinates":[[[134.3725,-24.12],[134.3725,-23.94],[134.2166,-23.85],[134.0607,-23.94],[134.0607,-24.12],[134.2166,-24.21],[134.3725,-24.12]]]},"properties":{"state":"nt","n":29,"kind":"geochem"}},{"type":"Feature","geometry":{"type":"Polygon","coordinates":[[[129.2283,-24.93],[129.2283,-24.75],[129.0724,-24.66],[128.9165,-24.75],[128.9165,-24.93],[129.0724,-25.02],[129.2283,-24.93]]]},"properties":{"state":"nt","n":29,"kind":"geochem"}},{"type":"Feature","geometry":{"type":"Polygon","coordinates":[[[135.4637,-19.53],[135.4637,-19.35],[135.3078,-19.26],[135.1519,-19.35],[135.1519,-19.53],[135.3078,-19.62],[135.4637,-19.53]]]},"properties":{"state":"nt","n":29,"kind":"geochem"}},{"type":"Feature","geometry":{"type":"Polygon","coordinates":[[[135.1519,-31.95],[135.1519,-31.77],[134.996,-31.68],[134.8402,-31.77],[134.8402,-31.95],[134.996,-32.04],[135.1519,-31.95]]]},"properties":{"state":"sa","n":29,"kind":"geochem"}},{"type":"Feature","geometry":{"type":"Polygon","coordinates":[[[136.2431,-30.06],[136.2431,-29.88],[136.0872,-29.79],[135.9313,-29.88],[135.9313,-30.06],[136.0872,-30.15],[136.2431,-30.06]]]},"properties":{"state":"sa","n":29,"kind":"geochem"}},{"type":"Feature","geometry":{"type":"Polygon","coordinates":[[[134.5284,-31.41],[134.5284,-31.23],[134.3725,-31.14],[134.2166,-31.23],[134.2166,-31.41],[134.3725,-31.5],[134.5284,-31.41]]]},"properties":{"state":"sa","n":29,"kind":"geochem"}},{"type":"Feature","geometry":{"type":"Polygon","coordinates":[[[140.9197,-30.06],[140.9197,-29.88],[140.7638,-29.79],[140.6079,-29.88],[140.6079,-30.06],[140.7638,-30.15],[140.9197,-30.06]]]},"properties":{"state":"sa","n":29,"kind":"geochem"}},{"type":"Feature","geometry":{"type":"Polygon","coordinates":[[[148.0903,-42.48],[148.0903,-42.3],[147.9345,-42.21],[147.7786,-42.3],[147.7786,-42.48],[147.9345,-42.57],[148.0903,-42.48]]]},"properties":{"state":"tas","n":29,"kind":"geochem"}},{"type":"Feature","geometry":{"type":"Polygon","coordinates":[[[147.3109,-36.27],[147.3109,-36.09],[147.155,-36.0],[146.9992,-36.09],[146.9992,-36.27],[147.155,-36.36],[147.3109,-36.27]]]},"properties":{"state":"nsw","n":30,"kind":"geochem"}},{"type":"Feature","geometry":{"type":"Polygon","coordinates":[[[138.2696,-17.37],[138.2696,-17.19],[138.1137,-17.1],[137.9578,-17.19],[137.9578,-17.37],[138.1137,-17.46],[138.2696,-17.37]]]},"properties":{"state":"nt","n":30,"kind":"geochem"}},{"type":"Feature","geometry":{"type":"Polygon","coordinates":[[[136.2431,-23.58],[136.2431,-23.4],[136.0872,-23.31],[135.9313,-23.4],[135.9313,-23.58],[136.0872,-23.67],[136.2431,-23.58]]]},"properties":{"state":"nt","n":30,"kind":"geochem"}},{"type":"Feature","geometry":{"type":"Polygon","coordinates":[[[133.749,-14.94],[133.749,-14.76],[133.5931,-14.67],[133.4372,-14.76],[133.4372,-14.94],[133.5931,-15.03],[133.749,-14.94]]]},"properties":{"state":"nt","n":30,"kind":"geochem"}},{"type":"Feature","geometry":{"type":"Polygon","coordinates":[[[129.696,-15.48],[129.696,-15.3],[129.5401,-15.21],[129.3842,-15.3],[129.3842,-15.48],[129.5401,-15.57],[129.696,-15.48]]]},"properties":{"state":"nt","n":30,"kind":"geochem"}},{"type":"Feature","geometry":{"type":"Polygon","coordinates":[[[137.1784,-22.5],[137.1784,-22.32],[137.0225,-22.23],[136.8667,-22.32],[136.8667,-22.5],[137.0225,-22.59],[137.1784,-22.5]]]},"properties":{"state":"nt","n":30,"kind":"geochem"}},{"type":"Feature","geometry":{"type":"Polygon","coordinates":[[[139.5167,-31.41],[139.5167,-31.23],[139.3608,-31.14],[139.2049,-31.23],[139.2049,-31.41],[139.3608,-31.5],[139.5167,-31.41]]]},"properties":{"state":"sa","n":30,"kind":"geochem"}},{"type":"Feature","geometry":{"type":"Polygon","coordinates":[[[134.6843,-28.98],[134.6843,-28.8],[134.5284,-28.71],[134.3725,-28.8],[134.3725,-28.98],[134.5284,-29.07],[134.6843,-28.98]]]},"properties":{"state":"sa","n":30,"kind":"geochem"}},{"type":"Feature","geometry":{"type":"Polygon","coordinates":[[[140.6079,-30.6],[140.6079,-30.42],[140.452,-30.33],[140.2961,-30.42],[140.2961,-30.6],[140.452,-30.69],[140.6079,-30.6]]]},"properties":{"state":"sa","n":30,"kind":"geochem"}},{"type":"Feature","geometry":{"type":"Polygon","coordinates":[[[134.8402,-27.09],[134.8402,-26.91],[134.6843,-26.82],[134.5284,-26.91],[134.5284,-27.09],[134.6843,-27.18],[134.8402,-27.09]]]},"properties":{"state":"sa","n":30,"kind":"geochem"}},{"type":"Feature","geometry":{"type":"Polygon","coordinates":[[[142.0108,-32.49],[142.0108,-32.31],[141.855,-32.22],[141.6991,-32.31],[141.6991,-32.49],[141.855,-32.58],[142.0108,-32.49]]]},"properties":{"state":"nsw","n":31,"kind":"geochem"}},{"type":"Feature","geometry":{"type":"Polygon","coordinates":[[[147.3109,-34.65],[147.3109,-34.47],[147.155,-34.38],[146.9992,-34.47],[146.9992,-34.65],[147.155,-34.74],[147.3109,-34.65]]]},"properties":{"state":"nsw","n":31,"kind":"geochem"}},{"type":"Feature","geometry":{"type":"Polygon","coordinates":[[[142.3226,-31.95],[142.3226,-31.77],[142.1667,-31.68],[142.0108,-31.77],[142.0108,-31.95],[142.1667,-32.04],[142.3226,-31.95]]]},"properties":{"state":"nsw","n":31,"kind":"geochem"}},{"type":"Feature","geometry":{"type":"Polygon","coordinates":[[[149.8051,-36.27],[149.8051,-36.09],[149.6492,-36.0],[149.4933,-36.09],[149.4933,-36.27],[149.6492,-36.36],[149.8051,-36.27]]]},"properties":{"state":"nsw","n":31,"kind":"geochem"}},{"type":"Feature","geometry":{"type":"Polygon","coordinates":[[[129.0724,-17.64],[129.0724,-17.46],[128.9165,-17.37],[128.7607,-17.46],[128.7607,-17.64],[128.9165,-17.73],[129.0724,-17.64]]]},"properties":{"state":"nt","n":31,"kind":"geochem"}},{"type":"Feature","geometry":{"type":"Polygon","coordinates":[[[135.3078,-16.02],[135.3078,-15.84],[135.1519,-15.75],[134.996,-15.84],[134.996,-16.02],[135.1519,-16.11],[135.3078,-16.02]]]},"properties":{"state":"nt","n":31,"kind":"geochem"}},{"type":"Feature","geometry":{"type":"Polygon","coordinates":[[[135.7755,-11.97],[135.7755,-11.79],[135.6196,-11.7],[135.4637,-11.79],[135.4637,-11.97],[135.6196,-12.06],[135.7755,-11.97]]]},"properties":{"state":"nt","n":31,"kind":"geochem"}},{"type":"Feature","geometry":{"type":"Polygon","coordinates":[[[139.049,-34.38],[139.049,-34.2],[138.8932,-34.11],[138.7373,-34.2],[138.7373,-34.38],[138.8932,-34.47],[139.049,-34.38]]]},"properties":{"state":"sa","n":31,"kind":"geochem"}},{"type":"Feature","geometry":{"type":"Polygon","coordinates":[[[147.155,-40.86],[147.155,-40.68],[146.9992,-40.59],[146.8433,-40.68],[146.8433,-40.86],[146.9992,-40.95],[147.155,-40.86]]]},"properties":{"state":"tas","n":31,"kind":"geochem"}},{"type":"Feature","geometry":{"type":"Polygon","coordinates":[[[144.8168,-37.35],[144.8168,-37.17],[144.6609,-37.08],[144.505,-37.17],[144.505,-37.35],[144.6609,-37.44],[144.8168,-37.35]]]},"properties":{"state":"vic","n":32,"kind":"geochem"}},{"type":"Feature","geometry":{"type":"Polygon","coordinates":[[[130.0077,-19.26],[130.0077,-19.08],[129.8518,-18.99],[129.696,-19.08],[129.696,-19.26],[129.8518,-19.35],[130.0077,-19.26]]]},"properties":{"state":"nt","n":32,"kind":"geochem"}},{"type":"Feature","geometry":{"type":"Polygon","coordinates":[[[136.5549,-19.26],[136.5549,-19.08],[136.399,-18.99],[136.2431,-19.08],[136.2431,-19.26],[136.399,-19.35],[136.5549,-19.26]]]},"properties":{"state":"nt","n":32,"kind":"geochem"}},{"type":"Feature","geometry":{"type":"Polygon","coordinates":[[[137.6461,-16.29],[137.6461,-16.11],[137.4902,-16.02],[137.3343,-16.11],[137.3343,-16.29],[137.4902,-16.38],[137.6461,-16.29]]]},"properties":{"state":"nt","n":32,"kind":"geochem"}},{"type":"Feature","geometry":{"type":"Polygon","coordinates":[[[134.996,-19.26],[134.996,-19.08],[134.8402,-18.99],[134.6843,-19.08],[134.6843,-19.26],[134.8402,-19.35],[134.996,-19.26]]]},"properties":{"state":"nt","n":32,"kind":"geochem"}},{"type":"Feature","geometry":{"type":"Polygon","coordinates":[[[140.2961,-36.0],[140.2961,-35.82],[140.1402,-35.73],[139.9843,-35.82],[139.9843,-36.0],[140.1402,-36.09],[140.2961,-36.0]]]},"properties":{"state":"sa","n":32,"kind":"geochem"}},{"type":"Feature","geometry":{"type":"Polygon","coordinates":[[[146.5315,-36.0],[146.5315,-35.82],[146.3756,-35.73],[146.2197,-35.82],[146.2197,-36.0],[146.3756,-36.09],[146.5315,-36.0]]]},"properties":{"state":"nsw","n":33,"kind":"geochem"}},{"type":"Feature","geometry":{"type":"Polygon","coordinates":[[[147.3109,-35.19],[147.3109,-35.01],[147.155,-34.92],[146.9992,-35.01],[146.9992,-35.19],[147.155,-35.28],[147.3109,-35.19]]]},"properties":{"state":"nsw","n":33,"kind":"geochem"}},{"type":"Feature","geometry":{"type":"Polygon","coordinates":[[[129.2283,-21.69],[129.2283,-21.51],[129.0724,-21.42],[128.9165,-21.51],[128.9165,-21.69],[129.0724,-21.78],[129.2283,-21.69]]]},"properties":{"state":"nt","n":33,"kind":"geochem"}},{"type":"Feature","geometry":{"type":"Polygon","coordinates":[[[134.5284,-20.61],[134.5284,-20.43],[134.3725,-20.34],[134.2166,-20.43],[134.2166,-20.61],[134.3725,-20.7],[134.5284,-20.61]]]},"properties":{"state":"nt","n":33,"kind":"geochem"}},{"type":"Feature","geometry":{"type":"Polygon","coordinates":[[[130.1636,-14.13],[130.1636,-13.95],[130.0077,-13.86],[129.8518,-13.95],[129.8518,-14.13],[130.0077,-14.22],[130.1636,-14.13]]]},"properties":{"state":"nt","n":33,"kind":"geochem"}},{"type":"Feature","geometry":{"type":"Polygon","coordinates":[[[134.2166,-27.63],[134.2166,-27.45],[134.0607,-27.36],[133.9048,-27.45],[133.9048,-27.63],[134.0607,-27.72],[134.2166,-27.63]]]},"properties":{"state":"sa","n":33,"kind":"geochem"}},{"type":"Feature","geometry":{"type":"Polygon","coordinates":[[[129.5401,-26.01],[129.5401,-25.83],[129.3842,-25.74],[129.2283,-25.83],[129.2283,-26.01],[129.3842,-26.1],[129.5401,-26.01]]]},"properties":{"state":"sa","n":33,"kind":"geochem"}},{"type":"Feature","geometry":{"type":"Polygon","coordinates":[[[139.6726,-34.92],[139.6726,-34.74],[139.5167,-34.65],[139.3608,-34.74],[139.3608,-34.92],[139.5167,-35.01],[139.6726,-34.92]]]},"properties":{"state":"sa","n":33,"kind":"geochem"}},{"type":"Feature","geometry":{"type":"Polygon","coordinates":[[[153.2345,-29.79],[153.2345,-29.61],[153.0787,-29.52],[152.9228,-29.61],[152.9228,-29.79],[153.0787,-29.88],[153.2345,-29.79]]]},"properties":{"state":"nsw","n":34,"kind":"geochem"}},{"type":"Feature","geometry":{"type":"Polygon","coordinates":[[[151.208,-32.22],[151.208,-32.04],[151.0522,-31.95],[150.8963,-32.04],[150.8963,-32.22],[151.0522,-32.31],[151.208,-32.22]]]},"properties":{"state":"nsw","n":34,"kind":"geochem"}},{"type":"Feature","geometry":{"type":"Polygon","coordinates":[[[131.0989,-15.75],[131.0989,-15.57],[130.943,-15.48],[130.7872,-15.57],[130.7872,-15.75],[130.943,-15.84],[131.0989,-15.75]]]},"properties":{"state":"nt","n":34,"kind":"geochem"}},{"type":"Feature","geometry":{"type":"Polygon","coordinates":[[[130.7872,-15.75],[130.7872,-15.57],[130.6313,-15.48],[130.4754,-15.57],[130.4754,-15.75],[130.6313,-15.84],[130.7872,-15.75]]]},"properties":{"state":"nt","n":34,"kind":"geochem"}},{"type":"Feature","geometry":{"type":"Polygon","coordinates":[[[133.5931,-26.01],[133.5931,-25.83],[133.4372,-25.74],[133.2813,-25.83],[133.2813,-26.01],[133.4372,-26.1],[133.5931,-26.01]]]},"properties":{"state":"nt","n":34,"kind":"geochem"}},{"type":"Feature","geometry":{"type":"Polygon","coordinates":[[[135.6196,-12.24],[135.6196,-12.06],[135.4637,-11.97],[135.3078,-12.06],[135.3078,-12.24],[135.4637,-12.33],[135.6196,-12.24]]]},"properties":{"state":"nt","n":34,"kind":"geochem"}},{"type":"Feature","geometry":{"type":"Polygon","coordinates":[[[138.8932,-33.03],[138.8932,-32.85],[138.7373,-32.76],[138.5814,-32.85],[138.5814,-33.03],[138.7373,-33.12],[138.8932,-33.03]]]},"properties":{"state":"sa","n":34,"kind":"geochem"}},{"type":"Feature","geometry":{"type":"Polygon","coordinates":[[[139.3608,-33.84],[139.3608,-33.66],[139.2049,-33.57],[139.049,-33.66],[139.049,-33.84],[139.2049,-33.93],[139.3608,-33.84]]]},"properties":{"state":"sa","n":34,"kind":"geochem"}},{"type":"Feature","geometry":{"type":"Polygon","coordinates":[[[146.8433,-43.56],[146.8433,-43.38],[146.6874,-43.29],[146.5315,-43.38],[146.5315,-43.56],[146.6874,-43.65],[146.8433,-43.56]]]},"properties":{"state":"tas","n":34,"kind":"geochem"}},{"type":"Feature","geometry":{"type":"Polygon","coordinates":[[[141.3873,-33.03],[141.3873,-32.85],[141.2314,-32.76],[141.0755,-32.85],[141.0755,-33.03],[141.2314,-33.12],[141.3873,-33.03]]]},"properties":{"state":"nsw","n":35,"kind":"geochem"}},{"type":"Feature","geometry":{"type":"Polygon","coordinates":[[[151.9875,-33.03],[151.9875,-32.85],[151.8316,-32.76],[151.6757,-32.85],[151.6757,-33.03],[151.8316,-33.12],[151.9875,-33.03]]]},"properties":{"state":"nsw","n":35,"kind":"geochem"}},{"type":"Feature","geometry":{"type":"Polygon","coordinates":[[[143.102,-36.54],[143.102,-36.36],[142.9462,-36.27],[142.7903,-36.36],[142.7903,-36.54],[142.9462,-36.63],[143.102,-36.54]]]},"properties":{"state":"vic","n":35,"kind":"geochem"}},{"type":"Feature","geometry":{"type":"Polygon","coordinates":[[[129.2283,-19.53],[129.2283,-19.35],[129.0724,-19.26],[128.9165,-19.35],[128.9165,-19.53],[129.0724,-19.62],[129.2283,-19.53]]]},"properties":{"state":"nt","n":35,"kind":"geochem"}},{"type":"Feature","geometry":{"type":"Polygon","coordinates":[[[130.0077,-15.48],[130.0077,-15.3],[129.8518,-15.21],[129.696,-15.3],[129.696,-15.48],[129.8518,-15.57],[130.0077,-15.48]]]},"properties":{"state":"nt","n":35,"kind":"geochem"}},{"type":"Feature","geometry":{"type":"Polygon","coordinates":[[[133.4372,-14.4],[133.4372,-14.22],[133.2813,-14.13],[133.1254,-14.22],[133.1254,-14.4],[133.2813,-14.49],[133.4372,-14.4]]]},"properties":{"state":"nt","n":35,"kind":"geochem"}},{"type":"Feature","geometry":{"type":"Polygon","coordinates":[[[131.7225,-17.37],[131.7225,-17.19],[131.5666,-17.1],[131.4107,-17.19],[131.4107,-17.37],[131.5666,-17.46],[131.7225,-17.37]]]},"properties":{"state":"nt","n":35,"kind":"geochem"}},{"type":"Feature","geometry":{"type":"Polygon","coordinates":[[[138.8932,-35.19],[138.8932,-35.01],[138.7373,-34.92],[138.5814,-35.01],[138.5814,-35.19],[138.7373,-35.28],[138.8932,-35.19]]]},"properties":{"state":"sa","n":35,"kind":"geochem"}},{"type":"Feature","geometry":{"type":"Polygon","coordinates":[[[138.7373,-30.6],[138.7373,-30.42],[138.5814,-30.33],[138.4255,-30.42],[138.4255,-30.6],[138.5814,-30.69],[138.7373,-30.6]]]},"properties":{"state":"sa","n":35,"kind":"geochem"}},{"type":"Feature","geometry":{"type":"Polygon","coordinates":[[[134.8402,-14.67],[134.8402,-14.49],[134.6843,-14.4],[134.5284,-14.49],[134.5284,-14.67],[134.6843,-14.76],[134.8402,-14.67]]]},"properties":{"state":"nt","n":36,"kind":"geochem"}},{"type":"Feature","geometry":{"type":"Polygon","coordinates":[[[133.5931,-26.55],[133.5931,-26.37],[133.4372,-26.28],[133.2813,-26.37],[133.2813,-26.55],[133.4372,-26.64],[133.5931,-26.55]]]},"properties":{"state":"sa","n":36,"kind":"geochem"}},{"type":"Feature","geometry":{"type":"Polygon","coordinates":[[[136.0872,-28.71],[136.0872,-28.53],[135.9313,-28.44],[135.7755,-28.53],[135.7755,-28.71],[135.9313,-28.8],[136.0872,-28.71]]]},"properties":{"state":"sa","n":36,"kind":"geochem"}},{"type":"Feature","geometry":{"type":"Polygon","coordinates":[[[133.749,-27.36],[133.749,-27.18],[133.5931,-27.09],[133.4372,-27.18],[133.4372,-27.36],[133.5931,-27.45],[133.749,-27.36]]]},"properties":{"state":"sa","n":36,"kind":"geochem"}},{"type":"Feature","geometry":{"type":"Polygon","coordinates":[[[150.5845,-28.98],[150.5845,-28.8],[150.4286,-28.71],[150.2727,-28.8],[150.2727,-28.98],[150.4286,-29.07],[150.5845,-28.98]]]},"properties":{"state":"nsw","n":37,"kind":"geochem"}},{"type":"Feature","geometry":{"type":"Polygon","coordinates":[[[147.6227,-31.95],[147.6227,-31.77],[147.4668,-31.68],[147.3109,-31.77],[147.3109,-31.95],[147.4668,-32.04],[147.6227,-31.95]]]},"properties":{"state":"nsw","n":37,"kind":"geochem"}},{"type":"Feature","geometry":{"type":"Polygon","coordinates":[[[151.0522,-32.49],[151.0522,-32.31],[150.8963,-32.22],[150.7404,-32.31],[150.7404,-32.49],[150.8963,-32.58],[151.0522,-32.49]]]},"properties":{"state":"nsw","n":37,"kind":"geochem"}},{"type":"Feature","geometry":{"type":"Polygon","coordinates":[[[134.6843,-22.5],[134.6843,-22.32],[134.5284,-22.23],[134.3725,-22.32],[134.3725,-22.5],[134.5284,-22.59],[134.6843,-22.5]]]},"properties":{"state":"nt","n":37,"kind":"geochem"}},{"type":"Feature","geometry":{"type":"Polygon","coordinates":[[[135.4637,-16.29],[135.4637,-16.11],[135.3078,-16.02],[135.1519,-16.11],[135.1519,-16.29],[135.3078,-16.38],[135.4637,-16.29]]]},"properties":{"state":"nt","n":37,"kind":"geochem"}},{"type":"Feature","geometry":{"type":"Polygon","coordinates":[[[136.2431,-15.48],[136.2431,-15.3],[136.0872,-15.21],[135.9313,-15.3],[135.9313,-15.48],[136.0872,-15.57],[136.2431,-15.48]]]},"properties":{"state":"nt","n":37,"kind":"geochem"}},{"type":"Feature","geometry":{"type":"Polygon","coordinates":[[[136.0872,-22.23],[136.0872,-22.05],[135.9313,-21.96],[135.7755,-22.05],[135.7755,-22.23],[135.9313,-22.32],[136.0872,-22.23]]]},"properties":{"state":"nt","n":37,"kind":"geochem"}},{"type":"Feature","geometry":{"type":"Polygon","coordinates":[[[129.5401,-31.41],[129.5401,-31.23],[129.3842,-31.14],[129.2283,-31.23],[129.2283,-31.41],[129.3842,-31.5],[129.5401,-31.41]]]},"properties":{"state":"sa","n":37,"kind":"geochem"}},{"type":"Feature","geometry":{"type":"Polygon","coordinates":[[[136.8667,-32.22],[136.8667,-32.04],[136.7108,-31.95],[136.5549,-32.04],[136.5549,-32.22],[136.7108,-32.31],[136.8667,-32.22]]]},"properties":{"state":"sa","n":37,"kind":"geochem"}},{"type":"Feature","geometry":{"type":"Polygon","coordinates":[[[147.6227,-35.19],[147.6227,-35.01],[147.4668,-34.92],[147.3109,-35.01],[147.3109,-35.19],[147.4668,-35.28],[147.6227,-35.19]]]},"properties":{"state":"nsw","n":38,"kind":"geochem"}},{"type":"Feature","geometry":{"type":"Polygon","coordinates":[[[142.4785,-36.54],[142.4785,-36.36],[142.3226,-36.27],[142.1667,-36.36],[142.1667,-36.54],[142.3226,-36.63],[142.4785,-36.54]]]},"properties":{"state":"vic","n":38,"kind":"geochem"}},{"type":"Feature","geometry":{"type":"Polygon","coordinates":[[[134.6843,-24.12],[134.6843,-23.94],[134.5284,-23.85],[134.3725,-23.94],[134.3725,-24.12],[134.5284,-24.21],[134.6843,-24.12]]]},"properties":{"state":"nt","n":38,"kind":"geochem"}},{"type":"Feature","geometry":{"type":"Polygon","coordinates":[[[132.0342,-16.29],[132.0342,-16.11],[131.8783,-16.02],[131.7225,-16.11],[131.7225,-16.29],[131.8783,-16.38],[132.0342,-16.29]]]},"properties":{"state":"nt","n":38,"kind":"geochem"}},{"type":"Feature","geometry":{"type":"Polygon","coordinates":[[[139.8285,-35.19],[139.8285,-35.01],[139.6726,-34.92],[139.5167,-35.01],[139.5167,-35.19],[139.6726,-35.28],[139.8285,-35.19]]]},"properties":{"state":"sa","n":38,"kind":"geochem"}},{"type":"Feature","geometry":{"type":"Polygon","coordinates":[[[134.0607,-31.14],[134.0607,-30.96],[133.9048,-30.87],[133.749,-30.96],[133.749,-31.14],[133.9048,-31.23],[134.0607,-31.14]]]},"properties":{"state":"sa","n":38,"kind":"geochem"}},{"type":"Feature","geometry":{"type":"Polygon","coordinates":[[[135.7755,-30.33],[135.7755,-30.15],[135.6196,-30.06],[135.4637,-30.15],[135.4637,-30.33],[135.6196,-30.42],[135.7755,-30.33]]]},"properties":{"state":"sa","n":38,"kind":"geochem"}},{"type":"Feature","geometry":{"type":"Polygon","coordinates":[[[140.9197,-31.14],[140.9197,-30.96],[140.7638,-30.87],[140.6079,-30.96],[140.6079,-31.14],[140.7638,-31.23],[140.9197,-31.14]]]},"properties":{"state":"sa","n":38,"kind":"geochem"}},{"type":"Feature","geometry":{"type":"Polygon","coordinates":[[[129.3842,-26.82],[129.3842,-26.64],[129.2283,-26.55],[129.0724,-26.64],[129.0724,-26.82],[129.2283,-26.91],[129.3842,-26.82]]]},"properties":{"state":"sa","n":38,"kind":"geochem"}},{"type":"Feature","geometry":{"type":"Polygon","coordinates":[[[133.9048,-16.29],[133.9048,-16.11],[133.749,-16.02],[133.5931,-16.11],[133.5931,-16.29],[133.749,-16.38],[133.9048,-16.29]]]},"properties":{"state":"nt","n":39,"kind":"geochem"}},{"type":"Feature","geometry":{"type":"Polygon","coordinates":[[[134.2166,-16.29],[134.2166,-16.11],[134.0607,-16.02],[133.9048,-16.11],[133.9048,-16.29],[134.0607,-16.38],[134.2166,-16.29]]]},"properties":{"state":"nt","n":39,"kind":"geochem"}},{"type":"Feature","geometry":{"type":"Polygon","coordinates":[[[136.0872,-12.51],[136.0872,-12.33],[135.9313,-12.24],[135.7755,-12.33],[135.7755,-12.51],[135.9313,-12.6],[136.0872,-12.51]]]},"properties":{"state":"nt","n":39,"kind":"geochem"}},{"type":"Feature","geometry":{"type":"Polygon","coordinates":[[[140.1402,-35.19],[140.1402,-35.01],[139.9843,-34.92],[139.8285,-35.01],[139.8285,-35.19],[139.9843,-35.28],[140.1402,-35.19]]]},"properties":{"state":"sa","n":39,"kind":"geochem"}},{"type":"Feature","geometry":{"type":"Polygon","coordinates":[[[134.5284,-31.95],[134.5284,-31.77],[134.3725,-31.68],[134.2166,-31.77],[134.2166,-31.95],[134.3725,-32.04],[134.5284,-31.95]]]},"properties":{"state":"sa","n":39,"kind":"geochem"}},{"type":"Feature","geometry":{"type":"Polygon","coordinates":[[[135.4637,-34.65],[135.4637,-34.47],[135.3078,-34.38],[135.1519,-34.47],[135.1519,-34.65],[135.3078,-34.74],[135.4637,-34.65]]]},"properties":{"state":"sa","n":39,"kind":"geochem"}},{"type":"Feature","geometry":{"type":"Polygon","coordinates":[[[135.4637,-33.57],[135.4637,-33.39],[135.3078,-33.3],[135.1519,-33.39],[135.1519,-33.57],[135.3078,-33.66],[135.4637,-33.57]]]},"properties":{"state":"sa","n":39,"kind":"geochem"}},{"type":"Feature","geometry":{"type":"Polygon","coordinates":[[[152.1433,-28.44],[152.1433,-28.26],[151.9875,-28.17],[151.8316,-28.26],[151.8316,-28.44],[151.9875,-28.53],[152.1433,-28.44]]]},"properties":{"state":"nsw","n":40,"kind":"geochem"}},{"type":"Feature","geometry":{"type":"Polygon","coordinates":[[[149.3374,-31.68],[149.3374,-31.5],[149.1815,-31.41],[149.0257,-31.5],[149.0257,-31.68],[149.1815,-31.77],[149.3374,-31.68]]]},"properties":{"state":"nsw","n":40,"kind":"geochem"}},{"type":"Feature","geometry":{"type":"Polygon","coordinates":[[[142.7903,-34.92],[142.7903,-34.74],[142.6344,-34.65],[142.4785,-34.74],[142.4785,-34.92],[142.6344,-35.01],[142.7903,-34.92]]]},"properties":{"state":"nsw","n":40,"kind":"geochem"}},{"type":"Feature","geometry":{"type":"Polygon","coordinates":[[[130.6313,-14.94],[130.6313,-14.76],[130.4754,-14.67],[130.3195,-14.76],[130.3195,-14.94],[130.4754,-15.03],[130.6313,-14.94]]]},"properties":{"state":"nt","n":40,"kind":"geochem"}},{"type":"Feature","geometry":{"type":"Polygon","coordinates":[[[137.9578,-33.03],[137.9578,-32.85],[137.802,-32.76],[137.6461,-32.85],[137.6461,-33.03],[137.802,-33.12],[137.9578,-33.03]]]},"properties":{"state":"sa","n":40,"kind":"geochem"}},{"type":"Feature","geometry":{"type":"Polygon","coordinates":[[[135.3078,-28.44],[135.3078,-28.26],[135.1519,-28.17],[134.996,-28.26],[134.996,-28.44],[135.1519,-28.53],[135.3078,-28.44]]]},"properties":{"state":"sa","n":40,"kind":"geochem"}},{"type":"Feature","geometry":{"type":"Polygon","coordinates":[[[140.1402,-28.17],[140.1402,-27.99],[139.9843,-27.9],[139.8285,-27.99],[139.8285,-28.17],[139.9843,-28.26],[140.1402,-28.17]]]},"properties":{"state":"sa","n":40,"kind":"geochem"}},{"type":"Feature","geometry":{"type":"Polygon","coordinates":[[[149.961,-32.22],[149.961,-32.04],[149.8051,-31.95],[149.6492,-32.04],[149.6492,-32.22],[149.8051,-32.31],[149.961,-32.22]]]},"properties":{"state":"nsw","n":41,"kind":"geochem"}},{"type":"Feature","geometry":{"type":"Polygon","coordinates":[[[133.5931,-17.91],[133.5931,-17.73],[133.4372,-17.64],[133.2813,-17.73],[133.2813,-17.91],[133.4372,-18.0],[133.5931,-17.91]]]},"properties":{"state":"nt","n":41,"kind":"geochem"}},{"type":"Feature","geometry":{"type":"Polygon","coordinates":[[[137.9578,-23.31],[137.9578,-23.13],[137.802,-23.04],[137.6461,-23.13],[137.6461,-23.31],[137.802,-23.4],[137.9578,-23.31]]]},"properties":{"state":"nt","n":41,"kind":"geochem"}},{"type":"Feature","geometry":{"type":"Polygon","coordinates":[[[132.0342,-14.67],[132.0342,-14.49],[131.8783,-14.4],[131.7225,-14.49],[131.7225,-14.67],[131.8783,-14.76],[132.0342,-14.67]]]},"properties":{"state":"nt","n":41,"kind":"geochem"}},{"type":"Feature","geometry":{"type":"Polygon","coordinates":[[[132.6578,-30.87],[132.6578,-30.69],[132.5019,-30.6],[132.346,-30.69],[132.346,-30.87],[132.5019,-30.96],[132.6578,-30.87]]]},"properties":{"state":"sa","n":41,"kind":"geochem"}},{"type":"Feature","geometry":{"type":"Polygon","coordinates":[[[140.1402,-32.49],[140.1402,-32.31],[139.9843,-32.22],[139.8285,-32.31],[139.8285,-32.49],[139.9843,-32.58],[140.1402,-32.49]]]},"properties":{"state":"sa","n":41,"kind":"geochem"}},{"type":"Feature","geometry":{"type":"Polygon","coordinates":[[[133.749,-28.98],[133.749,-28.8],[133.5931,-28.71],[133.4372,-28.8],[133.4372,-28.98],[133.5931,-29.07],[133.749,-28.98]]]},"properties":{"state":"sa","n":41,"kind":"geochem"}},{"type":"Feature","geometry":{"type":"Polygon","coordinates":[[[143.7256,-37.08],[143.7256,-36.9],[143.5697,-36.81],[143.4138,-36.9],[143.4138,-37.08],[143.5697,-37.17],[143.7256,-37.08]]]},"properties":{"state":"vic","n":42,"kind":"geochem"}},{"type":"Feature","geometry":{"type":"Polygon","coordinates":[[[137.9578,-18.45],[137.9578,-18.27],[137.802,-18.18],[137.6461,-18.27],[137.6461,-18.45],[137.802,-18.54],[137.9578,-18.45]]]},"properties":{"state":"nt","n":42,"kind":"geochem"}},{"type":"Feature","geometry":{"type":"Polygon","coordinates":[[[137.6461,-31.95],[137.6461,-31.77],[137.4902,-31.68],[137.3343,-31.77],[137.3343,-31.95],[137.4902,-32.04],[137.6461,-31.95]]]},"properties":{"state":"sa","n":42,"kind":"geochem"}},{"type":"Feature","geometry":{"type":"Polygon","coordinates":[[[132.346,-31.41],[132.346,-31.23],[132.1901,-31.14],[132.0342,-31.23],[132.0342,-31.41],[132.1901,-31.5],[132.346,-31.41]]]},"properties":{"state":"sa","n":42,"kind":"geochem"}},{"type":"Feature","geometry":{"type":"Polygon","coordinates":[[[142.6344,-33.03],[142.6344,-32.85],[142.4785,-32.76],[142.3226,-32.85],[142.3226,-33.03],[142.4785,-33.12],[142.6344,-33.03]]]},"properties":{"state":"nsw","n":43,"kind":"geochem"}},{"type":"Feature","geometry":{"type":"Polygon","coordinates":[[[129.0724,-17.1],[129.0724,-16.92],[128.9165,-16.83],[128.7607,-16.92],[128.7607,-17.1],[128.9165,-17.19],[129.0724,-17.1]]]},"properties":{"state":"nt","n":43,"kind":"geochem"}},{"type":"Feature","geometry":{"type":"Polygon","coordinates":[[[135.7755,-33.57],[135.7755,-33.39],[135.6196,-33.3],[135.4637,-33.39],[135.4637,-33.57],[135.6196,-33.66],[135.7755,-33.57]]]},"properties":{"state":"sa","n":43,"kind":"geochem"}},{"type":"Feature","geometry":{"type":"Polygon","coordinates":[[[132.6578,-31.95],[132.6578,-31.77],[132.5019,-31.68],[132.346,-31.77],[132.346,-31.95],[132.5019,-32.04],[132.6578,-31.95]]]},"properties":{"state":"sa","n":43,"kind":"geochem"}},{"type":"Feature","geometry":{"type":"Polygon","coordinates":[[[148.0903,-39.78],[148.0903,-39.6],[147.9345,-39.51],[147.7786,-39.6],[147.7786,-39.78],[147.9345,-39.87],[148.0903,-39.78]]]},"properties":{"state":"tas","n":43,"kind":"geochem"}},{"type":"Feature","geometry":{"type":"Polygon","coordinates":[[[153.3904,-29.52],[153.3904,-29.34],[153.2345,-29.25],[153.0787,-29.34],[153.0787,-29.52],[153.2345,-29.61],[153.3904,-29.52]]]},"properties":{"state":"nsw","n":44,"kind":"geochem"}},{"type":"Feature","geometry":{"type":"Polygon","coordinates":[[[152.7669,-28.44],[152.7669,-28.26],[152.611,-28.17],[152.4551,-28.26],[152.4551,-28.44],[152.611,-28.53],[152.7669,-28.44]]]},"properties":{"state":"nsw","n":44,"kind":"geochem"}},{"type":"Feature","geometry":{"type":"Polygon","coordinates":[[[143.4138,-34.38],[143.4138,-34.2],[143.2579,-34.11],[143.102,-34.2],[143.102,-34.38],[143.2579,-34.47],[143.4138,-34.38]]]},"properties":{"state":"nsw","n":44,"kind":"geochem"}},{"type":"Feature","geometry":{"type":"Polygon","coordinates":[[[136.8667,-18.72],[136.8667,-18.54],[136.7108,-18.45],[136.5549,-18.54],[136.5549,-18.72],[136.7108,-18.81],[136.8667,-18.72]]]},"properties":{"state":"nt","n":44,"kind":"geochem"}},{"type":"Feature","geometry":{"type":"Polygon","coordinates":[[[130.1636,-17.37],[130.1636,-17.19],[130.0077,-17.1],[129.8518,-17.19],[129.8518,-17.37],[130.0077,-17.46],[130.1636,-17.37]]]},"properties":{"state":"nt","n":44,"kind":"geochem"}},{"type":"Feature","geometry":{"type":"Polygon","coordinates":[[[134.2166,-12.51],[134.2166,-12.33],[134.0607,-12.24],[133.9048,-12.33],[133.9048,-12.51],[134.0607,-12.6],[134.2166,-12.51]]]},"properties":{"state":"nt","n":44,"kind":"geochem"}},{"type":"Feature","geometry":{"type":"Polygon","coordinates":[[[148.2462,-36.27],[148.2462,-36.09],[148.0903,-36.0],[147.9345,-36.09],[147.9345,-36.27],[148.0903,-36.36],[148.2462,-36.27]]]},"properties":{"state":"nsw","n":45,"kind":"geochem"}},{"type":"Feature","geometry":{"type":"Polygon","coordinates":[[[141.2314,-32.76],[141.2314,-32.58],[141.0755,-32.49],[140.9197,-32.58],[140.9197,-32.76],[141.0755,-32.85],[141.2314,-32.76]]]},"properties":{"state":"nsw","n":45,"kind":"geochem"}},{"type":"Feature","geometry":{"type":"Polygon","coordinates":[[[151.8316,-32.76],[151.8316,-32.58],[151.6757,-32.49],[151.5198,-32.58],[151.5198,-32.76],[151.6757,-32.85],[151.8316,-32.76]]]},"properties":{"state":"nsw","n":45,"kind":"geochem"}},{"type":"Feature","geometry":{"type":"Polygon","coordinates":[[[134.996,-19.8],[134.996,-19.62],[134.8402,-19.53],[134.6843,-19.62],[134.6843,-19.8],[134.8402,-19.89],[134.996,-19.8]]]},"properties":{"state":"nt","n":45,"kind":"geochem"}},{"type":"Feature","geometry":{"type":"Polygon","coordinates":[[[131.2548,-23.58],[131.2548,-23.4],[131.0989,-23.31],[130.943,-23.4],[130.943,-23.58],[131.0989,-23.67],[131.2548,-23.58]]]},"properties":{"state":"nt","n":45,"kind":"geochem"}},{"type":"Feature","geometry":{"type":"Polygon","coordinates":[[[137.4902,-18.18],[137.4902,-18.0],[137.3343,-17.91],[137.1784,-18.0],[137.1784,-18.18],[137.3343,-18.27],[137.4902,-18.18]]]},"properties":{"state":"nt","n":45,"kind":"geochem"}},{"type":"Feature","geometry":{"type":"Polygon","coordinates":[[[135.4637,-28.71],[135.4637,-28.53],[135.3078,-28.44],[135.1519,-28.53],[135.1519,-28.71],[135.3078,-28.8],[135.4637,-28.71]]]},"properties":{"state":"sa","n":45,"kind":"geochem"}},{"type":"Feature","geometry":{"type":"Polygon","coordinates":[[[139.9843,-29.52],[139.9843,-29.34],[139.8285,-29.25],[139.6726,-29.34],[139.6726,-29.52],[139.8285,-29.61],[139.9843,-29.52]]]},"properties":{"state":"sa","n":45,"kind":"geochem"}},{"type":"Feature","geometry":{"type":"Polygon","coordinates":[[[146.0638,-36.81],[146.0638,-36.63],[145.908,-36.54],[145.7521,-36.63],[145.7521,-36.81],[145.908,-36.9],[146.0638,-36.81]]]},"properties":{"state":"vic","n":46,"kind":"geochem"}},{"type":"Feature","geometry":{"type":"Polygon","coordinates":[[[134.0607,-12.24],[134.0607,-12.06],[133.9048,-11.97],[133.749,-12.06],[133.749,-12.24],[133.9048,-12.33],[134.0607,-12.24]]]},"properties":{"state":"nt","n":46,"kind":"geochem"}},{"type":"Feature","geometry":{"type":"Polygon","coordinates":[[[133.5931,-24.39],[133.5931,-24.21],[133.4372,-24.12],[133.2813,-24.21],[133.2813,-24.39],[133.4372,-24.48],[133.5931,-24.39]]]},"properties":{"state":"nt","n":46,"kind":"geochem"}},{"type":"Feature","geometry":{"type":"Polygon","coordinates":[[[136.5549,-31.68],[136.5549,-31.5],[136.399,-31.41],[136.2431,-31.5],[136.2431,-31.68],[136.399,-31.77],[136.5549,-31.68]]]},"properties":{"state":"sa","n":46,"kind":"geochem"}},{"type":"Feature","geometry":{"type":"Polygon","coordinates":[[[138.1137,-30.06],[138.1137,-29.88],[137.9578,-29.79],[137.802,-29.88],[137.802,-30.06],[137.9578,-30.15],[138.1137,-30.06]]]},"properties":{"state":"sa","n":46,"kind":"geochem"}},{"type":"Feature","geometry":{"type":"Polygon","coordinates":[[[153.0787,-28.44],[153.0787,-28.26],[152.9228,-28.17],[152.7669,-28.26],[152.7669,-28.44],[152.9228,-28.53],[153.0787,-28.44]]]},"properties":{"state":"nsw","n":47,"kind":"geochem"}},{"type":"Feature","geometry":{"type":"Polygon","coordinates":[[[137.3343,-16.29],[137.3343,-16.11],[137.1784,-16.02],[137.0225,-16.11],[137.0225,-16.29],[137.1784,-16.38],[137.3343,-16.29]]]},"properties":{"state":"nt","n":47,"kind":"geochem"}},{"type":"Feature","geometry":{"type":"Polygon","coordinates":[[[135.9313,-17.64],[135.9313,-17.46],[135.7755,-17.37],[135.6196,-17.46],[135.6196,-17.64],[135.7755,-17.73],[135.9313,-17.64]]]},"properties":{"state":"nt","n":47,"kind":"geochem"}},{"type":"Feature","geometry":{"type":"Polygon","coordinates":[[[129.3842,-25.2],[129.3842,-25.02],[129.2283,-24.93],[129.0724,-25.02],[129.0724,-25.2],[129.2283,-25.29],[129.3842,-25.2]]]},"properties":{"state":"nt","n":47,"kind":"geochem"}},{"type":"Feature","geometry":{"type":"Polygon","coordinates":[[[132.0342,-15.21],[132.0342,-15.03],[131.8783,-14.94],[131.7225,-15.03],[131.7225,-15.21],[131.8783,-15.3],[132.0342,-15.21]]]},"properties":{"state":"nt","n":47,"kind":"geochem"}},{"type":"Feature","geometry":{"type":"Polygon","coordinates":[[[153.0787,-28.98],[153.0787,-28.8],[152.9228,-28.71],[152.7669,-28.8],[152.7669,-28.98],[152.9228,-29.07],[153.0787,-28.98]]]},"properties":{"state":"nsw","n":48,"kind":"geochem"}},{"type":"Feature","geometry":{"type":"Polygon","coordinates":[[[153.3904,-30.06],[153.3904,-29.88],[153.2345,-29.79],[153.0787,-29.88],[153.0787,-30.06],[153.2345,-30.15],[153.3904,-30.06]]]},"properties":{"state":"nsw","n":48,"kind":"geochem"}},{"type":"Feature","geometry":{"type":"Polygon","coordinates":[[[145.7521,-37.35],[145.7521,-37.17],[145.5962,-37.08],[145.4403,-37.17],[145.4403,-37.35],[145.5962,-37.44],[145.7521,-37.35]]]},"properties":{"state":"vic","n":48,"kind":"geochem"}},{"type":"Feature","geometry":{"type":"Polygon","coordinates":[[[134.5284,-25.47],[134.5284,-25.29],[134.3725,-25.2],[134.2166,-25.29],[134.2166,-25.47],[134.3725,-25.56],[134.5284,-25.47]]]},"properties":{"state":"nt","n":48,"kind":"geochem"}},{"type":"Feature","geometry":{"type":"Polygon","coordinates":[[[129.3842,-22.5],[129.3842,-22.32],[129.2283,-22.23],[129.0724,-22.32],[129.0724,-22.5],[129.2283,-22.59],[129.3842,-22.5]]]},"properties":{"state":"nt","n":48,"kind":"geochem"}},{"type":"Feature","geometry":{"type":"Polygon","coordinates":[[[137.3343,-22.77],[137.3343,-22.59],[137.1784,-22.5],[137.0225,-22.59],[137.0225,-22.77],[137.1784,-22.86],[137.3343,-22.77]]]},"properties":{"state":"nt","n":48,"kind":"geochem"}},{"type":"Feature","geometry":{"type":"Polygon","coordinates":[[[133.5931,-14.13],[133.5931,-13.95],[133.4372,-13.86],[133.2813,-13.95],[133.2813,-14.13],[133.4372,-14.22],[133.5931,-14.13]]]},"properties":{"state":"nt","n":48,"kind":"geochem"}},{"type":"Feature","geometry":{"type":"Polygon","coordinates":[[[134.996,-33.3],[134.996,-33.12],[134.8402,-33.03],[134.6843,-33.12],[134.6843,-33.3],[134.8402,-33.39],[134.996,-33.3]]]},"properties":{"state":"sa","n":48,"kind":"geochem"}},{"type":"Feature","geometry":{"type":"Polygon","coordinates":[[[135.7755,-28.17],[135.7755,-27.99],[135.6196,-27.9],[135.4637,-27.99],[135.4637,-28.17],[135.6196,-28.26],[135.7755,-28.17]]]},"properties":{"state":"sa","n":48,"kind":"geochem"}},{"type":"Feature","geometry":{"type":"Polygon","coordinates":[[[147.155,-37.08],[147.155,-36.9],[146.9992,-36.81],[146.8433,-36.9],[146.8433,-37.08],[146.9992,-37.17],[147.155,-37.08]]]},"properties":{"state":"vic","n":49,"kind":"geochem"}},{"type":"Feature","geometry":{"type":"Polygon","coordinates":[[[146.5315,-37.08],[146.5315,-36.9],[146.3756,-36.81],[146.2197,-36.9],[146.2197,-37.08],[146.3756,-37.17],[146.5315,-37.08]]]},"properties":{"state":"vic","n":49,"kind":"geochem"}},{"type":"Feature","geometry":{"type":"Polygon","coordinates":[[[147.3109,-36.81],[147.3109,-36.63],[147.155,-36.54],[146.9992,-36.63],[146.9992,-36.81],[147.155,-36.9],[147.3109,-36.81]]]},"properties":{"state":"vic","n":49,"kind":"geochem"}},{"type":"Feature","geometry":{"type":"Polygon","coordinates":[[[130.3195,-16.56],[130.3195,-16.38],[130.1636,-16.29],[130.0077,-16.38],[130.0077,-16.56],[130.1636,-16.65],[130.3195,-16.56]]]},"properties":{"state":"nt","n":49,"kind":"geochem"}},{"type":"Feature","geometry":{"type":"Polygon","coordinates":[[[130.3195,-14.4],[130.3195,-14.22],[130.1636,-14.13],[130.0077,-14.22],[130.0077,-14.4],[130.1636,-14.49],[130.3195,-14.4]]]},"properties":{"state":"nt","n":49,"kind":"geochem"}},{"type":"Feature","geometry":{"type":"Polygon","coordinates":[[[135.7755,-19.53],[135.7755,-19.35],[135.6196,-19.26],[135.4637,-19.35],[135.4637,-19.53],[135.6196,-19.62],[135.7755,-19.53]]]},"properties":{"state":"nt","n":49,"kind":"geochem"}},{"type":"Feature","geometry":{"type":"Polygon","coordinates":[[[136.5549,-12.78],[136.5549,-12.6],[136.399,-12.51],[136.2431,-12.6],[136.2431,-12.78],[136.399,-12.87],[136.5549,-12.78]]]},"properties":{"state":"nt","n":49,"kind":"geochem"}},{"type":"Feature","geometry":{"type":"Polygon","coordinates":[[[139.9843,-36.0],[139.9843,-35.82],[139.8285,-35.73],[139.6726,-35.82],[139.6726,-36.0],[139.8285,-36.09],[139.9843,-36.0]]]},"properties":{"state":"sa","n":49,"kind":"geochem"}},{"type":"Feature","geometry":{"type":"Polygon","coordinates":[[[137.1784,-19.8],[137.1784,-19.62],[137.0225,-19.53],[136.8667,-19.62],[136.8667,-19.8],[137.0225,-19.89],[137.1784,-19.8]]]},"properties":{"state":"nt","n":50,"kind":"geochem"}},{"type":"Feature","geometry":{"type":"Polygon","coordinates":[[[132.346,-14.67],[132.346,-14.49],[132.1901,-14.4],[132.0342,-14.49],[132.0342,-14.67],[132.1901,-14.76],[132.346,-14.67]]]},"properties":{"state":"nt","n":50,"kind":"geochem"}},{"type":"Feature","geometry":{"type":"Polygon","coordinates":[[[143.7256,-33.84],[143.7256,-33.66],[143.5697,-33.57],[143.4138,-33.66],[143.4138,-33.84],[143.5697,-33.93],[143.7256,-33.84]]]},"properties":{"state":"nsw","n":51,"kind":"geochem"}},{"type":"Feature","geometry":{"type":"Polygon","coordinates":[[[136.399,-16.29],[136.399,-16.11],[136.2431,-16.02],[136.0872,-16.11],[136.0872,-16.29],[136.2431,-16.38],[136.399,-16.29]]]},"properties":{"state":"nt","n":51,"kind":"geochem"}},{"type":"Feature","geometry":{"type":"Polygon","coordinates":[[[131.5666,-21.42],[131.5666,-21.24],[131.4107,-21.15],[131.2548,-21.24],[131.2548,-21.42],[131.4107,-21.51],[131.5666,-21.42]]]},"properties":{"state":"nt","n":51,"kind":"geochem"}},{"type":"Feature","geometry":{"type":"Polygon","coordinates":[[[139.9843,-32.76],[139.9843,-32.58],[139.8285,-32.49],[139.6726,-32.58],[139.6726,-32.76],[139.8285,-32.85],[139.9843,-32.76]]]},"properties":{"state":"sa","n":51,"kind":"geochem"}},{"type":"Feature","geometry":{"type":"Polygon","coordinates":[[[131.7225,-12.51],[131.7225,-12.33],[131.5666,-12.24],[131.4107,-12.33],[131.4107,-12.51],[131.5666,-12.6],[131.7225,-12.51]]]},"properties":{"state":"nt","n":52,"kind":"geochem"}},{"type":"Feature","geometry":{"type":"Polygon","coordinates":[[[132.346,-31.95],[132.346,-31.77],[132.1901,-31.68],[132.0342,-31.77],[132.0342,-31.95],[132.1901,-32.04],[132.346,-31.95]]]},"properties":{"state":"sa","n":52,"kind":"geochem"}},{"type":"Feature","geometry":{"type":"Polygon","coordinates":[[[137.802,-31.14],[137.802,-30.96],[137.6461,-30.87],[137.4902,-30.96],[137.4902,-31.14],[137.6461,-31.23],[137.802,-31.14]]]},"properties":{"state":"sa","n":52,"kind":"geochem"}},{"type":"Feature","geometry":{"type":"Polygon","coordinates":[[[139.2049,-34.65],[139.2049,-34.47],[139.049,-34.38],[138.8932,-34.47],[138.8932,-34.65],[139.049,-34.74],[139.2049,-34.65]]]},"properties":{"state":"sa","n":52,"kind":"geochem"}},{"type":"Feature","geometry":{"type":"Polygon","coordinates":[[[140.1402,-31.41],[140.1402,-31.23],[139.9843,-31.14],[139.8285,-31.23],[139.8285,-31.41],[139.9843,-31.5],[140.1402,-31.41]]]},"properties":{"state":"sa","n":52,"kind":"geochem"}},{"type":"Feature","geometry":{"type":"Polygon","coordinates":[[[132.8137,-22.5],[132.8137,-22.32],[132.6578,-22.23],[132.5019,-22.32],[132.5019,-22.5],[132.6578,-22.59],[132.8137,-22.5]]]},"properties":{"state":"nt","n":53,"kind":"geochem"}},{"type":"Feature","geometry":{"type":"Polygon","coordinates":[[[135.6196,-22.5],[135.6196,-22.32],[135.4637,-22.23],[135.3078,-22.32],[135.3078,-22.5],[135.4637,-22.59],[135.6196,-22.5]]]},"properties":{"state":"nt","n":53,"kind":"geochem"}},{"type":"Feature","geometry":{"type":"Polygon","coordinates":[[[134.0607,-15.48],[134.0607,-15.3],[133.9048,-15.21],[133.749,-15.3],[133.749,-15.48],[133.9048,-15.57],[134.0607,-15.48]]]},"properties":{"state":"nt","n":54,"kind":"geochem"}},{"type":"Feature","geometry":{"type":"Polygon","coordinates":[[[135.6196,-20.88],[135.6196,-20.7],[135.4637,-20.61],[135.3078,-20.7],[135.3078,-20.88],[135.4637,-20.97],[135.6196,-20.88]]]},"properties":{"state":"nt","n":54,"kind":"geochem"}},{"type":"Feature","geometry":{"type":"Polygon","coordinates":[[[132.9695,-26.01],[132.9695,-25.83],[132.8137,-25.74],[132.6578,-25.83],[132.6578,-26.01],[132.8137,-26.1],[132.9695,-26.01]]]},"properties":{"state":"sa","n":54,"kind":"geochem"}},{"type":"Feature","geometry":{"type":"Polygon","coordinates":[[[145.7521,-33.57],[145.7521,-33.39],[145.5962,-33.3],[145.4403,-33.39],[145.4403,-33.57],[145.5962,-33.66],[145.7521,-33.57]]]},"properties":{"state":"nsw","n":55,"kind":"geochem"}},{"type":"Feature","geometry":{"type":"Polygon","coordinates":[[[133.9048,-17.91],[133.9048,-17.73],[133.749,-17.64],[133.5931,-17.73],[133.5931,-17.91],[133.749,-18.0],[133.9048,-17.91]]]},"properties":{"state":"nt","n":55,"kind":"geochem"}},{"type":"Feature","geometry":{"type":"Polygon","coordinates":[[[129.5401,-21.15],[129.5401,-20.97],[129.3842,-20.88],[129.2283,-20.97],[129.2283,-21.15],[129.3842,-21.24],[129.5401,-21.15]]]},"properties":{"state":"nt","n":55,"kind":"geochem"}},{"type":"Feature","geometry":{"type":"Polygon","coordinates":[[[130.4754,-21.69],[130.4754,-21.51],[130.3195,-21.42],[130.1636,-21.51],[130.1636,-21.69],[130.3195,-21.78],[130.4754,-21.69]]]},"properties":{"state":"nt","n":55,"kind":"geochem"}},{"type":"Feature","geometry":{"type":"Polygon","coordinates":[[[132.9695,-14.13],[132.9695,-13.95],[132.8137,-13.86],[132.6578,-13.95],[132.6578,-14.13],[132.8137,-14.22],[132.9695,-14.13]]]},"properties":{"state":"nt","n":55,"kind":"geochem"}},{"type":"Feature","geometry":{"type":"Polygon","coordinates":[[[138.5814,-33.57],[138.5814,-33.39],[138.4255,-33.3],[138.2696,-33.39],[138.2696,-33.57],[138.4255,-33.66],[138.5814,-33.57]]]},"properties":{"state":"sa","n":55,"kind":"geochem"}},{"type":"Feature","geometry":{"type":"Polygon","coordinates":[[[147.7786,-35.46],[147.7786,-35.28],[147.6227,-35.19],[147.4668,-35.28],[147.4668,-35.46],[147.6227,-35.55],[147.7786,-35.46]]]},"properties":{"state":"nsw","n":56,"kind":"geochem"}},{"type":"Feature","geometry":{"type":"Polygon","coordinates":[[[131.2548,-21.96],[131.2548,-21.78],[131.0989,-21.69],[130.943,-21.78],[130.943,-21.96],[131.0989,-22.05],[131.2548,-21.96]]]},"properties":{"state":"nt","n":56,"kind":"geochem"}},{"type":"Feature","geometry":{"type":"Polygon","coordinates":[[[133.9048,-23.85],[133.9048,-23.67],[133.749,-23.58],[133.5931,-23.67],[133.5931,-23.85],[133.749,-23.94],[133.9048,-23.85]]]},"properties":{"state":"nt","n":56,"kind":"geochem"}},{"type":"Feature","geometry":{"type":"Polygon","coordinates":[[[135.7755,-29.25],[135.7755,-29.07],[135.6196,-28.98],[135.4637,-29.07],[135.4637,-29.25],[135.6196,-29.34],[135.7755,-29.25]]]},"properties":{"state":"sa","n":56,"kind":"geochem"}},{"type":"Feature","geometry":{"type":"Polygon","coordinates":[[[148.2462,-42.75],[148.2462,-42.57],[148.0903,-42.48],[147.9345,-42.57],[147.9345,-42.75],[148.0903,-42.84],[148.2462,-42.75]]]},"properties":{"state":"tas","n":56,"kind":"geochem"}},{"type":"Feature","geometry":{"type":"Polygon","coordinates":[[[131.2548,-22.5],[131.2548,-22.32],[131.0989,-22.23],[130.943,-22.32],[130.943,-22.5],[131.0989,-22.59],[131.2548,-22.5]]]},"properties":{"state":"nt","n":57,"kind":"geochem"}},{"type":"Feature","geometry":{"type":"Polygon","coordinates":[[[130.0077,-17.1],[130.0077,-16.92],[129.8518,-16.83],[129.696,-16.92],[129.696,-17.1],[129.8518,-17.19],[130.0077,-17.1]]]},"properties":{"state":"nt","n":57,"kind":"geochem"}},{"type":"Feature","geometry":{"type":"Polygon","coordinates":[[[134.6843,-16.02],[134.6843,-15.84],[134.5284,-15.75],[134.3725,-15.84],[134.3725,-16.02],[134.5284,-16.11],[134.6843,-16.02]]]},"properties":{"state":"nt","n":57,"kind":"geochem"}},{"type":"Feature","geometry":{"type":"Polygon","coordinates":[[[136.8667,-36.0],[136.8667,-35.82],[136.7108,-35.73],[136.5549,-35.82],[136.5549,-36.0],[136.7108,-36.09],[136.8667,-36.0]]]},"properties":{"state":"sa","n":57,"kind":"geochem"}},{"type":"Feature","geometry":{"type":"Polygon","coordinates":[[[140.452,-35.19],[140.452,-35.01],[140.2961,-34.92],[140.1402,-35.01],[140.1402,-35.19],[140.2961,-35.28],[140.452,-35.19]]]},"properties":{"state":"sa","n":57,"kind":"geochem"}},{"type":"Feature","geometry":{"type":"Polygon","coordinates":[[[138.4255,-33.3],[138.4255,-33.12],[138.2696,-33.03],[138.1137,-33.12],[138.1137,-33.3],[138.2696,-33.39],[138.4255,-33.3]]]},"properties":{"state":"sa","n":57,"kind":"geochem"}},{"type":"Feature","geometry":{"type":"Polygon","coordinates":[[[152.9228,-28.71],[152.9228,-28.53],[152.7669,-28.44],[152.611,-28.53],[152.611,-28.71],[152.7669,-28.8],[152.9228,-28.71]]]},"properties":{"state":"nsw","n":58,"kind":"geochem"}},{"type":"Feature","geometry":{"type":"Polygon","coordinates":[[[135.1519,-18.99],[135.1519,-18.81],[134.996,-18.72],[134.8402,-18.81],[134.8402,-18.99],[134.996,-19.08],[135.1519,-18.99]]]},"properties":{"state":"nt","n":58,"kind":"geochem"}},{"type":"Feature","geometry":{"type":"Polygon","coordinates":[[[130.1636,-14.67],[130.1636,-14.49],[130.0077,-14.4],[129.8518,-14.49],[129.8518,-14.67],[130.0077,-14.76],[130.1636,-14.67]]]},"properties":{"state":"nt","n":58,"kind":"geochem"}},{"type":"Feature","geometry":{"type":"Polygon","coordinates":[[[153.3904,-28.44],[153.3904,-28.26],[153.2345,-28.17],[153.0787,-28.26],[153.0787,-28.44],[153.2345,-28.53],[153.3904,-28.44]]]},"properties":{"state":"nsw","n":59,"kind":"geochem"}},{"type":"Feature","geometry":{"type":"Polygon","coordinates":[[[150.4286,-29.79],[150.4286,-29.61],[150.2727,-29.52],[150.1168,-29.61],[150.1168,-29.79],[150.2727,-29.88],[150.4286,-29.79]]]},"properties":{"state":"nsw","n":59,"kind":"geochem"}},{"type":"Feature","geometry":{"type":"Polygon","coordinates":[[[130.3195,-17.1],[130.3195,-16.92],[130.1636,-16.83],[130.0077,-16.92],[130.0077,-17.1],[130.1636,-17.19],[130.3195,-17.1]]]},"properties":{"state":"nt","n":59,"kind":"geochem"}},{"type":"Feature","geometry":{"type":"Polygon","coordinates":[[[130.943,-16.02],[130.943,-15.84],[130.7872,-15.75],[130.6313,-15.84],[130.6313,-16.02],[130.7872,-16.11],[130.943,-16.02]]]},"properties":{"state":"nt","n":59,"kind":"geochem"}},{"type":"Feature","geometry":{"type":"Polygon","coordinates":[[[132.1901,-24.66],[132.1901,-24.48],[132.0342,-24.39],[131.8783,-24.48],[131.8783,-24.66],[132.0342,-24.75],[132.1901,-24.66]]]},"properties":{"state":"nt","n":59,"kind":"geochem"}},{"type":"Feature","geometry":{"type":"Polygon","coordinates":[[[135.7755,-13.59],[135.7755,-13.41],[135.6196,-13.32],[135.4637,-13.41],[135.4637,-13.59],[135.6196,-13.68],[135.7755,-13.59]]]},"properties":{"state":"nt","n":60,"kind":"geochem"}},{"type":"Feature","geometry":{"type":"Polygon","coordinates":[[[137.1784,-32.22],[137.1784,-32.04],[137.0225,-31.95],[136.8667,-32.04],[136.8667,-32.22],[137.0225,-32.31],[137.1784,-32.22]]]},"properties":{"state":"sa","n":60,"kind":"geochem"}},{"type":"Feature","geometry":{"type":"Polygon","coordinates":[[[139.2049,-31.95],[139.2049,-31.77],[139.049,-31.68],[138.8932,-31.77],[138.8932,-31.95],[139.049,-32.04],[139.2049,-31.95]]]},"properties":{"state":"sa","n":60,"kind":"geochem"}},{"type":"Feature","geometry":{"type":"Polygon","coordinates":[[[147.9345,-43.29],[147.9345,-43.11],[147.7786,-43.02],[147.6227,-43.11],[147.6227,-43.29],[147.7786,-43.38],[147.9345,-43.29]]]},"properties":{"state":"tas","n":60,"kind":"geochem"}},{"type":"Feature","geometry":{"type":"Polygon","coordinates":[[[146.9992,-42.75],[146.9992,-42.57],[146.8433,-42.48],[146.6874,-42.57],[146.6874,-42.75],[146.8433,-42.84],[146.9992,-42.75]]]},"properties":{"state":"tas","n":60,"kind":"geochem"}},{"type":"Feature","geometry":{"type":"Polygon","coordinates":[[[132.1901,-25.74],[132.1901,-25.56],[132.0342,-25.47],[131.8783,-25.56],[131.8783,-25.74],[132.0342,-25.83],[132.1901,-25.74]]]},"properties":{"state":"nt","n":61,"kind":"geochem"}},{"type":"Feature","geometry":{"type":"Polygon","coordinates":[[[130.943,-17.1],[130.943,-16.92],[130.7872,-16.83],[130.6313,-16.92],[130.6313,-17.1],[130.7872,-17.19],[130.943,-17.1]]]},"properties":{"state":"nt","n":61,"kind":"geochem"}},{"type":"Feature","geometry":{"type":"Polygon","coordinates":[[[133.9048,-13.05],[133.9048,-12.87],[133.749,-12.78],[133.5931,-12.87],[133.5931,-13.05],[133.749,-13.14],[133.9048,-13.05]]]},"properties":{"state":"nt","n":61,"kind":"geochem"}},{"type":"Feature","geometry":{"type":"Polygon","coordinates":[[[135.6196,-32.22],[135.6196,-32.04],[135.4637,-31.95],[135.3078,-32.04],[135.3078,-32.22],[135.4637,-32.31],[135.6196,-32.22]]]},"properties":{"state":"sa","n":61,"kind":"geochem"}},{"type":"Feature","geometry":{"type":"Polygon","coordinates":[[[136.5549,-32.22],[136.5549,-32.04],[136.399,-31.95],[136.2431,-32.04],[136.2431,-32.22],[136.399,-32.31],[136.5549,-32.22]]]},"properties":{"state":"sa","n":61,"kind":"geochem"}},{"type":"Feature","geometry":{"type":"Polygon","coordinates":[[[129.5401,-21.69],[129.5401,-21.51],[129.3842,-21.42],[129.2283,-21.51],[129.2283,-21.69],[129.3842,-21.78],[129.5401,-21.69]]]},"properties":{"state":"nt","n":62,"kind":"geochem"}},{"type":"Feature","geometry":{"type":"Polygon","coordinates":[[[133.4372,-24.66],[133.4372,-24.48],[133.2813,-24.39],[133.1254,-24.48],[133.1254,-24.66],[133.2813,-24.75],[133.4372,-24.66]]]},"properties":{"state":"nt","n":62,"kind":"geochem"}},{"type":"Feature","geometry":{"type":"Polygon","coordinates":[[[133.2813,-30.33],[133.2813,-30.15],[133.1254,-30.06],[132.9695,-30.15],[132.9695,-30.33],[133.1254,-30.42],[133.2813,-30.33]]]},"properties":{"state":"sa","n":62,"kind":"geochem"}},{"type":"Feature","geometry":{"type":"Polygon","coordinates":[[[141.2314,-31.68],[141.2314,-31.5],[141.0755,-31.41],[140.9197,-31.5],[140.9197,-31.68],[141.0755,-31.77],[141.2314,-31.68]]]},"properties":{"state":"sa","n":62,"kind":"geochem"}},{"type":"Feature","geometry":{"type":"Polygon","coordinates":[[[148.0903,-43.02],[148.0903,-42.84],[147.9345,-42.75],[147.7786,-42.84],[147.7786,-43.02],[147.9345,-43.11],[148.0903,-43.02]]]},"properties":{"state":"tas","n":62,"kind":"geochem"}},{"type":"Feature","geometry":{"type":"Polygon","coordinates":[[[148.558,-36.81],[148.558,-36.63],[148.4021,-36.54],[148.2462,-36.63],[148.2462,-36.81],[148.4021,-36.9],[148.558,-36.81]]]},"properties":{"state":"nsw","n":63,"kind":"geochem"}},{"type":"Feature","geometry":{"type":"Polygon","coordinates":[[[143.2579,-36.27],[143.2579,-36.09],[143.102,-36.0],[142.9462,-36.09],[142.9462,-36.27],[143.102,-36.36],[143.2579,-36.27]]]},"properties":{"state":"vic","n":63,"kind":"geochem"}},{"type":"Feature","geometry":{"type":"Polygon","coordinates":[[[136.399,-12.51],[136.399,-12.33],[136.2431,-12.24],[136.0872,-12.33],[136.0872,-12.51],[136.2431,-12.6],[136.399,-12.51]]]},"properties":{"state":"nt","n":63,"kind":"geochem"}},{"type":"Feature","geometry":{"type":"Polygon","coordinates":[[[135.1519,-19.53],[135.1519,-19.35],[134.996,-19.26],[134.8402,-19.35],[134.8402,-19.53],[134.996,-19.62],[135.1519,-19.53]]]},"properties":{"state":"nt","n":63,"kind":"geochem"}},{"type":"Feature","geometry":{"type":"Polygon","coordinates":[[[133.5931,-31.41],[133.5931,-31.23],[133.4372,-31.14],[133.2813,-31.23],[133.2813,-31.41],[133.4372,-31.5],[133.5931,-31.41]]]},"properties":{"state":"sa","n":63,"kind":"geochem"}},{"type":"Feature","geometry":{"type":"Polygon","coordinates":[[[153.0787,-31.14],[153.0787,-30.96],[152.9228,-30.87],[152.7669,-30.96],[152.7669,-31.14],[152.9228,-31.23],[153.0787,-31.14]]]},"properties":{"state":"nsw","n":64,"kind":"geochem"}},{"type":"Feature","geometry":{"type":"Polygon","coordinates":[[[132.0342,-12.51],[132.0342,-12.33],[131.8783,-12.24],[131.7225,-12.33],[131.7225,-12.51],[131.8783,-12.6],[132.0342,-12.51]]]},"properties":{"state":"nt","n":64,"kind":"geochem"}},{"type":"Feature","geometry":{"type":"Polygon","coordinates":[[[135.3078,-28.98],[135.3078,-28.8],[135.1519,-28.71],[134.996,-28.8],[134.996,-28.98],[135.1519,-29.07],[135.3078,-28.98]]]},"properties":{"state":"sa","n":64,"kind":"geochem"}},{"type":"Feature","geometry":{"type":"Polygon","coordinates":[[[136.0872,-27.63],[136.0872,-27.45],[135.9313,-27.36],[135.7755,-27.45],[135.7755,-27.63],[135.9313,-27.72],[136.0872,-27.63]]]},"properties":{"state":"sa","n":64,"kind":"geochem"}},{"type":"Feature","geometry":{"type":"Polygon","coordinates":[[[140.2961,-28.44],[140.2961,-28.26],[140.1402,-28.17],[139.9843,-28.26],[139.9843,-28.44],[140.1402,-28.53],[140.2961,-28.44]]]},"properties":{"state":"sa","n":64,"kind":"geochem"}},{"type":"Feature","geometry":{"type":"Polygon","coordinates":[[[143.2579,-36.81],[143.2579,-36.63],[143.102,-36.54],[142.9462,-36.63],[142.9462,-36.81],[143.102,-36.9],[143.2579,-36.81]]]},"properties":{"state":"vic","n":65,"kind":"geochem"}},{"type":"Feature","geometry":{"type":"Polygon","coordinates":[[[139.5167,-31.95],[139.5167,-31.77],[139.3608,-31.68],[139.2049,-31.77],[139.2049,-31.95],[139.3608,-32.04],[139.5167,-31.95]]]},"properties":{"state":"sa","n":65,"kind":"geochem"}},{"type":"Feature","geometry":{"type":"Polygon","coordinates":[[[139.5167,-35.73],[139.5167,-35.55],[139.3608,-35.46],[139.2049,-35.55],[139.2049,-35.73],[139.3608,-35.82],[139.5167,-35.73]]]},"properties":{"state":"sa","n":65,"kind":"geochem"}},{"type":"Feature","geometry":{"type":"Polygon","coordinates":[[[143.102,-31.68],[143.102,-31.5],[142.9462,-31.41],[142.7903,-31.5],[142.7903,-31.68],[142.9462,-31.77],[143.102,-31.68]]]},"properties":{"state":"nsw","n":66,"kind":"geochem"}},{"type":"Feature","geometry":{"type":"Polygon","coordinates":[[[147.155,-30.6],[147.155,-30.42],[146.9992,-30.33],[146.8433,-30.42],[146.8433,-30.6],[146.9992,-30.69],[147.155,-30.6]]]},"properties":{"state":"nsw","n":66,"kind":"geochem"}},{"type":"Feature","geometry":{"type":"Polygon","coordinates":[[[130.4754,-14.67],[130.4754,-14.49],[130.3195,-14.4],[130.1636,-14.49],[130.1636,-14.67],[130.3195,-14.76],[130.4754,-14.67]]]},"properties":{"state":"nt","n":66,"kind":"geochem"}},{"type":"Feature","geometry":{"type":"Polygon","coordinates":[[[133.749,-12.24],[133.749,-12.06],[133.5931,-11.97],[133.4372,-12.06],[133.4372,-12.24],[133.5931,-12.33],[133.749,-12.24]]]},"properties":{"state":"nt","n":66,"kind":"geochem"}},{"type":"Feature","geometry":{"type":"Polygon","coordinates":[[[134.6843,-33.3],[134.6843,-33.12],[134.5284,-33.03],[134.3725,-33.12],[134.3725,-33.3],[134.5284,-33.39],[134.6843,-33.3]]]},"properties":{"state":"sa","n":66,"kind":"geochem"}},{"type":"Feature","geometry":{"type":"Polygon","coordinates":[[[138.7373,-32.76],[138.7373,-32.58],[138.5814,-32.49],[138.4255,-32.58],[138.4255,-32.76],[138.5814,-32.85],[138.7373,-32.76]]]},"properties":{"state":"sa","n":66,"kind":"geochem"}},{"type":"Feature","geometry":{"type":"Polygon","coordinates":[[[150.2727,-28.98],[150.2727,-28.8],[150.1168,-28.71],[149.961,-28.8],[149.961,-28.98],[150.1168,-29.07],[150.2727,-28.98]]]},"properties":{"state":"nsw","n":67,"kind":"geochem"}},{"type":"Feature","geometry":{"type":"Polygon","coordinates":[[[148.558,-40.59],[148.558,-40.41],[148.4021,-40.32],[148.2462,-40.41],[148.2462,-40.59],[148.4021,-40.68],[148.558,-40.59]]]},"properties":{"state":"tas","n":67,"kind":"geochem"}},{"type":"Feature","geometry":{"type":"Polygon","coordinates":[[[153.2345,-29.25],[153.2345,-29.07],[153.0787,-28.98],[152.9228,-29.07],[152.9228,-29.25],[153.0787,-29.34],[153.2345,-29.25]]]},"properties":{"state":"nsw","n":68,"kind":"geochem"}},{"type":"Feature","geometry":{"type":"Polygon","coordinates":[[[129.3842,-19.26],[129.3842,-19.08],[129.2283,-18.99],[129.0724,-19.08],[129.0724,-19.26],[129.2283,-19.35],[129.3842,-19.26]]]},"properties":{"state":"nt","n":68,"kind":"geochem"}},{"type":"Feature","geometry":{"type":"Polygon","coordinates":[[[133.749,-19.26],[133.749,-19.08],[133.5931,-18.99],[133.4372,-19.08],[133.4372,-19.26],[133.5931,-19.35],[133.749,-19.26]]]},"properties":{"state":"nt","n":68,"kind":"geochem"}},{"type":"Feature","geometry":{"type":"Polygon","coordinates":[[[134.6843,-31.68],[134.6843,-31.5],[134.5284,-31.41],[134.3725,-31.5],[134.3725,-31.68],[134.5284,-31.77],[134.6843,-31.68]]]},"properties":{"state":"sa","n":68,"kind":"geochem"}},{"type":"Feature","geometry":{"type":"Polygon","coordinates":[[[133.5931,-29.25],[133.5931,-29.07],[133.4372,-28.98],[133.2813,-29.07],[133.2813,-29.25],[133.4372,-29.34],[133.5931,-29.25]]]},"properties":{"state":"sa","n":68,"kind":"geochem"}},{"type":"Feature","geometry":{"type":"Polygon","coordinates":[[[151.3639,-33.03],[151.3639,-32.85],[151.208,-32.76],[151.0522,-32.85],[151.0522,-33.03],[151.208,-33.12],[151.3639,-33.03]]]},"properties":{"state":"nsw","n":69,"kind":"geochem"}},{"type":"Feature","geometry":{"type":"Polygon","coordinates":[[[129.3842,-18.18],[129.3842,-18.0],[129.2283,-17.91],[129.0724,-18.0],[129.0724,-18.18],[129.2283,-18.27],[129.3842,-18.18]]]},"properties":{"state":"nt","n":69,"kind":"geochem"}},{"type":"Feature","geometry":{"type":"Polygon","coordinates":[[[129.3842,-21.42],[129.3842,-21.24],[129.2283,-21.15],[129.0724,-21.24],[129.0724,-21.42],[129.2283,-21.51],[129.3842,-21.42]]]},"properties":{"state":"nt","n":69,"kind":"geochem"}},{"type":"Feature","geometry":{"type":"Polygon","coordinates":[[[137.9578,-21.69],[137.9578,-21.51],[137.802,-21.42],[137.6461,-21.51],[137.6461,-21.69],[137.802,-21.78],[137.9578,-21.69]]]},"properties":{"state":"nt","n":69,"kind":"geochem"}},{"type":"Feature","geometry":{"type":"Polygon","coordinates":[[[130.4754,-13.05],[130.4754,-12.87],[130.3195,-12.78],[130.1636,-12.87],[130.1636,-13.05],[130.3195,-13.14],[130.4754,-13.05]]]},"properties":{"state":"nt","n":69,"kind":"geochem"}},{"type":"Feature","geometry":{"type":"Polygon","coordinates":[[[139.8285,-35.73],[139.8285,-35.55],[139.6726,-35.46],[139.5167,-35.55],[139.5167,-35.73],[139.6726,-35.82],[139.8285,-35.73]]]},"properties":{"state":"sa","n":69,"kind":"geochem"}},{"type":"Feature","geometry":{"type":"Polygon","coordinates":[[[143.4138,-33.84],[143.4138,-33.66],[143.2579,-33.57],[143.102,-33.66],[143.102,-33.84],[143.2579,-33.93],[143.4138,-33.84]]]},"properties":{"state":"nsw","n":70,"kind":"geochem"}},{"type":"Feature","geometry":{"type":"Polygon","coordinates":[[[131.5666,-24.12],[131.5666,-23.94],[131.4107,-23.85],[131.2548,-23.94],[131.2548,-24.12],[131.4107,-24.21],[131.5666,-24.12]]]},"properties":{"state":"nt","n":70,"kind":"geochem"}},{"type":"Feature","geometry":{"type":"Polygon","coordinates":[[[137.1784,-16.56],[137.1784,-16.38],[137.0225,-16.29],[136.8667,-16.38],[136.8667,-16.56],[137.0225,-16.65],[137.1784,-16.56]]]},"properties":{"state":"nt","n":70,"kind":"geochem"}},{"type":"Feature","geometry":{"type":"Polygon","coordinates":[[[140.452,-30.87],[140.452,-30.69],[140.2961,-30.6],[140.1402,-30.69],[140.1402,-30.87],[140.2961,-30.96],[140.452,-30.87]]]},"properties":{"state":"sa","n":70,"kind":"geochem"}},{"type":"Feature","geometry":{"type":"Polygon","coordinates":[[[146.6874,-42.21],[146.6874,-42.03],[146.5315,-41.94],[146.3756,-42.03],[146.3756,-42.21],[146.5315,-42.3],[146.6874,-42.21]]]},"properties":{"state":"tas","n":70,"kind":"geochem"}},{"type":"Feature","geometry":{"type":"Polygon","coordinates":[[[146.5315,-42.48],[146.5315,-42.3],[146.3756,-42.21],[146.2197,-42.3],[146.2197,-42.48],[146.3756,-42.57],[146.5315,-42.48]]]},"properties":{"state":"tas","n":70,"kind":"geochem"}},{"type":"Feature","geometry":{"type":"Polygon","coordinates":[[[138.1137,-21.96],[138.1137,-21.78],[137.9578,-21.69],[137.802,-21.78],[137.802,-21.96],[137.9578,-22.05],[138.1137,-21.96]]]},"properties":{"state":"nt","n":71,"kind":"geochem"}},{"type":"Feature","geometry":{"type":"Polygon","coordinates":[[[129.3842,-21.96],[129.3842,-21.78],[129.2283,-21.69],[129.0724,-21.78],[129.0724,-21.96],[129.2283,-22.05],[129.3842,-21.96]]]},"properties":{"state":"nt","n":71,"kind":"geochem"}},{"type":"Feature","geometry":{"type":"Polygon","coordinates":[[[133.9048,-14.13],[133.9048,-13.95],[133.749,-13.86],[133.5931,-13.95],[133.5931,-14.13],[133.749,-14.22],[133.9048,-14.13]]]},"properties":{"state":"nt","n":71,"kind":"geochem"}},{"type":"Feature","geometry":{"type":"Polygon","coordinates":[[[134.8402,-16.29],[134.8402,-16.11],[134.6843,-16.02],[134.5284,-16.11],[134.5284,-16.29],[134.6843,-16.38],[134.8402,-16.29]]]},"properties":{"state":"nt","n":71,"kind":"geochem"}},{"type":"Feature","geometry":{"type":"Polygon","coordinates":[[[146.2197,-36.0],[146.2197,-35.82],[146.0638,-35.73],[145.908,-35.82],[145.908,-36.0],[146.0638,-36.09],[146.2197,-36.0]]]},"properties":{"state":"nsw","n":72,"kind":"geochem"}},{"type":"Feature","geometry":{"type":"Polygon","coordinates":[[[137.4902,-23.04],[137.4902,-22.86],[137.3343,-22.77],[137.1784,-22.86],[137.1784,-23.04],[137.3343,-23.13],[137.4902,-23.04]]]},"properties":{"state":"nt","n":72,"kind":"geochem"}},{"type":"Feature","geometry":{"type":"Polygon","coordinates":[[[133.4372,-20.88],[133.4372,-20.7],[133.2813,-20.61],[133.1254,-20.7],[133.1254,-20.88],[133.2813,-20.97],[133.4372,-20.88]]]},"properties":{"state":"nt","n":72,"kind":"geochem"}},{"type":"Feature","geometry":{"type":"Polygon","coordinates":[[[131.8783,-23.58],[131.8783,-23.4],[131.7225,-23.31],[131.5666,-23.4],[131.5666,-23.58],[131.7225,-23.67],[131.8783,-23.58]]]},"properties":{"state":"nt","n":72,"kind":"geochem"}},{"type":"Feature","geometry":{"type":"Polygon","coordinates":[[[134.5284,-15.75],[134.5284,-15.57],[134.3725,-15.48],[134.2166,-15.57],[134.2166,-15.75],[134.3725,-15.84],[134.5284,-15.75]]]},"properties":{"state":"nt","n":72,"kind":"geochem"}},{"type":"Feature","geometry":{"type":"Polygon","coordinates":[[[138.8932,-30.33],[138.8932,-30.15],[138.7373,-30.06],[138.5814,-30.15],[138.5814,-30.33],[138.7373,-30.42],[138.8932,-30.33]]]},"properties":{"state":"sa","n":72,"kind":"geochem"}},{"type":"Feature","geometry":{"type":"Polygon","coordinates":[[[132.6578,-26.01],[132.6578,-25.83],[132.5019,-25.74],[132.346,-25.83],[132.346,-26.01],[132.5019,-26.1],[132.6578,-26.01]]]},"properties":{"state":"nt","n":73,"kind":"geochem"}},{"type":"Feature","geometry":{"type":"Polygon","coordinates":[[[137.802,-18.18],[137.802,-18.0],[137.6461,-17.91],[137.4902,-18.0],[137.4902,-18.18],[137.6461,-18.27],[137.802,-18.18]]]},"properties":{"state":"nt","n":73,"kind":"geochem"}},{"type":"Feature","geometry":{"type":"Polygon","coordinates":[[[138.7373,-33.84],[138.7373,-33.66],[138.5814,-33.57],[138.4255,-33.66],[138.4255,-33.84],[138.5814,-33.93],[138.7373,-33.84]]]},"properties":{"state":"sa","n":73,"kind":"geochem"}},{"type":"Feature","geometry":{"type":"Polygon","coordinates":[[[148.0903,-32.22],[148.0903,-32.04],[147.9345,-31.95],[147.7786,-32.04],[147.7786,-32.22],[147.9345,-32.31],[148.0903,-32.22]]]},"properties":{"state":"nsw","n":74,"kind":"geochem"}},{"type":"Feature","geometry":{"type":"Polygon","coordinates":[[[150.5845,-34.38],[150.5845,-34.2],[150.4286,-34.11],[150.2727,-34.2],[150.2727,-34.38],[150.4286,-34.47],[150.5845,-34.38]]]},"properties":{"state":"nsw","n":74,"kind":"geochem"}},{"type":"Feature","geometry":{"type":"Polygon","coordinates":[[[131.2548,-23.04],[131.2548,-22.86],[131.0989,-22.77],[130.943,-22.86],[130.943,-23.04],[131.0989,-23.13],[131.2548,-23.04]]]},"properties":{"state":"nt","n":74,"kind":"geochem"}},{"type":"Feature","geometry":{"type":"Polygon","coordinates":[[[153.3904,-28.98],[153.3904,-28.8],[153.2345,-28.71],[153.0787,-28.8],[153.0787,-28.98],[153.2345,-29.07],[153.3904,-28.98]]]},"properties":{"state":"nsw","n":75,"kind":"geochem"}},{"type":"Feature","geometry":{"type":"Polygon","coordinates":[[[145.1285,-37.35],[145.1285,-37.17],[144.9727,-37.08],[144.8168,-37.17],[144.8168,-37.35],[144.9727,-37.44],[145.1285,-37.35]]]},"properties":{"state":"vic","n":75,"kind":"geochem"}},{"type":"Feature","geometry":{"type":"Polygon","coordinates":[[[130.7872,-23.31],[130.7872,-23.13],[130.6313,-23.04],[130.4754,-23.13],[130.4754,-23.31],[130.6313,-23.4],[130.7872,-23.31]]]},"properties":{"state":"nt","n":75,"kind":"geochem"}},{"type":"Feature","geometry":{"type":"Polygon","coordinates":[[[131.2548,-14.94],[131.2548,-14.76],[131.0989,-14.67],[130.943,-14.76],[130.943,-14.94],[131.0989,-15.03],[131.2548,-14.94]]]},"properties":{"state":"nt","n":75,"kind":"geochem"}},{"type":"Feature","geometry":{"type":"Polygon","coordinates":[[[132.8137,-31.68],[132.8137,-31.5],[132.6578,-31.41],[132.5019,-31.5],[132.5019,-31.68],[132.6578,-31.77],[132.8137,-31.68]]]},"properties":{"state":"sa","n":75,"kind":"geochem"}},{"type":"Feature","geometry":{"type":"Polygon","coordinates":[[[144.6609,-31.68],[144.6609,-31.5],[144.505,-31.41],[144.3491,-31.5],[144.3491,-31.68],[144.505,-31.77],[144.6609,-31.68]]]},"properties":{"state":"nsw","n":76,"kind":"geochem"}},{"type":"Feature","geometry":{"type":"Polygon","coordinates":[[[150.7404,-35.19],[150.7404,-35.01],[150.5845,-34.92],[150.4286,-35.01],[150.4286,-35.19],[150.5845,-35.28],[150.7404,-35.19]]]},"properties":{"state":"nsw","n":76,"kind":"geochem"}},{"type":"Feature","geometry":{"type":"Polygon","coordinates":[[[134.3725,-16.56],[134.3725,-16.38],[134.2166,-16.29],[134.0607,-16.38],[134.0607,-16.56],[134.2166,-16.65],[134.3725,-16.56]]]},"properties":{"state":"nt","n":76,"kind":"geochem"}},{"type":"Feature","geometry":{"type":"Polygon","coordinates":[[[132.0342,-16.83],[132.0342,-16.65],[131.8783,-16.56],[131.7225,-16.65],[131.7225,-16.83],[131.8783,-16.92],[132.0342,-16.83]]]},"properties":{"state":"nt","n":76,"kind":"geochem"}},{"type":"Feature","geometry":{"type":"Polygon","coordinates":[[[135.1519,-21.15],[135.1519,-20.97],[134.996,-20.88],[134.8402,-20.97],[134.8402,-21.15],[134.996,-21.24],[135.1519,-21.15]]]},"properties":{"state":"nt","n":76,"kind":"geochem"}},{"type":"Feature","geometry":{"type":"Polygon","coordinates":[[[133.5931,-30.87],[133.5931,-30.69],[133.4372,-30.6],[133.2813,-30.69],[133.2813,-30.87],[133.4372,-30.96],[133.5931,-30.87]]]},"properties":{"state":"sa","n":76,"kind":"geochem"}},{"type":"Feature","geometry":{"type":"Polygon","coordinates":[[[134.2166,-26.01],[134.2166,-25.83],[134.0607,-25.74],[133.9048,-25.83],[133.9048,-26.01],[134.0607,-26.1],[134.2166,-26.01]]]},"properties":{"state":"sa","n":76,"kind":"geochem"}},{"type":"Feature","geometry":{"type":"Polygon","coordinates":[[[141.2314,-32.22],[141.2314,-32.04],[141.0755,-31.95],[140.9197,-32.04],[140.9197,-32.22],[141.0755,-32.31],[141.2314,-32.22]]]},"properties":{"state":"sa","n":76,"kind":"geochem"}},{"type":"Feature","geometry":{"type":"Polygon","coordinates":[[[138.7373,-34.92],[138.7373,-34.74],[138.5814,-34.65],[138.4255,-34.74],[138.4255,-34.92],[138.5814,-35.01],[138.7373,-34.92]]]},"properties":{"state":"sa","n":76,"kind":"geochem"}},{"type":"Feature","geometry":{"type":"Polygon","coordinates":[[[149.0257,-32.22],[149.0257,-32.04],[148.8698,-31.95],[148.7139,-32.04],[148.7139,-32.22],[148.8698,-32.31],[149.0257,-32.22]]]},"properties":{"state":"nsw","n":77,"kind":"geochem"}},{"type":"Feature","geometry":{"type":"Polygon","coordinates":[[[133.749,-18.18],[133.749,-18.0],[133.5931,-17.91],[133.4372,-18.0],[133.4372,-18.18],[133.5931,-18.27],[133.749,-18.18]]]},"properties":{"state":"nt","n":77,"kind":"geochem"}},{"type":"Feature","geometry":{"type":"Polygon","coordinates":[[[134.5284,-22.77],[134.5284,-22.59],[134.3725,-22.5],[134.2166,-22.59],[134.2166,-22.77],[134.3725,-22.86],[134.5284,-22.77]]]},"properties":{"state":"nt","n":77,"kind":"geochem"}},{"type":"Feature","geometry":{"type":"Polygon","coordinates":[[[130.7872,-12.51],[130.7872,-12.33],[130.6313,-12.24],[130.4754,-12.33],[130.4754,-12.51],[130.6313,-12.6],[130.7872,-12.51]]]},"properties":{"state":"nt","n":78,"kind":"geochem"}},{"type":"Feature","geometry":{"type":"Polygon","coordinates":[[[133.9048,-27.09],[133.9048,-26.91],[133.749,-26.82],[133.5931,-26.91],[133.5931,-27.09],[133.749,-27.18],[133.9048,-27.09]]]},"properties":{"state":"sa","n":78,"kind":"geochem"}},{"type":"Feature","geometry":{"type":"Polygon","coordinates":[[[134.2166,-31.95],[134.2166,-31.77],[134.0607,-31.68],[133.9048,-31.77],[133.9048,-31.95],[134.0607,-32.04],[134.2166,-31.95]]]},"properties":{"state":"sa","n":78,"kind":"geochem"}},{"type":"Feature","geometry":{"type":"Polygon","coordinates":[[[139.6726,-33.84],[139.6726,-33.66],[139.5167,-33.57],[139.3608,-33.66],[139.3608,-33.84],[139.5167,-33.93],[139.6726,-33.84]]]},"properties":{"state":"sa","n":79,"kind":"geochem"}},{"type":"Feature","geometry":{"type":"Polygon","coordinates":[[[135.6196,-28.98],[135.6196,-28.8],[135.4637,-28.71],[135.3078,-28.8],[135.3078,-28.98],[135.4637,-29.07],[135.6196,-28.98]]]},"properties":{"state":"sa","n":79,"kind":"geochem"}},{"type":"Feature","geometry":{"type":"Polygon","coordinates":[[[139.3608,-30.06],[139.3608,-29.88],[139.2049,-29.79],[139.049,-29.88],[139.049,-30.06],[139.2049,-30.15],[139.3608,-30.06]]]},"properties":{"state":"sa","n":79,"kind":"geochem"}},{"type":"Feature","geometry":{"type":"Polygon","coordinates":[[[132.6578,-24.39],[132.6578,-24.21],[132.5019,-24.12],[132.346,-24.21],[132.346,-24.39],[132.5019,-24.48],[132.6578,-24.39]]]},"properties":{"state":"nt","n":81,"kind":"geochem"}},{"type":"Feature","geometry":{"type":"Polygon","coordinates":[[[134.0607,-32.22],[134.0607,-32.04],[133.9048,-31.95],[133.749,-32.04],[133.749,-32.22],[133.9048,-32.31],[134.0607,-32.22]]]},"properties":{"state":"sa","n":81,"kind":"geochem"}},{"type":"Feature","geometry":{"type":"Polygon","coordinates":[[[135.1519,-33.57],[135.1519,-33.39],[134.996,-33.3],[134.8402,-33.39],[134.8402,-33.57],[134.996,-33.66],[135.1519,-33.57]]]},"properties":{"state":"sa","n":81,"kind":"geochem"}},{"type":"Feature","geometry":{"type":"Polygon","coordinates":[[[147.4668,-43.56],[147.4668,-43.38],[147.3109,-43.29],[147.155,-43.38],[147.155,-43.56],[147.3109,-43.65],[147.4668,-43.56]]]},"properties":{"state":"tas","n":81,"kind":"geochem"}},{"type":"Feature","geometry":{"type":"Polygon","coordinates":[[[147.9345,-42.75],[147.9345,-42.57],[147.7786,-42.48],[147.6227,-42.57],[147.6227,-42.75],[147.7786,-42.84],[147.9345,-42.75]]]},"properties":{"state":"tas","n":81,"kind":"geochem"}},{"type":"Feature","geometry":{"type":"Polygon","coordinates":[[[153.0787,-29.52],[153.0787,-29.34],[152.9228,-29.25],[152.7669,-29.34],[152.7669,-29.52],[152.9228,-29.61],[153.0787,-29.52]]]},"properties":{"state":"nsw","n":82,"kind":"geochem"}},{"type":"Feature","geometry":{"type":"Polygon","coordinates":[[[146.0638,-35.73],[146.0638,-35.55],[145.908,-35.46],[145.7521,-35.55],[145.7521,-35.73],[145.908,-35.82],[146.0638,-35.73]]]},"properties":{"state":"nsw","n":82,"kind":"geochem"}},{"type":"Feature","geometry":{"type":"Polygon","coordinates":[[[150.2727,-30.06],[150.2727,-29.88],[150.1168,-29.79],[149.961,-29.88],[149.961,-30.06],[150.1168,-30.15],[150.2727,-30.06]]]},"properties":{"state":"nsw","n":82,"kind":"geochem"}},{"type":"Feature","geometry":{"type":"Polygon","coordinates":[[[151.3639,-32.49],[151.3639,-32.31],[151.208,-32.22],[151.0522,-32.31],[151.0522,-32.49],[151.208,-32.58],[151.3639,-32.49]]]},"properties":{"state":"nsw","n":82,"kind":"geochem"}},{"type":"Feature","geometry":{"type":"Polygon","coordinates":[[[143.7256,-37.62],[143.7256,-37.44],[143.5697,-37.35],[143.4138,-37.44],[143.4138,-37.62],[143.5697,-37.71],[143.7256,-37.62]]]},"properties":{"state":"vic","n":82,"kind":"geochem"}},{"type":"Feature","geometry":{"type":"Polygon","coordinates":[[[134.2166,-20.61],[134.2166,-20.43],[134.0607,-20.34],[133.9048,-20.43],[133.9048,-20.61],[134.0607,-20.7],[134.2166,-20.61]]]},"properties":{"state":"nt","n":82,"kind":"geochem"}},{"type":"Feature","geometry":{"type":"Polygon","coordinates":[[[130.7872,-17.91],[130.7872,-17.73],[130.6313,-17.64],[130.4754,-17.73],[130.4754,-17.91],[130.6313,-18.0],[130.7872,-17.91]]]},"properties":{"state":"nt","n":82,"kind":"geochem"}},{"type":"Feature","geometry":{"type":"Polygon","coordinates":[[[139.5167,-34.11],[139.5167,-33.93],[139.3608,-33.84],[139.2049,-33.93],[139.2049,-34.11],[139.3608,-34.2],[139.5167,-34.11]]]},"properties":{"state":"sa","n":82,"kind":"geochem"}},{"type":"Feature","geometry":{"type":"Polygon","coordinates":[[[148.8698,-35.73],[148.8698,-35.55],[148.7139,-35.46],[148.558,-35.55],[148.558,-35.73],[148.7139,-35.82],[148.8698,-35.73]]]},"properties":{"state":"nsw","n":83,"kind":"geochem"}},{"type":"Feature","geometry":{"type":"Polygon","coordinates":[[[129.696,-24.66],[129.696,-24.48],[129.5401,-24.39],[129.3842,-24.48],[129.3842,-24.66],[129.5401,-24.75],[129.696,-24.66]]]},"properties":{"state":"nt","n":83,"kind":"geochem"}},{"type":"Feature","geometry":{"type":"Polygon","coordinates":[[[130.1636,-24.93],[130.1636,-24.75],[130.0077,-24.66],[129.8518,-24.75],[129.8518,-24.93],[130.0077,-25.02],[130.1636,-24.93]]]},"properties":{"state":"nt","n":83,"kind":"geochem"}},{"type":"Feature","geometry":{"type":"Polygon","coordinates":[[[132.6578,-15.21],[132.6578,-15.03],[132.5019,-14.94],[132.346,-15.03],[132.346,-15.21],[132.5019,-15.3],[132.6578,-15.21]]]},"properties":{"state":"nt","n":83,"kind":"geochem"}},{"type":"Feature","geometry":{"type":"Polygon","coordinates":[[[130.943,-17.64],[130.943,-17.46],[130.7872,-17.37],[130.6313,-17.46],[130.6313,-17.64],[130.7872,-17.73],[130.943,-17.64]]]},"properties":{"state":"nt","n":83,"kind":"geochem"}},{"type":"Feature","geometry":{"type":"Polygon","coordinates":[[[133.749,-32.22],[133.749,-32.04],[133.5931,-31.95],[133.4372,-32.04],[133.4372,-32.22],[133.5931,-32.31],[133.749,-32.22]]]},"properties":{"state":"sa","n":83,"kind":"geochem"}},{"type":"Feature","geometry":{"type":"Polygon","coordinates":[[[141.5432,-32.76],[141.5432,-32.58],[141.3873,-32.49],[141.2314,-32.58],[141.2314,-32.76],[141.3873,-32.85],[141.5432,-32.76]]]},"properties":{"state":"nsw","n":84,"kind":"geochem"}},{"type":"Feature","geometry":{"type":"Polygon","coordinates":[[[137.6461,-18.45],[137.6461,-18.27],[137.4902,-18.18],[137.3343,-18.27],[137.3343,-18.45],[137.4902,-18.54],[137.6461,-18.45]]]},"properties":{"state":"nt","n":84,"kind":"geochem"}},{"type":"Feature","geometry":{"type":"Polygon","coordinates":[[[138.8932,-30.87],[138.8932,-30.69],[138.7373,-30.6],[138.5814,-30.69],[138.5814,-30.87],[138.7373,-30.96],[138.8932,-30.87]]]},"properties":{"state":"sa","n":84,"kind":"geochem"}},{"type":"Feature","geometry":{"type":"Polygon","coordinates":[[[134.6843,-32.76],[134.6843,-32.58],[134.5284,-32.49],[134.3725,-32.58],[134.3725,-32.76],[134.5284,-32.85],[134.6843,-32.76]]]},"properties":{"state":"sa","n":84,"kind":"geochem"}},{"type":"Feature","geometry":{"type":"Polygon","coordinates":[[[137.1784,-33.84],[137.1784,-33.66],[137.0225,-33.57],[136.8667,-33.66],[136.8667,-33.84],[137.0225,-33.93],[137.1784,-33.84]]]},"properties":{"state":"sa","n":84,"kind":"geochem"}},{"type":"Feature","geometry":{"type":"Polygon","coordinates":[[[153.5463,-29.25],[153.5463,-29.07],[153.3904,-28.98],[153.2345,-29.07],[153.2345,-29.25],[153.3904,-29.34],[153.5463,-29.25]]]},"properties":{"state":"nsw","n":85,"kind":"geochem"}},{"type":"Feature","geometry":{"type":"Polygon","coordinates":[[[144.6609,-32.22],[144.6609,-32.04],[144.505,-31.95],[144.3491,-32.04],[144.3491,-32.22],[144.505,-32.31],[144.6609,-32.22]]]},"properties":{"state":"nsw","n":85,"kind":"geochem"}},{"type":"Feature","geometry":{"type":"Polygon","coordinates":[[[138.1137,-23.04],[138.1137,-22.86],[137.9578,-22.77],[137.802,-22.86],[137.802,-23.04],[137.9578,-23.13],[138.1137,-23.04]]]},"properties":{"state":"nt","n":85,"kind":"geochem"}},{"type":"Feature","geometry":{"type":"Polygon","coordinates":[[[133.1254,-30.6],[133.1254,-30.42],[132.9695,-30.33],[132.8137,-30.42],[132.8137,-30.6],[132.9695,-30.69],[133.1254,-30.6]]]},"properties":{"state":"sa","n":85,"kind":"geochem"}},{"type":"Feature","geometry":{"type":"Polygon","coordinates":[[[148.2462,-40.59],[148.2462,-40.41],[148.0903,-40.32],[147.9345,-40.41],[147.9345,-40.59],[148.0903,-40.68],[148.2462,-40.59]]]},"properties":{"state":"tas","n":85,"kind":"geochem"}},{"type":"Feature","geometry":{"type":"Polygon","coordinates":[[[150.4286,-34.65],[150.4286,-34.47],[150.2727,-34.38],[150.1168,-34.47],[150.1168,-34.65],[150.2727,-34.74],[150.4286,-34.65]]]},"properties":{"state":"nsw","n":86,"kind":"geochem"}},{"type":"Feature","geometry":{"type":"Polygon","coordinates":[[[129.5401,-18.99],[129.5401,-18.81],[129.3842,-18.72],[129.2283,-18.81],[129.2283,-18.99],[129.3842,-19.08],[129.5401,-18.99]]]},"properties":{"state":"nt","n":86,"kind":"geochem"}},{"type":"Feature","geometry":{"type":"Polygon","coordinates":[[[131.2548,-17.1],[131.2548,-16.92],[131.0989,-16.83],[130.943,-16.92],[130.943,-17.1],[131.0989,-17.19],[131.2548,-17.1]]]},"properties":{"state":"nt","n":86,"kind":"geochem"}},{"type":"Feature","geometry":{"type":"Polygon","coordinates":[[[137.3343,-30.87],[137.3343,-30.69],[137.1784,-30.6],[137.0225,-30.69],[137.0225,-30.87],[137.1784,-30.96],[137.3343,-30.87]]]},"properties":{"state":"sa","n":86,"kind":"geochem"}},{"type":"Feature","geometry":{"type":"Polygon","coordinates":[[[139.049,-32.22],[139.049,-32.04],[138.8932,-31.95],[138.7373,-32.04],[138.7373,-32.22],[138.8932,-32.31],[139.049,-32.22]]]},"properties":{"state":"sa","n":86,"kind":"geochem"}},{"type":"Feature","geometry":{"type":"Polygon","coordinates":[[[140.1402,-33.03],[140.1402,-32.85],[139.9843,-32.76],[139.8285,-32.85],[139.8285,-33.03],[139.9843,-33.12],[140.1402,-33.03]]]},"properties":{"state":"sa","n":86,"kind":"geochem"}},{"type":"Feature","geometry":{"type":"Polygon","coordinates":[[[132.346,-23.31],[132.346,-23.13],[132.1901,-23.04],[132.0342,-23.13],[132.0342,-23.31],[132.1901,-23.4],[132.346,-23.31]]]},"properties":{"state":"nt","n":87,"kind":"geochem"}},{"type":"Feature","geometry":{"type":"Polygon","coordinates":[[[133.1254,-14.4],[133.1254,-14.22],[132.9695,-14.13],[132.8137,-14.22],[132.8137,-14.4],[132.9695,-14.49],[133.1254,-14.4]]]},"properties":{"state":"nt","n":87,"kind":"geochem"}},{"type":"Feature","geometry":{"type":"Polygon","coordinates":[[[136.5549,-12.24],[136.5549,-12.06],[136.399,-11.97],[136.2431,-12.06],[136.2431,-12.24],[136.399,-12.33],[136.5549,-12.24]]]},"properties":{"state":"nt","n":87,"kind":"geochem"}},{"type":"Feature","geometry":{"type":"Polygon","coordinates":[[[146.9992,-30.33],[146.9992,-30.15],[146.8433,-30.06],[146.6874,-30.15],[146.6874,-30.33],[146.8433,-30.42],[146.9992,-30.33]]]},"properties":{"state":"nsw","n":89,"kind":"geochem"}},{"type":"Feature","geometry":{"type":"Polygon","coordinates":[[[142.6344,-31.95],[142.6344,-31.77],[142.4785,-31.68],[142.3226,-31.77],[142.3226,-31.95],[142.4785,-32.04],[142.6344,-31.95]]]},"properties":{"state":"nsw","n":89,"kind":"geochem"}},{"type":"Feature","geometry":{"type":"Polygon","coordinates":[[[136.5549,-22.5],[136.5549,-22.32],[136.399,-22.23],[136.2431,-22.32],[136.2431,-22.5],[136.399,-22.59],[136.5549,-22.5]]]},"properties":{"state":"nt","n":89,"kind":"geochem"}},{"type":"Feature","geometry":{"type":"Polygon","coordinates":[[[131.4107,-12.51],[131.4107,-12.33],[131.2548,-12.24],[131.0989,-12.33],[131.0989,-12.51],[131.2548,-12.6],[131.4107,-12.51]]]},"properties":{"state":"nt","n":89,"kind":"geochem"}},{"type":"Feature","geometry":{"type":"Polygon","coordinates":[[[134.5284,-14.13],[134.5284,-13.95],[134.3725,-13.86],[134.2166,-13.95],[134.2166,-14.13],[134.3725,-14.22],[134.5284,-14.13]]]},"properties":{"state":"nt","n":89,"kind":"geochem"}},{"type":"Feature","geometry":{"type":"Polygon","coordinates":[[[131.0989,-17.37],[131.0989,-17.19],[130.943,-17.1],[130.7872,-17.19],[130.7872,-17.37],[130.943,-17.46],[131.0989,-17.37]]]},"properties":{"state":"nt","n":90,"kind":"geochem"}},{"type":"Feature","geometry":{"type":"Polygon","coordinates":[[[137.0225,-31.95],[137.0225,-31.77],[136.8667,-31.68],[136.7108,-31.77],[136.7108,-31.95],[136.8667,-32.04],[137.0225,-31.95]]]},"properties":{"state":"sa","n":90,"kind":"geochem"}},{"type":"Feature","geometry":{"type":"Polygon","coordinates":[[[145.908,-37.08],[145.908,-36.9],[145.7521,-36.81],[145.5962,-36.9],[145.5962,-37.08],[145.7521,-37.17],[145.908,-37.08]]]},"properties":{"state":"vic","n":91,"kind":"geochem"}},{"type":"Feature","geometry":{"type":"Polygon","coordinates":[[[134.0607,-23.58],[134.0607,-23.4],[133.9048,-23.31],[133.749,-23.4],[133.749,-23.58],[133.9048,-23.67],[134.0607,-23.58]]]},"properties":{"state":"nt","n":91,"kind":"geochem"}},{"type":"Feature","geometry":{"type":"Polygon","coordinates":[[[139.2049,-31.41],[139.2049,-31.23],[139.049,-31.14],[138.8932,-31.23],[138.8932,-31.41],[139.049,-31.5],[139.2049,-31.41]]]},"properties":{"state":"sa","n":91,"kind":"geochem"}},{"type":"Feature","geometry":{"type":"Polygon","coordinates":[[[137.3343,-19.53],[137.3343,-19.35],[137.1784,-19.26],[137.0225,-19.35],[137.0225,-19.53],[137.1784,-19.62],[137.3343,-19.53]]]},"properties":{"state":"nt","n":92,"kind":"geochem"}},{"type":"Feature","geometry":{"type":"Polygon","coordinates":[[[132.5019,-25.74],[132.5019,-25.56],[132.346,-25.47],[132.1901,-25.56],[132.1901,-25.74],[132.346,-25.83],[132.5019,-25.74]]]},"properties":{"state":"nt","n":92,"kind":"geochem"}},{"type":"Feature","geometry":{"type":"Polygon","coordinates":[[[135.9313,-32.22],[135.9313,-32.04],[135.7755,-31.95],[135.6196,-32.04],[135.6196,-32.22],[135.7755,-32.31],[135.9313,-32.22]]]},"properties":{"state":"sa","n":92,"kind":"geochem"}},{"type":"Feature","geometry":{"type":"Polygon","coordinates":[[[133.5931,-11.97],[133.5931,-11.79],[133.4372,-11.7],[133.2813,-11.79],[133.2813,-11.97],[133.4372,-12.06],[133.5931,-11.97]]]},"properties":{"state":"nt","n":93,"kind":"geochem"}},{"type":"Feature","geometry":{"type":"Polygon","coordinates":[[[135.6196,-30.6],[135.6196,-30.42],[135.4637,-30.33],[135.3078,-30.42],[135.3078,-30.6],[135.4637,-30.69],[135.6196,-30.6]]]},"properties":{"state":"sa","n":93,"kind":"geochem"}},{"type":"Feature","geometry":{"type":"Polygon","coordinates":[[[146.9992,-35.19],[146.9992,-35.01],[146.8433,-34.92],[146.6874,-35.01],[146.6874,-35.19],[146.8433,-35.28],[146.9992,-35.19]]]},"properties":{"state":"nsw","n":94,"kind":"geochem"}},{"type":"Feature","geometry":{"type":"Polygon","coordinates":[[[142.1667,-32.22],[142.1667,-32.04],[142.0108,-31.95],[141.855,-32.04],[141.855,-32.22],[142.0108,-32.31],[142.1667,-32.22]]]},"properties":{"state":"nsw","n":94,"kind":"geochem"}},{"type":"Feature","geometry":{"type":"Polygon","coordinates":[[[150.2727,-31.14],[150.2727,-30.96],[150.1168,-30.87],[149.961,-30.96],[149.961,-31.14],[150.1168,-31.23],[150.2727,-31.14]]]},"properties":{"state":"nsw","n":94,"kind":"geochem"}},{"type":"Feature","geometry":{"type":"Polygon","coordinates":[[[130.943,-22.5],[130.943,-22.32],[130.7872,-22.23],[130.6313,-22.32],[130.6313,-22.5],[130.7872,-22.59],[130.943,-22.5]]]},"properties":{"state":"nt","n":94,"kind":"geochem"}},{"type":"Feature","geometry":{"type":"Polygon","coordinates":[[[134.6843,-15.48],[134.6843,-15.3],[134.5284,-15.21],[134.3725,-15.3],[134.3725,-15.48],[134.5284,-15.57],[134.6843,-15.48]]]},"properties":{"state":"nt","n":94,"kind":"geochem"}},{"type":"Feature","geometry":{"type":"Polygon","coordinates":[[[147.9345,-32.49],[147.9345,-32.31],[147.7786,-32.22],[147.6227,-32.31],[147.6227,-32.49],[147.7786,-32.58],[147.9345,-32.49]]]},"properties":{"state":"nsw","n":95,"kind":"geochem"}},{"type":"Feature","geometry":{"type":"Polygon","coordinates":[[[131.5666,-23.58],[131.5666,-23.4],[131.4107,-23.31],[131.2548,-23.4],[131.2548,-23.58],[131.4107,-23.67],[131.5666,-23.58]]]},"properties":{"state":"nt","n":95,"kind":"geochem"}},{"type":"Feature","geometry":{"type":"Polygon","coordinates":[[[139.6726,-30.6],[139.6726,-30.42],[139.5167,-30.33],[139.3608,-30.42],[139.3608,-30.6],[139.5167,-30.69],[139.6726,-30.6]]]},"properties":{"state":"sa","n":95,"kind":"geochem"}},{"type":"Feature","geometry":{"type":"Polygon","coordinates":[[[129.2283,-20.61],[129.2283,-20.43],[129.0724,-20.34],[128.9165,-20.43],[128.9165,-20.61],[129.0724,-20.7],[129.2283,-20.61]]]},"properties":{"state":"nt","n":96,"kind":"geochem"}},{"type":"Feature","geometry":{"type":"Polygon","coordinates":[[[129.3842,-20.88],[129.3842,-20.7],[129.2283,-20.61],[129.0724,-20.7],[129.0724,-20.88],[129.2283,-20.97],[129.3842,-20.88]]]},"properties":{"state":"nt","n":96,"kind":"geochem"}},{"type":"Feature","geometry":{"type":"Polygon","coordinates":[[[131.4107,-21.69],[131.4107,-21.51],[131.2548,-21.42],[131.0989,-21.51],[131.0989,-21.69],[131.2548,-21.78],[131.4107,-21.69]]]},"properties":{"state":"nt","n":96,"kind":"geochem"}},{"type":"Feature","geometry":{"type":"Polygon","coordinates":[[[134.3725,-29.52],[134.3725,-29.34],[134.2166,-29.25],[134.0607,-29.34],[134.0607,-29.52],[134.2166,-29.61],[134.3725,-29.52]]]},"properties":{"state":"sa","n":96,"kind":"geochem"}},{"type":"Feature","geometry":{"type":"Polygon","coordinates":[[[147.7786,-36.0],[147.7786,-35.82],[147.6227,-35.73],[147.4668,-35.82],[147.4668,-36.0],[147.6227,-36.09],[147.7786,-36.0]]]},"properties":{"state":"vic","n":97,"kind":"geochem"}},{"type":"Feature","geometry":{"type":"Polygon","coordinates":[[[132.1901,-12.78],[132.1901,-12.6],[132.0342,-12.51],[131.8783,-12.6],[131.8783,-12.78],[132.0342,-12.87],[132.1901,-12.78]]]},"properties":{"state":"nt","n":97,"kind":"geochem"}},{"type":"Feature","geometry":{"type":"Polygon","coordinates":[[[129.5401,-15.21],[129.5401,-15.03],[129.3842,-14.94],[129.2283,-15.03],[129.2283,-15.21],[129.3842,-15.3],[129.5401,-15.21]]]},"properties":{"state":"nt","n":97,"kind":"geochem"}},{"type":"Feature","geometry":{"type":"Polygon","coordinates":[[[136.8667,-12.78],[136.8667,-12.6],[136.7108,-12.51],[136.5549,-12.6],[136.5549,-12.78],[136.7108,-12.87],[136.8667,-12.78]]]},"properties":{"state":"nt","n":97,"kind":"geochem"}},{"type":"Feature","geometry":{"type":"Polygon","coordinates":[[[148.4021,-40.32],[148.4021,-40.14],[148.2462,-40.05],[148.0903,-40.14],[148.0903,-40.32],[148.2462,-40.41],[148.4021,-40.32]]]},"properties":{"state":"tas","n":97,"kind":"geochem"}},{"type":"Feature","geometry":{"type":"Polygon","coordinates":[[[145.2844,-37.08],[145.2844,-36.9],[145.1285,-36.81],[144.9727,-36.9],[144.9727,-37.08],[145.1285,-37.17],[145.2844,-37.08]]]},"properties":{"state":"vic","n":98,"kind":"geochem"}},{"type":"Feature","geometry":{"type":"Polygon","coordinates":[[[144.6609,-37.62],[144.6609,-37.44],[144.505,-37.35],[144.3491,-37.44],[144.3491,-37.62],[144.505,-37.71],[144.6609,-37.62]]]},"properties":{"state":"vic","n":98,"kind":"geochem"}},{"type":"Feature","geometry":{"type":"Polygon","coordinates":[[[134.3725,-20.88],[134.3725,-20.7],[134.2166,-20.61],[134.0607,-20.7],[134.0607,-20.88],[134.2166,-20.97],[134.3725,-20.88]]]},"properties":{"state":"nt","n":98,"kind":"geochem"}},{"type":"Feature","geometry":{"type":"Polygon","coordinates":[[[129.696,-17.1],[129.696,-16.92],[129.5401,-16.83],[129.3842,-16.92],[129.3842,-17.1],[129.5401,-17.19],[129.696,-17.1]]]},"properties":{"state":"nt","n":98,"kind":"geochem"}},{"type":"Feature","geometry":{"type":"Polygon","coordinates":[[[133.749,-12.78],[133.749,-12.6],[133.5931,-12.51],[133.4372,-12.6],[133.4372,-12.78],[133.5931,-12.87],[133.749,-12.78]]]},"properties":{"state":"nt","n":98,"kind":"geochem"}},{"type":"Feature","geometry":{"type":"Polygon","coordinates":[[[132.5019,-31.68],[132.5019,-31.5],[132.346,-31.41],[132.1901,-31.5],[132.1901,-31.68],[132.346,-31.77],[132.5019,-31.68]]]},"properties":{"state":"sa","n":98,"kind":"geochem"}},{"type":"Feature","geometry":{"type":"Polygon","coordinates":[[[146.3756,-42.21],[146.3756,-42.03],[146.2197,-41.94],[146.0638,-42.03],[146.0638,-42.21],[146.2197,-42.3],[146.3756,-42.21]]]},"properties":{"state":"tas","n":98,"kind":"geochem"}},{"type":"Feature","geometry":{"type":"Polygon","coordinates":[[[134.996,-21.42],[134.996,-21.24],[134.8402,-21.15],[134.6843,-21.24],[134.6843,-21.42],[134.8402,-21.51],[134.996,-21.42]]]},"properties":{"state":"nt","n":99,"kind":"geochem"}},{"type":"Feature","geometry":{"type":"Polygon","coordinates":[[[138.1137,-19.26],[138.1137,-19.08],[137.9578,-18.99],[137.802,-19.08],[137.802,-19.26],[137.9578,-19.35],[138.1137,-19.26]]]},"properties":{"state":"nt","n":99,"kind":"geochem"}},{"type":"Feature","geometry":{"type":"Polygon","coordinates":[[[133.5931,-20.07],[133.5931,-19.89],[133.4372,-19.8],[133.2813,-19.89],[133.2813,-20.07],[133.4372,-20.16],[133.5931,-20.07]]]},"properties":{"state":"nt","n":99,"kind":"geochem"}},{"type":"Feature","geometry":{"type":"Polygon","coordinates":[[[153.2345,-28.71],[153.2345,-28.53],[153.0787,-28.44],[152.9228,-28.53],[152.9228,-28.71],[153.0787,-28.8],[153.2345,-28.71]]]},"properties":{"state":"nsw","n":100,"kind":"geochem"}},{"type":"Feature","geometry":{"type":"Polygon","coordinates":[[[149.0257,-36.0],[149.0257,-35.82],[148.8698,-35.73],[148.7139,-35.82],[148.7139,-36.0],[148.8698,-36.09],[149.0257,-36.0]]]},"properties":{"state":"nsw","n":100,"kind":"geochem"}},{"type":"Feature","geometry":{"type":"Polygon","coordinates":[[[131.4107,-17.37],[131.4107,-17.19],[131.2548,-17.1],[131.0989,-17.19],[131.0989,-17.37],[131.2548,-17.46],[131.4107,-17.37]]]},"properties":{"state":"nt","n":100,"kind":"geochem"}},{"type":"Feature","geometry":{"type":"Polygon","coordinates":[[[145.1285,-40.59],[145.1285,-40.41],[144.9727,-40.32],[144.8168,-40.41],[144.8168,-40.59],[144.9727,-40.68],[145.1285,-40.59]]]},"properties":{"state":"tas","n":100,"kind":"geochem"}},{"type":"Feature","geometry":{"type":"Polygon","coordinates":[[[142.9462,-34.65],[142.9462,-34.47],[142.7903,-34.38],[142.6344,-34.47],[142.6344,-34.65],[142.7903,-34.74],[142.9462,-34.65]]]},"properties":{"state":"nsw","n":101,"kind":"geochem"}},{"type":"Feature","geometry":{"type":"Polygon","coordinates":[[[131.4107,-16.83],[131.4107,-16.65],[131.2548,-16.56],[131.0989,-16.65],[131.0989,-16.83],[131.2548,-16.92],[131.4107,-16.83]]]},"properties":{"state":"nt","n":101,"kind":"geochem"}},{"type":"Feature","geometry":{"type":"Polygon","coordinates":[[[134.2166,-14.13],[134.2166,-13.95],[134.0607,-13.86],[133.9048,-13.95],[133.9048,-14.13],[134.0607,-14.22],[134.2166,-14.13]]]},"properties":{"state":"nt","n":101,"kind":"geochem"}},{"type":"Feature","geometry":{"type":"Polygon","coordinates":[[[150.1168,-30.33],[150.1168,-30.15],[149.961,-30.06],[149.8051,-30.15],[149.8051,-30.33],[149.961,-30.42],[150.1168,-30.33]]]},"properties":{"state":"nsw","n":102,"kind":"geochem"}},{"type":"Feature","geometry":{"type":"Polygon","coordinates":[[[130.0077,-24.66],[130.0077,-24.48],[129.8518,-24.39],[129.696,-24.48],[129.696,-24.66],[129.8518,-24.75],[130.0077,-24.66]]]},"properties":{"state":"nt","n":102,"kind":"geochem"}},{"type":"Feature","geometry":{"type":"Polygon","coordinates":[[[137.1784,-17.1],[137.1784,-16.92],[137.0225,-16.83],[136.8667,-16.92],[136.8667,-17.1],[137.0225,-17.19],[137.1784,-17.1]]]},"properties":{"state":"nt","n":102,"kind":"geochem"}},{"type":"Feature","geometry":{"type":"Polygon","coordinates":[[[137.6461,-18.99],[137.6461,-18.81],[137.4902,-18.72],[137.3343,-18.81],[137.3343,-18.99],[137.4902,-19.08],[137.6461,-18.99]]]},"properties":{"state":"nt","n":103,"kind":"geochem"}},{"type":"Feature","geometry":{"type":"Polygon","coordinates":[[[134.6843,-18.72],[134.6843,-18.54],[134.5284,-18.45],[134.3725,-18.54],[134.3725,-18.72],[134.5284,-18.81],[134.6843,-18.72]]]},"properties":{"state":"nt","n":103,"kind":"geochem"}},{"type":"Feature","geometry":{"type":"Polygon","coordinates":[[[131.5666,-16.56],[131.5666,-16.38],[131.4107,-16.29],[131.2548,-16.38],[131.2548,-16.56],[131.4107,-16.65],[131.5666,-16.56]]]},"properties":{"state":"nt","n":103,"kind":"geochem"}},{"type":"Feature","geometry":{"type":"Polygon","coordinates":[[[134.0607,-14.4],[134.0607,-14.22],[133.9048,-14.13],[133.749,-14.22],[133.749,-14.4],[133.9048,-14.49],[134.0607,-14.4]]]},"properties":{"state":"nt","n":103,"kind":"geochem"}},{"type":"Feature","geometry":{"type":"Polygon","coordinates":[[[131.5666,-17.1],[131.5666,-16.92],[131.4107,-16.83],[131.2548,-16.92],[131.2548,-17.1],[131.4107,-17.19],[131.5666,-17.1]]]},"properties":{"state":"nt","n":103,"kind":"geochem"}},{"type":"Feature","geometry":{"type":"Polygon","coordinates":[[[132.6578,-22.77],[132.6578,-22.59],[132.5019,-22.5],[132.346,-22.59],[132.346,-22.77],[132.5019,-22.86],[132.6578,-22.77]]]},"properties":{"state":"nt","n":104,"kind":"geochem"}},{"type":"Feature","geometry":{"type":"Polygon","coordinates":[[[135.6196,-19.26],[135.6196,-19.08],[135.4637,-18.99],[135.3078,-19.08],[135.3078,-19.26],[135.4637,-19.35],[135.6196,-19.26]]]},"properties":{"state":"nt","n":105,"kind":"geochem"}},{"type":"Feature","geometry":{"type":"Polygon","coordinates":[[[134.8402,-18.99],[134.8402,-18.81],[134.6843,-18.72],[134.5284,-18.81],[134.5284,-18.99],[134.6843,-19.08],[134.8402,-18.99]]]},"properties":{"state":"nt","n":105,"kind":"geochem"}},{"type":"Feature","geometry":{"type":"Polygon","coordinates":[[[149.961,-36.54],[149.961,-36.36],[149.8051,-36.27],[149.6492,-36.36],[149.6492,-36.54],[149.8051,-36.63],[149.961,-36.54]]]},"properties":{"state":"nsw","n":106,"kind":"geochem"}},{"type":"Feature","geometry":{"type":"Polygon","coordinates":[[[143.4138,-36.54],[143.4138,-36.36],[143.2579,-36.27],[143.102,-36.36],[143.102,-36.54],[143.2579,-36.63],[143.4138,-36.54]]]},"properties":{"state":"vic","n":106,"kind":"geochem"}},{"type":"Feature","geometry":{"type":"Polygon","coordinates":[[[129.2283,-17.91],[129.2283,-17.73],[129.0724,-17.64],[128.9165,-17.73],[128.9165,-17.91],[129.0724,-18.0],[129.2283,-17.91]]]},"properties":{"state":"nt","n":106,"kind":"geochem"}},{"type":"Feature","geometry":{"type":"Polygon","coordinates":[[[136.399,-20.07],[136.399,-19.89],[136.2431,-19.8],[136.0872,-19.89],[136.0872,-20.07],[136.2431,-20.16],[136.399,-20.07]]]},"properties":{"state":"nt","n":106,"kind":"geochem"}},{"type":"Feature","geometry":{"type":"Polygon","coordinates":[[[135.4637,-32.49],[135.4637,-32.31],[135.3078,-32.22],[135.1519,-32.31],[135.1519,-32.49],[135.3078,-32.58],[135.4637,-32.49]]]},"properties":{"state":"sa","n":106,"kind":"geochem"}},{"type":"Feature","geometry":{"type":"Polygon","coordinates":[[[138.5814,-35.73],[138.5814,-35.55],[138.4255,-35.46],[138.2696,-35.55],[138.2696,-35.73],[138.4255,-35.82],[138.5814,-35.73]]]},"properties":{"state":"sa","n":107,"kind":"geochem"}},{"type":"Feature","geometry":{"type":"Polygon","coordinates":[[[153.5463,-28.71],[153.5463,-28.53],[153.3904,-28.44],[153.2345,-28.53],[153.2345,-28.71],[153.3904,-28.8],[153.5463,-28.71]]]},"properties":{"state":"nsw","n":108,"kind":"geochem"}},{"type":"Feature","geometry":{"type":"Polygon","coordinates":[[[146.8433,-37.08],[146.8433,-36.9],[146.6874,-36.81],[146.5315,-36.9],[146.5315,-37.08],[146.6874,-37.17],[146.8433,-37.08]]]},"properties":{"state":"vic","n":108,"kind":"geochem"}},{"type":"Feature","geometry":{"type":"Polygon","coordinates":[[[132.6578,-23.31],[132.6578,-23.13],[132.5019,-23.04],[132.346,-23.13],[132.346,-23.31],[132.5019,-23.4],[132.6578,-23.31]]]},"properties":{"state":"nt","n":108,"kind":"geochem"}},{"type":"Feature","geometry":{"type":"Polygon","coordinates":[[[138.4255,-32.22],[138.4255,-32.04],[138.2696,-31.95],[138.1137,-32.04],[138.1137,-32.22],[138.2696,-32.31],[138.4255,-32.22]]]},"properties":{"state":"sa","n":108,"kind":"geochem"}},{"type":"Feature","geometry":{"type":"Polygon","coordinates":[[[136.2431,-17.64],[136.2431,-17.46],[136.0872,-17.37],[135.9313,-17.46],[135.9313,-17.64],[136.0872,-17.73],[136.2431,-17.64]]]},"properties":{"state":"nt","n":109,"kind":"geochem"}},{"type":"Feature","geometry":{"type":"Polygon","coordinates":[[[133.9048,-14.67],[133.9048,-14.49],[133.749,-14.4],[133.5931,-14.49],[133.5931,-14.67],[133.749,-14.76],[133.9048,-14.67]]]},"properties":{"state":"nt","n":109,"kind":"geochem"}},{"type":"Feature","geometry":{"type":"Polygon","coordinates":[[[130.3195,-16.02],[130.3195,-15.84],[130.1636,-15.75],[130.0077,-15.84],[130.0077,-16.02],[130.1636,-16.11],[130.3195,-16.02]]]},"properties":{"state":"nt","n":109,"kind":"geochem"}},{"type":"Feature","geometry":{"type":"Polygon","coordinates":[[[131.2548,-26.28],[131.2548,-26.1],[131.0989,-26.01],[130.943,-26.1],[130.943,-26.28],[131.0989,-26.37],[131.2548,-26.28]]]},"properties":{"state":"sa","n":109,"kind":"geochem"}},{"type":"Feature","geometry":{"type":"Polygon","coordinates":[[[134.996,-16.02],[134.996,-15.84],[134.8402,-15.75],[134.6843,-15.84],[134.6843,-16.02],[134.8402,-16.11],[134.996,-16.02]]]},"properties":{"state":"nt","n":110,"kind":"geochem"}},{"type":"Feature","geometry":{"type":"Polygon","coordinates":[[[137.6461,-30.87],[137.6461,-30.69],[137.4902,-30.6],[137.3343,-30.69],[137.3343,-30.87],[137.4902,-30.96],[137.6461,-30.87]]]},"properties":{"state":"sa","n":110,"kind":"geochem"}},{"type":"Feature","geometry":{"type":"Polygon","coordinates":[[[149.961,-36.0],[149.961,-35.82],[149.8051,-35.73],[149.6492,-35.82],[149.6492,-36.0],[149.8051,-36.09],[149.961,-36.0]]]},"properties":{"state":"nsw","n":111,"kind":"geochem"}},{"type":"Feature","geometry":{"type":"Polygon","coordinates":[[[143.4138,-33.3],[143.4138,-33.12],[143.2579,-33.03],[143.102,-33.12],[143.102,-33.3],[143.2579,-33.39],[143.4138,-33.3]]]},"properties":{"state":"nsw","n":111,"kind":"geochem"}},{"type":"Feature","geometry":{"type":"Polygon","coordinates":[[[135.7755,-17.37],[135.7755,-17.19],[135.6196,-17.1],[135.4637,-17.19],[135.4637,-17.37],[135.6196,-17.46],[135.7755,-17.37]]]},"properties":{"state":"nt","n":111,"kind":"geochem"}},{"type":"Feature","geometry":{"type":"Polygon","coordinates":[[[134.8402,-15.75],[134.8402,-15.57],[134.6843,-15.48],[134.5284,-15.57],[134.5284,-15.75],[134.6843,-15.84],[134.8402,-15.75]]]},"properties":{"state":"nt","n":111,"kind":"geochem"}},{"type":"Feature","geometry":{"type":"Polygon","coordinates":[[[135.3078,-16.56],[135.3078,-16.38],[135.1519,-16.29],[134.996,-16.38],[134.996,-16.56],[135.1519,-16.65],[135.3078,-16.56]]]},"properties":{"state":"nt","n":112,"kind":"geochem"}},{"type":"Feature","geometry":{"type":"Polygon","coordinates":[[[131.7225,-16.29],[131.7225,-16.11],[131.5666,-16.02],[131.4107,-16.11],[131.4107,-16.29],[131.5666,-16.38],[131.7225,-16.29]]]},"properties":{"state":"nt","n":112,"kind":"geochem"}},{"type":"Feature","geometry":{"type":"Polygon","coordinates":[[[135.4637,-31.41],[135.4637,-31.23],[135.3078,-31.14],[135.1519,-31.23],[135.1519,-31.41],[135.3078,-31.5],[135.4637,-31.41]]]},"properties":{"state":"sa","n":112,"kind":"geochem"}},{"type":"Feature","geometry":{"type":"Polygon","coordinates":[[[131.8783,-16.56],[131.8783,-16.38],[131.7225,-16.29],[131.5666,-16.38],[131.5666,-16.56],[131.7225,-16.65],[131.8783,-16.56]]]},"properties":{"state":"nt","n":113,"kind":"geochem"}},{"type":"Feature","geometry":{"type":"Polygon","coordinates":[[[135.9313,-28.44],[135.9313,-28.26],[135.7755,-28.17],[135.6196,-28.26],[135.6196,-28.44],[135.7755,-28.53],[135.9313,-28.44]]]},"properties":{"state":"sa","n":113,"kind":"geochem"}},{"type":"Feature","geometry":{"type":"Polygon","coordinates":[[[139.049,-30.6],[139.049,-30.42],[138.8932,-30.33],[138.7373,-30.42],[138.7373,-30.6],[138.8932,-30.69],[139.049,-30.6]]]},"properties":{"state":"sa","n":113,"kind":"geochem"}},{"type":"Feature","geometry":{"type":"Polygon","coordinates":[[[150.7404,-30.87],[150.7404,-30.69],[150.5845,-30.6],[150.4286,-30.69],[150.4286,-30.87],[150.5845,-30.96],[150.7404,-30.87]]]},"properties":{"state":"nsw","n":114,"kind":"geochem"}},{"type":"Feature","geometry":{"type":"Polygon","coordinates":[[[145.7521,-36.81],[145.7521,-36.63],[145.5962,-36.54],[145.4403,-36.63],[145.4403,-36.81],[145.5962,-36.9],[145.7521,-36.81]]]},"properties":{"state":"vic","n":114,"kind":"geochem"}},{"type":"Feature","geometry":{"type":"Polygon","coordinates":[[[137.802,-21.96],[137.802,-21.78],[137.6461,-21.69],[137.4902,-21.78],[137.4902,-21.96],[137.6461,-22.05],[137.802,-21.96]]]},"properties":{"state":"nt","n":114,"kind":"geochem"}},{"type":"Feature","geometry":{"type":"Polygon","coordinates":[[[137.1784,-31.68],[137.1784,-31.5],[137.0225,-31.41],[136.8667,-31.5],[136.8667,-31.68],[137.0225,-31.77],[137.1784,-31.68]]]},"properties":{"state":"sa","n":116,"kind":"geochem"}},{"type":"Feature","geometry":{"type":"Polygon","coordinates":[[[145.4403,-32.49],[145.4403,-32.31],[145.2844,-32.22],[145.1285,-32.31],[145.1285,-32.49],[145.2844,-32.58],[145.4403,-32.49]]]},"properties":{"state":"nsw","n":117,"kind":"geochem"}},{"type":"Feature","geometry":{"type":"Polygon","coordinates":[[[147.155,-35.46],[147.155,-35.28],[146.9992,-35.19],[146.8433,-35.28],[146.8433,-35.46],[146.9992,-35.55],[147.155,-35.46]]]},"properties":{"state":"nsw","n":117,"kind":"geochem"}},{"type":"Feature","geometry":{"type":"Polygon","coordinates":[[[134.0607,-14.94],[134.0607,-14.76],[133.9048,-14.67],[133.749,-14.76],[133.749,-14.94],[133.9048,-15.03],[134.0607,-14.94]]]},"properties":{"state":"nt","n":117,"kind":"geochem"}},{"type":"Feature","geometry":{"type":"Polygon","coordinates":[[[150.2727,-32.76],[150.2727,-32.58],[150.1168,-32.49],[149.961,-32.58],[149.961,-32.76],[150.1168,-32.85],[150.2727,-32.76]]]},"properties":{"state":"nsw","n":118,"kind":"geochem"}},{"type":"Feature","geometry":{"type":"Polygon","coordinates":[[[130.4754,-23.31],[130.4754,-23.13],[130.3195,-23.04],[130.1636,-23.13],[130.1636,-23.31],[130.3195,-23.4],[130.4754,-23.31]]]},"properties":{"state":"nt","n":118,"kind":"geochem"}},{"type":"Feature","geometry":{"type":"Polygon","coordinates":[[[129.0724,-19.8],[129.0724,-19.62],[128.9165,-19.53],[128.7607,-19.62],[128.7607,-19.8],[128.9165,-19.89],[129.0724,-19.8]]]},"properties":{"state":"nt","n":119,"kind":"geochem"}},{"type":"Feature","geometry":{"type":"Polygon","coordinates":[[[132.5019,-14.94],[132.5019,-14.76],[132.346,-14.67],[132.1901,-14.76],[132.1901,-14.94],[132.346,-15.03],[132.5019,-14.94]]]},"properties":{"state":"nt","n":119,"kind":"geochem"}},{"type":"Feature","geometry":{"type":"Polygon","coordinates":[[[137.1784,-18.72],[137.1784,-18.54],[137.0225,-18.45],[136.8667,-18.54],[136.8667,-18.72],[137.0225,-18.81],[137.1784,-18.72]]]},"properties":{"state":"nt","n":119,"kind":"geochem"}},{"type":"Feature","geometry":{"type":"Polygon","coordinates":[[[131.2548,-17.64],[131.2548,-17.46],[131.0989,-17.37],[130.943,-17.46],[130.943,-17.64],[131.0989,-17.73],[131.2548,-17.64]]]},"properties":{"state":"nt","n":120,"kind":"geochem"}},{"type":"Feature","geometry":{"type":"Polygon","coordinates":[[[141.2314,-32.76],[141.2314,-32.58],[141.0755,-32.49],[140.9197,-32.58],[140.9197,-32.76],[141.0755,-32.85],[141.2314,-32.76]]]},"properties":{"state":"sa","n":120,"kind":"geochem"}},{"type":"Feature","geometry":{"type":"Polygon","coordinates":[[[143.102,-37.62],[143.102,-37.44],[142.9462,-37.35],[142.7903,-37.44],[142.7903,-37.62],[142.9462,-37.71],[143.102,-37.62]]]},"properties":{"state":"vic","n":122,"kind":"geochem"}},{"type":"Feature","geometry":{"type":"Polygon","coordinates":[[[143.8815,-34.65],[143.8815,-34.47],[143.7256,-34.38],[143.5697,-34.47],[143.5697,-34.65],[143.7256,-34.74],[143.8815,-34.65]]]},"properties":{"state":"nsw","n":123,"kind":"geochem"}},{"type":"Feature","geometry":{"type":"Polygon","coordinates":[[[148.4021,-36.54],[148.4021,-36.36],[148.2462,-36.27],[148.0903,-36.36],[148.0903,-36.54],[148.2462,-36.63],[148.4021,-36.54]]]},"properties":{"state":"nsw","n":123,"kind":"geochem"}},{"type":"Feature","geometry":{"type":"Polygon","coordinates":[[[136.2431,-28.44],[136.2431,-28.26],[136.0872,-28.17],[135.9313,-28.26],[135.9313,-28.44],[136.0872,-28.53],[136.2431,-28.44]]]},"properties":{"state":"sa","n":123,"kind":"geochem"}},{"type":"Feature","geometry":{"type":"Polygon","coordinates":[[[137.9578,-18.99],[137.9578,-18.81],[137.802,-18.72],[137.6461,-18.81],[137.6461,-18.99],[137.802,-19.08],[137.9578,-18.99]]]},"properties":{"state":"nt","n":124,"kind":"geochem"}},{"type":"Feature","geometry":{"type":"Polygon","coordinates":[[[148.0903,-40.32],[148.0903,-40.14],[147.9345,-40.05],[147.7786,-40.14],[147.7786,-40.32],[147.9345,-40.41],[148.0903,-40.32]]]},"properties":{"state":"tas","n":124,"kind":"geochem"}},{"type":"Feature","geometry":{"type":"Polygon","coordinates":[[[147.9345,-40.05],[147.9345,-39.87],[147.7786,-39.78],[147.6227,-39.87],[147.6227,-40.05],[147.7786,-40.14],[147.9345,-40.05]]]},"properties":{"state":"tas","n":124,"kind":"geochem"}},{"type":"Feature","geometry":{"type":"Polygon","coordinates":[[[137.0225,-18.99],[137.0225,-18.81],[136.8667,-18.72],[136.7108,-18.81],[136.7108,-18.99],[136.8667,-19.08],[137.0225,-18.99]]]},"properties":{"state":"nt","n":125,"kind":"geochem"}},{"type":"Feature","geometry":{"type":"Polygon","coordinates":[[[134.5284,-18.99],[134.5284,-18.81],[134.3725,-18.72],[134.2166,-18.81],[134.2166,-18.99],[134.3725,-19.08],[134.5284,-18.99]]]},"properties":{"state":"nt","n":125,"kind":"geochem"}},{"type":"Feature","geometry":{"type":"Polygon","coordinates":[[[148.558,-35.73],[148.558,-35.55],[148.4021,-35.46],[148.2462,-35.55],[148.2462,-35.73],[148.4021,-35.82],[148.558,-35.73]]]},"properties":{"state":"nsw","n":126,"kind":"geochem"}},{"type":"Feature","geometry":{"type":"Polygon","coordinates":[[[146.9992,-42.21],[146.9992,-42.03],[146.8433,-41.94],[146.6874,-42.03],[146.6874,-42.21],[146.8433,-42.3],[146.9992,-42.21]]]},"properties":{"state":"tas","n":126,"kind":"geochem"}},{"type":"Feature","geometry":{"type":"Polygon","coordinates":[[[137.6461,-32.49],[137.6461,-32.31],[137.4902,-32.22],[137.3343,-32.31],[137.3343,-32.49],[137.4902,-32.58],[137.6461,-32.49]]]},"properties":{"state":"sa","n":127,"kind":"geochem"}},{"type":"Feature","geometry":{"type":"Polygon","coordinates":[[[136.2431,-33.3],[136.2431,-33.12],[136.0872,-33.03],[135.9313,-33.12],[135.9313,-33.3],[136.0872,-33.39],[136.2431,-33.3]]]},"properties":{"state":"sa","n":127,"kind":"geochem"}},{"type":"Feature","geometry":{"type":"Polygon","coordinates":[[[130.1636,-18.45],[130.1636,-18.27],[130.0077,-18.18],[129.8518,-18.27],[129.8518,-18.45],[130.0077,-18.54],[130.1636,-18.45]]]},"properties":{"state":"nt","n":128,"kind":"geochem"}},{"type":"Feature","geometry":{"type":"Polygon","coordinates":[[[132.9695,-23.31],[132.9695,-23.13],[132.8137,-23.04],[132.6578,-23.13],[132.6578,-23.31],[132.8137,-23.4],[132.9695,-23.31]]]},"properties":{"state":"nt","n":128,"kind":"geochem"}},{"type":"Feature","geometry":{"type":"Polygon","coordinates":[[[135.3078,-30.6],[135.3078,-30.42],[135.1519,-30.33],[134.996,-30.42],[134.996,-30.6],[135.1519,-30.69],[135.3078,-30.6]]]},"properties":{"state":"sa","n":128,"kind":"geochem"}},{"type":"Feature","geometry":{"type":"Polygon","coordinates":[[[146.9992,-43.29],[146.9992,-43.11],[146.8433,-43.02],[146.6874,-43.11],[146.6874,-43.29],[146.8433,-43.38],[146.9992,-43.29]]]},"properties":{"state":"tas","n":128,"kind":"geochem"}},{"type":"Feature","geometry":{"type":"Polygon","coordinates":[[[136.5549,-18.18],[136.5549,-18.0],[136.399,-17.91],[136.2431,-18.0],[136.2431,-18.18],[136.399,-18.27],[136.5549,-18.18]]]},"properties":{"state":"nt","n":129,"kind":"geochem"}},{"type":"Feature","geometry":{"type":"Polygon","coordinates":[[[135.9313,-19.8],[135.9313,-19.62],[135.7755,-19.53],[135.6196,-19.62],[135.6196,-19.8],[135.7755,-19.89],[135.9313,-19.8]]]},"properties":{"state":"nt","n":129,"kind":"geochem"}},{"type":"Feature","geometry":{"type":"Polygon","coordinates":[[[129.696,-25.2],[129.696,-25.02],[129.5401,-24.93],[129.3842,-25.02],[129.3842,-25.2],[129.5401,-25.29],[129.696,-25.2]]]},"properties":{"state":"nt","n":129,"kind":"geochem"}},{"type":"Feature","geometry":{"type":"Polygon","coordinates":[[[135.7755,-23.85],[135.7755,-23.67],[135.6196,-23.58],[135.4637,-23.67],[135.4637,-23.85],[135.6196,-23.94],[135.7755,-23.85]]]},"properties":{"state":"nt","n":129,"kind":"geochem"}},{"type":"Feature","geometry":{"type":"Polygon","coordinates":[[[134.2166,-18.45],[134.2166,-18.27],[134.0607,-18.18],[133.9048,-18.27],[133.9048,-18.45],[134.0607,-18.54],[134.2166,-18.45]]]},"properties":{"state":"nt","n":129,"kind":"geochem"}},{"type":"Feature","geometry":{"type":"Polygon","coordinates":[[[136.399,-15.75],[136.399,-15.57],[136.2431,-15.48],[136.0872,-15.57],[136.0872,-15.75],[136.2431,-15.84],[136.399,-15.75]]]},"properties":{"state":"nt","n":129,"kind":"geochem"}},{"type":"Feature","geometry":{"type":"Polygon","coordinates":[[[148.558,-36.27],[148.558,-36.09],[148.4021,-36.0],[148.2462,-36.09],[148.2462,-36.27],[148.4021,-36.36],[148.558,-36.27]]]},"properties":{"state":"nsw","n":130,"kind":"geochem"}},{"type":"Feature","geometry":{"type":"Polygon","coordinates":[[[135.3078,-22.5],[135.3078,-22.32],[135.1519,-22.23],[134.996,-22.32],[134.996,-22.5],[135.1519,-22.59],[135.3078,-22.5]]]},"properties":{"state":"nt","n":131,"kind":"geochem"}},{"type":"Feature","geometry":{"type":"Polygon","coordinates":[[[138.2696,-30.87],[138.2696,-30.69],[138.1137,-30.6],[137.9578,-30.69],[137.9578,-30.87],[138.1137,-30.96],[138.2696,-30.87]]]},"properties":{"state":"sa","n":131,"kind":"geochem"}},{"type":"Feature","geometry":{"type":"Polygon","coordinates":[[[130.4754,-14.13],[130.4754,-13.95],[130.3195,-13.86],[130.1636,-13.95],[130.1636,-14.13],[130.3195,-14.22],[130.4754,-14.13]]]},"properties":{"state":"nt","n":132,"kind":"geochem"}},{"type":"Feature","geometry":{"type":"Polygon","coordinates":[[[132.0342,-22.23],[132.0342,-22.05],[131.8783,-21.96],[131.7225,-22.05],[131.7225,-22.23],[131.8783,-22.32],[132.0342,-22.23]]]},"properties":{"state":"nt","n":132,"kind":"geochem"}},{"type":"Feature","geometry":{"type":"Polygon","coordinates":[[[137.6461,-22.77],[137.6461,-22.59],[137.4902,-22.5],[137.3343,-22.59],[137.3343,-22.77],[137.4902,-22.86],[137.6461,-22.77]]]},"properties":{"state":"nt","n":132,"kind":"geochem"}},{"type":"Feature","geometry":{"type":"Polygon","coordinates":[[[135.9313,-30.06],[135.9313,-29.88],[135.7755,-29.79],[135.6196,-29.88],[135.6196,-30.06],[135.7755,-30.15],[135.9313,-30.06]]]},"properties":{"state":"sa","n":132,"kind":"geochem"}},{"type":"Feature","geometry":{"type":"Polygon","coordinates":[[[129.0724,-26.28],[129.0724,-26.1],[128.9165,-26.01],[128.7607,-26.1],[128.7607,-26.28],[128.9165,-26.37],[129.0724,-26.28]]]},"properties":{"state":"sa","n":132,"kind":"geochem"}},{"type":"Feature","geometry":{"type":"Polygon","coordinates":[[[137.802,-31.68],[137.802,-31.5],[137.6461,-31.41],[137.4902,-31.5],[137.4902,-31.68],[137.6461,-31.77],[137.802,-31.68]]]},"properties":{"state":"sa","n":133,"kind":"geochem"}},{"type":"Feature","geometry":{"type":"Polygon","coordinates":[[[139.9843,-30.06],[139.9843,-29.88],[139.8285,-29.79],[139.6726,-29.88],[139.6726,-30.06],[139.8285,-30.15],[139.9843,-30.06]]]},"properties":{"state":"sa","n":134,"kind":"geochem"}},{"type":"Feature","geometry":{"type":"Polygon","coordinates":[[[131.5666,-14.4],[131.5666,-14.22],[131.4107,-14.13],[131.2548,-14.22],[131.2548,-14.4],[131.4107,-14.49],[131.5666,-14.4]]]},"properties":{"state":"nt","n":135,"kind":"geochem"}},{"type":"Feature","geometry":{"type":"Polygon","coordinates":[[[131.0989,-20.07],[131.0989,-19.89],[130.943,-19.8],[130.7872,-19.89],[130.7872,-20.07],[130.943,-20.16],[131.0989,-20.07]]]},"properties":{"state":"nt","n":135,"kind":"geochem"}},{"type":"Feature","geometry":{"type":"Polygon","coordinates":[[[142.1667,-37.08],[142.1667,-36.9],[142.0108,-36.81],[141.855,-36.9],[141.855,-37.08],[142.0108,-37.17],[142.1667,-37.08]]]},"properties":{"state":"vic","n":136,"kind":"geochem"}},{"type":"Feature","geometry":{"type":"Polygon","coordinates":[[[131.4107,-23.31],[131.4107,-23.13],[131.2548,-23.04],[131.0989,-23.13],[131.0989,-23.31],[131.2548,-23.4],[131.4107,-23.31]]]},"properties":{"state":"nt","n":136,"kind":"geochem"}},{"type":"Feature","geometry":{"type":"Polygon","coordinates":[[[145.4403,-37.35],[145.4403,-37.17],[145.2844,-37.08],[145.1285,-37.17],[145.1285,-37.35],[145.2844,-37.44],[145.4403,-37.35]]]},"properties":{"state":"vic","n":138,"kind":"geochem"}},{"type":"Feature","geometry":{"type":"Polygon","coordinates":[[[131.7225,-14.13],[131.7225,-13.95],[131.5666,-13.86],[131.4107,-13.95],[131.4107,-14.13],[131.5666,-14.22],[131.7225,-14.13]]]},"properties":{"state":"nt","n":138,"kind":"geochem"}},{"type":"Feature","geometry":{"type":"Polygon","coordinates":[[[134.5284,-32.49],[134.5284,-32.31],[134.3725,-32.22],[134.2166,-32.31],[134.2166,-32.49],[134.3725,-32.58],[134.5284,-32.49]]]},"properties":{"state":"sa","n":138,"kind":"geochem"}},{"type":"Feature","geometry":{"type":"Polygon","coordinates":[[[140.6079,-33.3],[140.6079,-33.12],[140.452,-33.03],[140.2961,-33.12],[140.2961,-33.3],[140.452,-33.39],[140.6079,-33.3]]]},"properties":{"state":"sa","n":138,"kind":"geochem"}},{"type":"Feature","geometry":{"type":"Polygon","coordinates":[[[133.2813,-23.85],[133.2813,-23.67],[133.1254,-23.58],[132.9695,-23.67],[132.9695,-23.85],[133.1254,-23.94],[133.2813,-23.85]]]},"properties":{"state":"nt","n":139,"kind":"geochem"}},{"type":"Feature","geometry":{"type":"Polygon","coordinates":[[[134.6843,-14.94],[134.6843,-14.76],[134.5284,-14.67],[134.3725,-14.76],[134.3725,-14.94],[134.5284,-15.03],[134.6843,-14.94]]]},"properties":{"state":"nt","n":139,"kind":"geochem"}},{"type":"Feature","geometry":{"type":"Polygon","coordinates":[[[145.5962,-30.6],[145.5962,-30.42],[145.4403,-30.33],[145.2844,-30.42],[145.2844,-30.6],[145.4403,-30.69],[145.5962,-30.6]]]},"properties":{"state":"nsw","n":140,"kind":"geochem"}},{"type":"Feature","geometry":{"type":"Polygon","coordinates":[[[132.8137,-16.02],[132.8137,-15.84],[132.6578,-15.75],[132.5019,-15.84],[132.5019,-16.02],[132.6578,-16.11],[132.8137,-16.02]]]},"properties":{"state":"nt","n":140,"kind":"geochem"}},{"type":"Feature","geometry":{"type":"Polygon","coordinates":[[[137.802,-32.76],[137.802,-32.58],[137.6461,-32.49],[137.4902,-32.58],[137.4902,-32.76],[137.6461,-32.85],[137.802,-32.76]]]},"properties":{"state":"sa","n":140,"kind":"geochem"}},{"type":"Feature","geometry":{"type":"Polygon","coordinates":[[[138.7373,-31.14],[138.7373,-30.96],[138.5814,-30.87],[138.4255,-30.96],[138.4255,-31.14],[138.5814,-31.23],[138.7373,-31.14]]]},"properties":{"state":"sa","n":141,"kind":"geochem"}},{"type":"Feature","geometry":{"type":"Polygon","coordinates":[[[139.049,-31.14],[139.049,-30.96],[138.8932,-30.87],[138.7373,-30.96],[138.7373,-31.14],[138.8932,-31.23],[139.049,-31.14]]]},"properties":{"state":"sa","n":142,"kind":"geochem"}},{"type":"Feature","geometry":{"type":"Polygon","coordinates":[[[148.558,-42.21],[148.558,-42.03],[148.4021,-41.94],[148.2462,-42.03],[148.2462,-42.21],[148.4021,-42.3],[148.558,-42.21]]]},"properties":{"state":"tas","n":142,"kind":"geochem"}},{"type":"Feature","geometry":{"type":"Polygon","coordinates":[[[146.6874,-35.19],[146.6874,-35.01],[146.5315,-34.92],[146.3756,-35.01],[146.3756,-35.19],[146.5315,-35.28],[146.6874,-35.19]]]},"properties":{"state":"nsw","n":143,"kind":"geochem"}},{"type":"Feature","geometry":{"type":"Polygon","coordinates":[[[138.1137,-18.18],[138.1137,-18.0],[137.9578,-17.91],[137.802,-18.0],[137.802,-18.18],[137.9578,-18.27],[138.1137,-18.18]]]},"properties":{"state":"nt","n":144,"kind":"geochem"}},{"type":"Feature","geometry":{"type":"Polygon","coordinates":[[[139.8285,-32.49],[139.8285,-32.31],[139.6726,-32.22],[139.5167,-32.31],[139.5167,-32.49],[139.6726,-32.58],[139.8285,-32.49]]]},"properties":{"state":"sa","n":144,"kind":"geochem"}},{"type":"Feature","geometry":{"type":"Polygon","coordinates":[[[150.1168,-32.49],[150.1168,-32.31],[149.961,-32.22],[149.8051,-32.31],[149.8051,-32.49],[149.961,-32.58],[150.1168,-32.49]]]},"properties":{"state":"nsw","n":145,"kind":"geochem"}},{"type":"Feature","geometry":{"type":"Polygon","coordinates":[[[150.1168,-36.81],[150.1168,-36.63],[149.961,-36.54],[149.8051,-36.63],[149.8051,-36.81],[149.961,-36.9],[150.1168,-36.81]]]},"properties":{"state":"nsw","n":145,"kind":"geochem"}},{"type":"Feature","geometry":{"type":"Polygon","coordinates":[[[142.0108,-37.35],[142.0108,-37.17],[141.855,-37.08],[141.6991,-37.17],[141.6991,-37.35],[141.855,-37.44],[142.0108,-37.35]]]},"properties":{"state":"vic","n":145,"kind":"geochem"}},{"type":"Feature","geometry":{"type":"Polygon","coordinates":[[[130.3195,-21.96],[130.3195,-21.78],[130.1636,-21.69],[130.0077,-21.78],[130.0077,-21.96],[130.1636,-22.05],[130.3195,-21.96]]]},"properties":{"state":"nt","n":145,"kind":"geochem"}},{"type":"Feature","geometry":{"type":"Polygon","coordinates":[[[135.3078,-23.04],[135.3078,-22.86],[135.1519,-22.77],[134.996,-22.86],[134.996,-23.04],[135.1519,-23.13],[135.3078,-23.04]]]},"properties":{"state":"nt","n":145,"kind":"geochem"}},{"type":"Feature","geometry":{"type":"Polygon","coordinates":[[[132.5019,-24.66],[132.5019,-24.48],[132.346,-24.39],[132.1901,-24.48],[132.1901,-24.66],[132.346,-24.75],[132.5019,-24.66]]]},"properties":{"state":"nt","n":145,"kind":"geochem"}},{"type":"Feature","geometry":{"type":"Polygon","coordinates":[[[130.1636,-21.15],[130.1636,-20.97],[130.0077,-20.88],[129.8518,-20.97],[129.8518,-21.15],[130.0077,-21.24],[130.1636,-21.15]]]},"properties":{"state":"nt","n":146,"kind":"geochem"}},{"type":"Feature","geometry":{"type":"Polygon","coordinates":[[[131.7225,-16.83],[131.7225,-16.65],[131.5666,-16.56],[131.4107,-16.65],[131.4107,-16.83],[131.5666,-16.92],[131.7225,-16.83]]]},"properties":{"state":"nt","n":146,"kind":"geochem"}},{"type":"Feature","geometry":{"type":"Polygon","coordinates":[[[133.5931,-13.05],[133.5931,-12.87],[133.4372,-12.78],[133.2813,-12.87],[133.2813,-13.05],[133.4372,-13.14],[133.5931,-13.05]]]},"properties":{"state":"nt","n":146,"kind":"geochem"}},{"type":"Feature","geometry":{"type":"Polygon","coordinates":[[[152.1433,-32.76],[152.1433,-32.58],[151.9875,-32.49],[151.8316,-32.58],[151.8316,-32.76],[151.9875,-32.85],[152.1433,-32.76]]]},"properties":{"state":"nsw","n":147,"kind":"geochem"}},{"type":"Feature","geometry":{"type":"Polygon","coordinates":[[[130.943,-21.96],[130.943,-21.78],[130.7872,-21.69],[130.6313,-21.78],[130.6313,-21.96],[130.7872,-22.05],[130.943,-21.96]]]},"properties":{"state":"nt","n":147,"kind":"geochem"}},{"type":"Feature","geometry":{"type":"Polygon","coordinates":[[[134.996,-32.76],[134.996,-32.58],[134.8402,-32.49],[134.6843,-32.58],[134.6843,-32.76],[134.8402,-32.85],[134.996,-32.76]]]},"properties":{"state":"sa","n":147,"kind":"geochem"}},{"type":"Feature","geometry":{"type":"Polygon","coordinates":[[[147.9345,-42.21],[147.9345,-42.03],[147.7786,-41.94],[147.6227,-42.03],[147.6227,-42.21],[147.7786,-42.3],[147.9345,-42.21]]]},"properties":{"state":"tas","n":147,"kind":"geochem"}},{"type":"Feature","geometry":{"type":"Polygon","coordinates":[[[137.1784,-17.64],[137.1784,-17.46],[137.0225,-17.37],[136.8667,-17.46],[136.8667,-17.64],[137.0225,-17.73],[137.1784,-17.64]]]},"properties":{"state":"nt","n":148,"kind":"geochem"}},{"type":"Feature","geometry":{"type":"Polygon","coordinates":[[[151.8316,-30.06],[151.8316,-29.88],[151.6757,-29.79],[151.5198,-29.88],[151.5198,-30.06],[151.6757,-30.15],[151.8316,-30.06]]]},"properties":{"state":"nsw","n":149,"kind":"geochem"}},{"type":"Feature","geometry":{"type":"Polygon","coordinates":[[[131.7225,-23.31],[131.7225,-23.13],[131.5666,-23.04],[131.4107,-23.13],[131.4107,-23.31],[131.5666,-23.4],[131.7225,-23.31]]]},"properties":{"state":"nt","n":149,"kind":"geochem"}},{"type":"Feature","geometry":{"type":"Polygon","coordinates":[[[139.9843,-35.46],[139.9843,-35.28],[139.8285,-35.19],[139.6726,-35.28],[139.6726,-35.46],[139.8285,-35.55],[139.9843,-35.46]]]},"properties":{"state":"sa","n":149,"kind":"geochem"}},{"type":"Feature","geometry":{"type":"Polygon","coordinates":[[[133.749,-15.48],[133.749,-15.3],[133.5931,-15.21],[133.4372,-15.3],[133.4372,-15.48],[133.5931,-15.57],[133.749,-15.48]]]},"properties":{"state":"nt","n":150,"kind":"geochem"}},{"type":"Feature","geometry":{"type":"Polygon","coordinates":[[[137.3343,-31.95],[137.3343,-31.77],[137.1784,-31.68],[137.0225,-31.77],[137.0225,-31.95],[137.1784,-32.04],[137.3343,-31.95]]]},"properties":{"state":"sa","n":150,"kind":"geochem"}},{"type":"Feature","geometry":{"type":"Polygon","coordinates":[[[129.696,-19.8],[129.696,-19.62],[129.5401,-19.53],[129.3842,-19.62],[129.3842,-19.8],[129.5401,-19.89],[129.696,-19.8]]]},"properties":{"state":"nt","n":151,"kind":"geochem"}},{"type":"Feature","geometry":{"type":"Polygon","coordinates":[[[138.7373,-35.46],[138.7373,-35.28],[138.5814,-35.19],[138.4255,-35.28],[138.4255,-35.46],[138.5814,-35.55],[138.7373,-35.46]]]},"properties":{"state":"sa","n":151,"kind":"geochem"}},{"type":"Feature","geometry":{"type":"Polygon","coordinates":[[[150.8963,-29.52],[150.8963,-29.34],[150.7404,-29.25],[150.5845,-29.34],[150.5845,-29.52],[150.7404,-29.61],[150.8963,-29.52]]]},"properties":{"state":"nsw","n":154,"kind":"geochem"}},{"type":"Feature","geometry":{"type":"Polygon","coordinates":[[[142.3226,-30.33],[142.3226,-30.15],[142.1667,-30.06],[142.0108,-30.15],[142.0108,-30.33],[142.1667,-30.42],[142.3226,-30.33]]]},"properties":{"state":"nsw","n":155,"kind":"geochem"}},{"type":"Feature","geometry":{"type":"Polygon","coordinates":[[[134.3725,-20.34],[134.3725,-20.16],[134.2166,-20.07],[134.0607,-20.16],[134.0607,-20.34],[134.2166,-20.43],[134.3725,-20.34]]]},"properties":{"state":"nt","n":155,"kind":"geochem"}},{"type":"Feature","geometry":{"type":"Polygon","coordinates":[[[134.3725,-24.66],[134.3725,-24.48],[134.2166,-24.39],[134.0607,-24.48],[134.0607,-24.66],[134.2166,-24.75],[134.3725,-24.66]]]},"properties":{"state":"nt","n":155,"kind":"geochem"}},{"type":"Feature","geometry":{"type":"Polygon","coordinates":[[[136.0872,-28.17],[136.0872,-27.99],[135.9313,-27.9],[135.7755,-27.99],[135.7755,-28.17],[135.9313,-28.26],[136.0872,-28.17]]]},"properties":{"state":"sa","n":155,"kind":"geochem"}},{"type":"Feature","geometry":{"type":"Polygon","coordinates":[[[136.5549,-21.96],[136.5549,-21.78],[136.399,-21.69],[136.2431,-21.78],[136.2431,-21.96],[136.399,-22.05],[136.5549,-21.96]]]},"properties":{"state":"nt","n":156,"kind":"geochem"}},{"type":"Feature","geometry":{"type":"Polygon","coordinates":[[[133.9048,-20.07],[133.9048,-19.89],[133.749,-19.8],[133.5931,-19.89],[133.5931,-20.07],[133.749,-20.16],[133.9048,-20.07]]]},"properties":{"state":"nt","n":156,"kind":"geochem"}},{"type":"Feature","geometry":{"type":"Polygon","coordinates":[[[132.9695,-21.69],[132.9695,-21.51],[132.8137,-21.42],[132.6578,-21.51],[132.6578,-21.69],[132.8137,-21.78],[132.9695,-21.69]]]},"properties":{"state":"nt","n":157,"kind":"geochem"}},{"type":"Feature","geometry":{"type":"Polygon","coordinates":[[[149.0257,-35.46],[149.0257,-35.28],[148.8698,-35.19],[148.7139,-35.28],[148.7139,-35.46],[148.8698,-35.55],[149.0257,-35.46]]]},"properties":{"state":"nsw","n":158,"kind":"geochem"}},{"type":"Feature","geometry":{"type":"Polygon","coordinates":[[[132.9695,-23.85],[132.9695,-23.67],[132.8137,-23.58],[132.6578,-23.67],[132.6578,-23.85],[132.8137,-23.94],[132.9695,-23.85]]]},"properties":{"state":"nt","n":158,"kind":"geochem"}},{"type":"Feature","geometry":{"type":"Polygon","coordinates":[[[135.7755,-23.31],[135.7755,-23.13],[135.6196,-23.04],[135.4637,-23.13],[135.4637,-23.31],[135.6196,-23.4],[135.7755,-23.31]]]},"properties":{"state":"nt","n":159,"kind":"geochem"}},{"type":"Feature","geometry":{"type":"Polygon","coordinates":[[[137.802,-19.26],[137.802,-19.08],[137.6461,-18.99],[137.4902,-19.08],[137.4902,-19.26],[137.6461,-19.35],[137.802,-19.26]]]},"properties":{"state":"nt","n":159,"kind":"geochem"}},{"type":"Feature","geometry":{"type":"Polygon","coordinates":[[[130.7872,-17.37],[130.7872,-17.19],[130.6313,-17.1],[130.4754,-17.19],[130.4754,-17.37],[130.6313,-17.46],[130.7872,-17.37]]]},"properties":{"state":"nt","n":160,"kind":"geochem"}},{"type":"Feature","geometry":{"type":"Polygon","coordinates":[[[140.452,-28.17],[140.452,-27.99],[140.2961,-27.9],[140.1402,-27.99],[140.1402,-28.17],[140.2961,-28.26],[140.452,-28.17]]]},"properties":{"state":"sa","n":160,"kind":"geochem"}},{"type":"Feature","geometry":{"type":"Polygon","coordinates":[[[136.2431,-23.04],[136.2431,-22.86],[136.0872,-22.77],[135.9313,-22.86],[135.9313,-23.04],[136.0872,-23.13],[136.2431,-23.04]]]},"properties":{"state":"nt","n":161,"kind":"geochem"}},{"type":"Feature","geometry":{"type":"Polygon","coordinates":[[[137.0225,-18.45],[137.0225,-18.27],[136.8667,-18.18],[136.7108,-18.27],[136.7108,-18.45],[136.8667,-18.54],[137.0225,-18.45]]]},"properties":{"state":"nt","n":162,"kind":"geochem"}},{"type":"Feature","geometry":{"type":"Polygon","coordinates":[[[133.1254,-31.68],[133.1254,-31.5],[132.9695,-31.41],[132.8137,-31.5],[132.8137,-31.68],[132.9695,-31.77],[133.1254,-31.68]]]},"properties":{"state":"sa","n":162,"kind":"geochem"}},{"type":"Feature","geometry":{"type":"Polygon","coordinates":[[[139.2049,-34.11],[139.2049,-33.93],[139.049,-33.84],[138.8932,-33.93],[138.8932,-34.11],[139.049,-34.2],[139.2049,-34.11]]]},"properties":{"state":"sa","n":162,"kind":"geochem"}},{"type":"Feature","geometry":{"type":"Polygon","coordinates":[[[147.155,-43.02],[147.155,-42.84],[146.9992,-42.75],[146.8433,-42.84],[146.8433,-43.02],[146.9992,-43.11],[147.155,-43.02]]]},"properties":{"state":"tas","n":162,"kind":"geochem"}},{"type":"Feature","geometry":{"type":"Polygon","coordinates":[[[146.8433,-41.94],[146.8433,-41.76],[146.6874,-41.67],[146.5315,-41.76],[146.5315,-41.94],[146.6874,-42.03],[146.8433,-41.94]]]},"properties":{"state":"tas","n":162,"kind":"geochem"}},{"type":"Feature","geometry":{"type":"Polygon","coordinates":[[[150.5845,-30.06],[150.5845,-29.88],[150.4286,-29.79],[150.2727,-29.88],[150.2727,-30.06],[150.4286,-30.15],[150.5845,-30.06]]]},"properties":{"state":"nsw","n":163,"kind":"geochem"}},{"type":"Feature","geometry":{"type":"Polygon","coordinates":[[[142.1667,-37.62],[142.1667,-37.44],[142.0108,-37.35],[141.855,-37.44],[141.855,-37.62],[142.0108,-37.71],[142.1667,-37.62]]]},"properties":{"state":"vic","n":163,"kind":"geochem"}},{"type":"Feature","geometry":{"type":"Polygon","coordinates":[[[136.8667,-19.26],[136.8667,-19.08],[136.7108,-18.99],[136.5549,-19.08],[136.5549,-19.26],[136.7108,-19.35],[136.8667,-19.26]]]},"properties":{"state":"nt","n":163,"kind":"geochem"}},{"type":"Feature","geometry":{"type":"Polygon","coordinates":[[[143.4138,-37.62],[143.4138,-37.44],[143.2579,-37.35],[143.102,-37.44],[143.102,-37.62],[143.2579,-37.71],[143.4138,-37.62]]]},"properties":{"state":"vic","n":165,"kind":"geochem"}},{"type":"Feature","geometry":{"type":"Polygon","coordinates":[[[136.7108,-22.77],[136.7108,-22.59],[136.5549,-22.5],[136.399,-22.59],[136.399,-22.77],[136.5549,-22.86],[136.7108,-22.77]]]},"properties":{"state":"nt","n":166,"kind":"geochem"}},{"type":"Feature","geometry":{"type":"Polygon","coordinates":[[[151.9875,-28.71],[151.9875,-28.53],[151.8316,-28.44],[151.6757,-28.53],[151.6757,-28.71],[151.8316,-28.8],[151.9875,-28.71]]]},"properties":{"state":"nsw","n":168,"kind":"geochem"}},{"type":"Feature","geometry":{"type":"Polygon","coordinates":[[[130.6313,-21.96],[130.6313,-21.78],[130.4754,-21.69],[130.3195,-21.78],[130.3195,-21.96],[130.4754,-22.05],[130.6313,-21.96]]]},"properties":{"state":"nt","n":169,"kind":"geochem"}},{"type":"Feature","geometry":{"type":"Polygon","coordinates":[[[137.3343,-16.83],[137.3343,-16.65],[137.1784,-16.56],[137.0225,-16.65],[137.0225,-16.83],[137.1784,-16.92],[137.3343,-16.83]]]},"properties":{"state":"nt","n":169,"kind":"geochem"}},{"type":"Feature","geometry":{"type":"Polygon","coordinates":[[[138.2696,-35.73],[138.2696,-35.55],[138.1137,-35.46],[137.9578,-35.55],[137.9578,-35.73],[138.1137,-35.82],[138.2696,-35.73]]]},"properties":{"state":"sa","n":170,"kind":"geochem"}},{"type":"Feature","geometry":{"type":"Polygon","coordinates":[[[130.1636,-15.21],[130.1636,-15.03],[130.0077,-14.94],[129.8518,-15.03],[129.8518,-15.21],[130.0077,-15.3],[130.1636,-15.21]]]},"properties":{"state":"nt","n":171,"kind":"geochem"}},{"type":"Feature","geometry":{"type":"Polygon","coordinates":[[[140.2961,-31.68],[140.2961,-31.5],[140.1402,-31.41],[139.9843,-31.5],[139.9843,-31.68],[140.1402,-31.77],[140.2961,-31.68]]]},"properties":{"state":"sa","n":171,"kind":"geochem"}},{"type":"Feature","geometry":{"type":"Polygon","coordinates":[[[130.7872,-21.69],[130.7872,-21.51],[130.6313,-21.42],[130.4754,-21.51],[130.4754,-21.69],[130.6313,-21.78],[130.7872,-21.69]]]},"properties":{"state":"nt","n":172,"kind":"geochem"}},{"type":"Feature","geometry":{"type":"Polygon","coordinates":[[[134.6843,-29.52],[134.6843,-29.34],[134.5284,-29.25],[134.3725,-29.34],[134.3725,-29.52],[134.5284,-29.61],[134.6843,-29.52]]]},"properties":{"state":"sa","n":172,"kind":"geochem"}},{"type":"Feature","geometry":{"type":"Polygon","coordinates":[[[135.9313,-22.5],[135.9313,-22.32],[135.7755,-22.23],[135.6196,-22.32],[135.6196,-22.5],[135.7755,-22.59],[135.9313,-22.5]]]},"properties":{"state":"nt","n":174,"kind":"geochem"}},{"type":"Feature","geometry":{"type":"Polygon","coordinates":[[[141.3873,-37.35],[141.3873,-37.17],[141.2314,-37.08],[141.0755,-37.17],[141.0755,-37.35],[141.2314,-37.44],[141.3873,-37.35]]]},"properties":{"state":"vic","n":175,"kind":"geochem"}},{"type":"Feature","geometry":{"type":"Polygon","coordinates":[[[130.4754,-19.53],[130.4754,-19.35],[130.3195,-19.26],[130.1636,-19.35],[130.1636,-19.53],[130.3195,-19.62],[130.4754,-19.53]]]},"properties":{"state":"nt","n":175,"kind":"geochem"}},{"type":"Feature","geometry":{"type":"Polygon","coordinates":[[[134.5284,-23.85],[134.5284,-23.67],[134.3725,-23.58],[134.2166,-23.67],[134.2166,-23.85],[134.3725,-23.94],[134.5284,-23.85]]]},"properties":{"state":"nt","n":175,"kind":"geochem"}},{"type":"Feature","geometry":{"type":"Polygon","coordinates":[[[145.2844,-31.14],[145.2844,-30.96],[145.1285,-30.87],[144.9727,-30.96],[144.9727,-31.14],[145.1285,-31.23],[145.2844,-31.14]]]},"properties":{"state":"nsw","n":176,"kind":"geochem"}},{"type":"Feature","geometry":{"type":"Polygon","coordinates":[[[146.6874,-35.73],[146.6874,-35.55],[146.5315,-35.46],[146.3756,-35.55],[146.3756,-35.73],[146.5315,-35.82],[146.6874,-35.73]]]},"properties":{"state":"nsw","n":177,"kind":"geochem"}},{"type":"Feature","geometry":{"type":"Polygon","coordinates":[[[136.8667,-22.5],[136.8667,-22.32],[136.7108,-22.23],[136.5549,-22.32],[136.5549,-22.5],[136.7108,-22.59],[136.8667,-22.5]]]},"properties":{"state":"nt","n":177,"kind":"geochem"}},{"type":"Feature","geometry":{"type":"Polygon","coordinates":[[[133.9048,-12.51],[133.9048,-12.33],[133.749,-12.24],[133.5931,-12.33],[133.5931,-12.51],[133.749,-12.6],[133.9048,-12.51]]]},"properties":{"state":"nt","n":177,"kind":"geochem"}},{"type":"Feature","geometry":{"type":"Polygon","coordinates":[[[132.9695,-14.67],[132.9695,-14.49],[132.8137,-14.4],[132.6578,-14.49],[132.6578,-14.67],[132.8137,-14.76],[132.9695,-14.67]]]},"properties":{"state":"nt","n":178,"kind":"geochem"}},{"type":"Feature","geometry":{"type":"Polygon","coordinates":[[[146.3756,-43.29],[146.3756,-43.11],[146.2197,-43.02],[146.0638,-43.11],[146.0638,-43.29],[146.2197,-43.38],[146.3756,-43.29]]]},"properties":{"state":"tas","n":178,"kind":"geochem"}},{"type":"Feature","geometry":{"type":"Polygon","coordinates":[[[134.6843,-23.04],[134.6843,-22.86],[134.5284,-22.77],[134.3725,-22.86],[134.3725,-23.04],[134.5284,-23.13],[134.6843,-23.04]]]},"properties":{"state":"nt","n":179,"kind":"geochem"}},{"type":"Feature","geometry":{"type":"Polygon","coordinates":[[[129.8518,-27.09],[129.8518,-26.91],[129.696,-26.82],[129.5401,-26.91],[129.5401,-27.09],[129.696,-27.18],[129.8518,-27.09]]]},"properties":{"state":"sa","n":179,"kind":"geochem"}},{"type":"Feature","geometry":{"type":"Polygon","coordinates":[[[139.6726,-35.46],[139.6726,-35.28],[139.5167,-35.19],[139.3608,-35.28],[139.3608,-35.46],[139.5167,-35.55],[139.6726,-35.46]]]},"properties":{"state":"sa","n":179,"kind":"geochem"}},{"type":"Feature","geometry":{"type":"Polygon","coordinates":[[[132.8137,-29.52],[132.8137,-29.34],[132.6578,-29.25],[132.5019,-29.34],[132.5019,-29.52],[132.6578,-29.61],[132.8137,-29.52]]]},"properties":{"state":"sa","n":180,"kind":"geochem"}},{"type":"Feature","geometry":{"type":"Polygon","coordinates":[[[150.5845,-35.46],[150.5845,-35.28],[150.4286,-35.19],[150.2727,-35.28],[150.2727,-35.46],[150.4286,-35.55],[150.5845,-35.46]]]},"properties":{"state":"nsw","n":181,"kind":"geochem"}},{"type":"Feature","geometry":{"type":"Polygon","coordinates":[[[133.749,-23.04],[133.749,-22.86],[133.5931,-22.77],[133.4372,-22.86],[133.4372,-23.04],[133.5931,-23.13],[133.749,-23.04]]]},"properties":{"state":"nt","n":181,"kind":"geochem"}},{"type":"Feature","geometry":{"type":"Polygon","coordinates":[[[139.8285,-34.11],[139.8285,-33.93],[139.6726,-33.84],[139.5167,-33.93],[139.5167,-34.11],[139.6726,-34.2],[139.8285,-34.11]]]},"properties":{"state":"sa","n":181,"kind":"geochem"}},{"type":"Feature","geometry":{"type":"Polygon","coordinates":[[[130.4754,-20.07],[130.4754,-19.89],[130.3195,-19.8],[130.1636,-19.89],[130.1636,-20.07],[130.3195,-20.16],[130.4754,-20.07]]]},"properties":{"state":"nt","n":182,"kind":"geochem"}},{"type":"Feature","geometry":{"type":"Polygon","coordinates":[[[134.996,-23.04],[134.996,-22.86],[134.8402,-22.77],[134.6843,-22.86],[134.6843,-23.04],[134.8402,-23.13],[134.996,-23.04]]]},"properties":{"state":"nt","n":182,"kind":"geochem"}},{"type":"Feature","geometry":{"type":"Polygon","coordinates":[[[129.696,-18.72],[129.696,-18.54],[129.5401,-18.45],[129.3842,-18.54],[129.3842,-18.72],[129.5401,-18.81],[129.696,-18.72]]]},"properties":{"state":"nt","n":182,"kind":"geochem"}},{"type":"Feature","geometry":{"type":"Polygon","coordinates":[[[130.943,-20.34],[130.943,-20.16],[130.7872,-20.07],[130.6313,-20.16],[130.6313,-20.34],[130.7872,-20.43],[130.943,-20.34]]]},"properties":{"state":"nt","n":182,"kind":"geochem"}},{"type":"Feature","geometry":{"type":"Polygon","coordinates":[[[134.2166,-29.25],[134.2166,-29.07],[134.0607,-28.98],[133.9048,-29.07],[133.9048,-29.25],[134.0607,-29.34],[134.2166,-29.25]]]},"properties":{"state":"sa","n":182,"kind":"geochem"}},{"type":"Feature","geometry":{"type":"Polygon","coordinates":[[[130.4754,-15.21],[130.4754,-15.03],[130.3195,-14.94],[130.1636,-15.03],[130.1636,-15.21],[130.3195,-15.3],[130.4754,-15.21]]]},"properties":{"state":"nt","n":184,"kind":"geochem"}},{"type":"Feature","geometry":{"type":"Polygon","coordinates":[[[150.4286,-33.57],[150.4286,-33.39],[150.2727,-33.3],[150.1168,-33.39],[150.1168,-33.57],[150.2727,-33.66],[150.4286,-33.57]]]},"properties":{"state":"nsw","n":185,"kind":"geochem"}},{"type":"Feature","geometry":{"type":"Polygon","coordinates":[[[129.5401,-20.61],[129.5401,-20.43],[129.3842,-20.34],[129.2283,-20.43],[129.2283,-20.61],[129.3842,-20.7],[129.5401,-20.61]]]},"properties":{"state":"nt","n":185,"kind":"geochem"}},{"type":"Feature","geometry":{"type":"Polygon","coordinates":[[[134.0607,-23.04],[134.0607,-22.86],[133.9048,-22.77],[133.749,-22.86],[133.749,-23.04],[133.9048,-23.13],[134.0607,-23.04]]]},"properties":{"state":"nt","n":188,"kind":"geochem"}},{"type":"Feature","geometry":{"type":"Polygon","coordinates":[[[132.0342,-23.31],[132.0342,-23.13],[131.8783,-23.04],[131.7225,-23.13],[131.7225,-23.31],[131.8783,-23.4],[132.0342,-23.31]]]},"properties":{"state":"nt","n":188,"kind":"geochem"}},{"type":"Feature","geometry":{"type":"Polygon","coordinates":[[[133.5931,-23.85],[133.5931,-23.67],[133.4372,-23.58],[133.2813,-23.67],[133.2813,-23.85],[133.4372,-23.94],[133.5931,-23.85]]]},"properties":{"state":"nt","n":188,"kind":"geochem"}},{"type":"Feature","geometry":{"type":"Polygon","coordinates":[[[133.9048,-24.39],[133.9048,-24.21],[133.749,-24.12],[133.5931,-24.21],[133.5931,-24.39],[133.749,-24.48],[133.9048,-24.39]]]},"properties":{"state":"nt","n":189,"kind":"geochem"}},{"type":"Feature","geometry":{"type":"Polygon","coordinates":[[[132.346,-30.87],[132.346,-30.69],[132.1901,-30.6],[132.0342,-30.69],[132.0342,-30.87],[132.1901,-30.96],[132.346,-30.87]]]},"properties":{"state":"sa","n":189,"kind":"geochem"}},{"type":"Feature","geometry":{"type":"Polygon","coordinates":[[[132.1901,-31.14],[132.1901,-30.96],[132.0342,-30.87],[131.8783,-30.96],[131.8783,-31.14],[132.0342,-31.23],[132.1901,-31.14]]]},"properties":{"state":"sa","n":189,"kind":"geochem"}},{"type":"Feature","geometry":{"type":"Polygon","coordinates":[[[135.4637,-15.75],[135.4637,-15.57],[135.3078,-15.48],[135.1519,-15.57],[135.1519,-15.75],[135.3078,-15.84],[135.4637,-15.75]]]},"properties":{"state":"nt","n":191,"kind":"geochem"}},{"type":"Feature","geometry":{"type":"Polygon","coordinates":[[[139.9843,-33.3],[139.9843,-33.12],[139.8285,-33.03],[139.6726,-33.12],[139.6726,-33.3],[139.8285,-33.39],[139.9843,-33.3]]]},"properties":{"state":"sa","n":193,"kind":"geochem"}},{"type":"Feature","geometry":{"type":"Polygon","coordinates":[[[134.0607,-28.98],[134.0607,-28.8],[133.9048,-28.71],[133.749,-28.8],[133.749,-28.98],[133.9048,-29.07],[134.0607,-28.98]]]},"properties":{"state":"sa","n":193,"kind":"geochem"}},{"type":"Feature","geometry":{"type":"Polygon","coordinates":[[[146.2197,-42.48],[146.2197,-42.3],[146.0638,-42.21],[145.908,-42.3],[145.908,-42.48],[146.0638,-42.57],[146.2197,-42.48]]]},"properties":{"state":"tas","n":194,"kind":"geochem"}},{"type":"Feature","geometry":{"type":"Polygon","coordinates":[[[132.346,-13.05],[132.346,-12.87],[132.1901,-12.78],[132.0342,-12.87],[132.0342,-13.05],[132.1901,-13.14],[132.346,-13.05]]]},"properties":{"state":"nt","n":195,"kind":"geochem"}},{"type":"Feature","geometry":{"type":"Polygon","coordinates":[[[129.5401,-24.93],[129.5401,-24.75],[129.3842,-24.66],[129.2283,-24.75],[129.2283,-24.93],[129.3842,-25.02],[129.5401,-24.93]]]},"properties":{"state":"nt","n":196,"kind":"geochem"}},{"type":"Feature","geometry":{"type":"Polygon","coordinates":[[[139.6726,-32.22],[139.6726,-32.04],[139.5167,-31.95],[139.3608,-32.04],[139.3608,-32.22],[139.5167,-32.31],[139.6726,-32.22]]]},"properties":{"state":"sa","n":196,"kind":"geochem"}},{"type":"Feature","geometry":{"type":"Polygon","coordinates":[[[131.7225,-24.39],[131.7225,-24.21],[131.5666,-24.12],[131.4107,-24.21],[131.4107,-24.39],[131.5666,-24.48],[131.7225,-24.39]]]},"properties":{"state":"nt","n":197,"kind":"geochem"}},{"type":"Feature","geometry":{"type":"Polygon","coordinates":[[[133.5931,-31.95],[133.5931,-31.77],[133.4372,-31.68],[133.2813,-31.77],[133.2813,-31.95],[133.4372,-32.04],[133.5931,-31.95]]]},"properties":{"state":"sa","n":197,"kind":"geochem"}},{"type":"Feature","geometry":{"type":"Polygon","coordinates":[[[135.9313,-29.52],[135.9313,-29.34],[135.7755,-29.25],[135.6196,-29.34],[135.6196,-29.52],[135.7755,-29.61],[135.9313,-29.52]]]},"properties":{"state":"sa","n":198,"kind":"geochem"}},{"type":"Feature","geometry":{"type":"Polygon","coordinates":[[[146.8433,-42.48],[146.8433,-42.3],[146.6874,-42.21],[146.5315,-42.3],[146.5315,-42.48],[146.6874,-42.57],[146.8433,-42.48]]]},"properties":{"state":"tas","n":198,"kind":"geochem"}},{"type":"Feature","geometry":{"type":"Polygon","coordinates":[[[149.961,-37.62],[149.961,-37.44],[149.8051,-37.35],[149.6492,-37.44],[149.6492,-37.62],[149.8051,-37.71],[149.961,-37.62]]]},"properties":{"state":"nsw","n":199,"kind":"geochem"}},{"type":"Feature","geometry":{"type":"Polygon","coordinates":[[[129.5401,-22.23],[129.5401,-22.05],[129.3842,-21.96],[129.2283,-22.05],[129.2283,-22.23],[129.3842,-22.32],[129.5401,-22.23]]]},"properties":{"state":"nt","n":199,"kind":"geochem"}},{"type":"Feature","geometry":{"type":"Polygon","coordinates":[[[130.7872,-18.99],[130.7872,-18.81],[130.6313,-18.72],[130.4754,-18.81],[130.4754,-18.99],[130.6313,-19.08],[130.7872,-18.99]]]},"properties":{"state":"nt","n":199,"kind":"geochem"}},{"type":"Feature","geometry":{"type":"Polygon","coordinates":[[[140.6079,-31.14],[140.6079,-30.96],[140.452,-30.87],[140.2961,-30.96],[140.2961,-31.14],[140.452,-31.23],[140.6079,-31.14]]]},"properties":{"state":"sa","n":199,"kind":"geochem"}},{"type":"Feature","geometry":{"type":"Polygon","coordinates":[[[130.6313,-26.28],[130.6313,-26.1],[130.4754,-26.01],[130.3195,-26.1],[130.3195,-26.28],[130.4754,-26.37],[130.6313,-26.28]]]},"properties":{"state":"sa","n":199,"kind":"geochem"}},{"type":"Feature","geometry":{"type":"Polygon","coordinates":[[[145.7521,-43.29],[145.7521,-43.11],[145.5962,-43.02],[145.4403,-43.11],[145.4403,-43.29],[145.5962,-43.38],[145.7521,-43.29]]]},"properties":{"state":"tas","n":200,"kind":"geochem"}},{"type":"Feature","geometry":{"type":"Polygon","coordinates":[[[148.7139,-36.0],[148.7139,-35.82],[148.558,-35.73],[148.4021,-35.82],[148.4021,-36.0],[148.558,-36.09],[148.7139,-36.0]]]},"properties":{"state":"nsw","n":201,"kind":"geochem"}},{"type":"Feature","geometry":{"type":"Polygon","coordinates":[[[129.5401,-17.91],[129.5401,-17.73],[129.3842,-17.64],[129.2283,-17.73],[129.2283,-17.91],[129.3842,-18.0],[129.5401,-17.91]]]},"properties":{"state":"nt","n":201,"kind":"geochem"}},{"type":"Feature","geometry":{"type":"Polygon","coordinates":[[[136.0872,-33.57],[136.0872,-33.39],[135.9313,-33.3],[135.7755,-33.39],[135.7755,-33.57],[135.9313,-33.66],[136.0872,-33.57]]]},"properties":{"state":"sa","n":201,"kind":"geochem"}},{"type":"Feature","geometry":{"type":"Polygon","coordinates":[[[134.8402,-20.07],[134.8402,-19.89],[134.6843,-19.8],[134.5284,-19.89],[134.5284,-20.07],[134.6843,-20.16],[134.8402,-20.07]]]},"properties":{"state":"nt","n":202,"kind":"geochem"}},{"type":"Feature","geometry":{"type":"Polygon","coordinates":[[[139.3608,-31.14],[139.3608,-30.96],[139.2049,-30.87],[139.049,-30.96],[139.049,-31.14],[139.2049,-31.23],[139.3608,-31.14]]]},"properties":{"state":"sa","n":202,"kind":"geochem"}},{"type":"Feature","geometry":{"type":"Polygon","coordinates":[[[133.749,-14.4],[133.749,-14.22],[133.5931,-14.13],[133.4372,-14.22],[133.4372,-14.4],[133.5931,-14.49],[133.749,-14.4]]]},"properties":{"state":"nt","n":204,"kind":"geochem"}},{"type":"Feature","geometry":{"type":"Polygon","coordinates":[[[132.0342,-20.61],[132.0342,-20.43],[131.8783,-20.34],[131.7225,-20.43],[131.7225,-20.61],[131.8783,-20.7],[132.0342,-20.61]]]},"properties":{"state":"nt","n":207,"kind":"geochem"}},{"type":"Feature","geometry":{"type":"Polygon","coordinates":[[[151.8316,-30.6],[151.8316,-30.42],[151.6757,-30.33],[151.5198,-30.42],[151.5198,-30.6],[151.6757,-30.69],[151.8316,-30.6]]]},"properties":{"state":"nsw","n":208,"kind":"geochem"}},{"type":"Feature","geometry":{"type":"Polygon","coordinates":[[[145.2844,-30.6],[145.2844,-30.42],[145.1285,-30.33],[144.9727,-30.42],[144.9727,-30.6],[145.1285,-30.69],[145.2844,-30.6]]]},"properties":{"state":"nsw","n":209,"kind":"geochem"}},{"type":"Feature","geometry":{"type":"Polygon","coordinates":[[[139.6726,-29.52],[139.6726,-29.34],[139.5167,-29.25],[139.3608,-29.34],[139.3608,-29.52],[139.5167,-29.61],[139.6726,-29.52]]]},"properties":{"state":"sa","n":209,"kind":"geochem"}},{"type":"Feature","geometry":{"type":"Polygon","coordinates":[[[148.4021,-34.38],[148.4021,-34.2],[148.2462,-34.11],[148.0903,-34.2],[148.0903,-34.38],[148.2462,-34.47],[148.4021,-34.38]]]},"properties":{"state":"nsw","n":210,"kind":"geochem"}},{"type":"Feature","geometry":{"type":"Polygon","coordinates":[[[150.2727,-36.54],[150.2727,-36.36],[150.1168,-36.27],[149.961,-36.36],[149.961,-36.54],[150.1168,-36.63],[150.2727,-36.54]]]},"properties":{"state":"nsw","n":210,"kind":"geochem"}},{"type":"Feature","geometry":{"type":"Polygon","coordinates":[[[141.0755,-31.95],[141.0755,-31.77],[140.9197,-31.68],[140.7638,-31.77],[140.7638,-31.95],[140.9197,-32.04],[141.0755,-31.95]]]},"properties":{"state":"nsw","n":211,"kind":"geochem"}},{"type":"Feature","geometry":{"type":"Polygon","coordinates":[[[134.5284,-14.67],[134.5284,-14.49],[134.3725,-14.4],[134.2166,-14.49],[134.2166,-14.67],[134.3725,-14.76],[134.5284,-14.67]]]},"properties":{"state":"nt","n":212,"kind":"geochem"}},{"type":"Feature","geometry":{"type":"Polygon","coordinates":[[[135.1519,-16.29],[135.1519,-16.11],[134.996,-16.02],[134.8402,-16.11],[134.8402,-16.29],[134.996,-16.38],[135.1519,-16.29]]]},"properties":{"state":"nt","n":213,"kind":"geochem"}},{"type":"Feature","geometry":{"type":"Polygon","coordinates":[[[147.4668,-42.48],[147.4668,-42.3],[147.3109,-42.21],[147.155,-42.3],[147.155,-42.48],[147.3109,-42.57],[147.4668,-42.48]]]},"properties":{"state":"tas","n":214,"kind":"geochem"}},{"type":"Feature","geometry":{"type":"Polygon","coordinates":[[[147.7786,-33.3],[147.7786,-33.12],[147.6227,-33.03],[147.4668,-33.12],[147.4668,-33.3],[147.6227,-33.39],[147.7786,-33.3]]]},"properties":{"state":"nsw","n":216,"kind":"geochem"}},{"type":"Feature","geometry":{"type":"Polygon","coordinates":[[[152.2992,-31.95],[152.2992,-31.77],[152.1433,-31.68],[151.9875,-31.77],[151.9875,-31.95],[152.1433,-32.04],[152.2992,-31.95]]]},"properties":{"state":"nsw","n":216,"kind":"geochem"}},{"type":"Feature","geometry":{"type":"Polygon","coordinates":[[[136.8667,-23.04],[136.8667,-22.86],[136.7108,-22.77],[136.5549,-22.86],[136.5549,-23.04],[136.7108,-23.13],[136.8667,-23.04]]]},"properties":{"state":"nt","n":216,"kind":"geochem"}},{"type":"Feature","geometry":{"type":"Polygon","coordinates":[[[132.0342,-31.41],[132.0342,-31.23],[131.8783,-31.14],[131.7225,-31.23],[131.7225,-31.41],[131.8783,-31.5],[132.0342,-31.41]]]},"properties":{"state":"sa","n":218,"kind":"geochem"}},{"type":"Feature","geometry":{"type":"Polygon","coordinates":[[[137.1784,-36.0],[137.1784,-35.82],[137.0225,-35.73],[136.8667,-35.82],[136.8667,-36.0],[137.0225,-36.09],[137.1784,-36.0]]]},"properties":{"state":"sa","n":218,"kind":"geochem"}},{"type":"Feature","geometry":{"type":"Polygon","coordinates":[[[135.6196,-33.3],[135.6196,-33.12],[135.4637,-33.03],[135.3078,-33.12],[135.3078,-33.3],[135.4637,-33.39],[135.6196,-33.3]]]},"properties":{"state":"sa","n":218,"kind":"geochem"}},{"type":"Feature","geometry":{"type":"Polygon","coordinates":[[[139.5167,-29.79],[139.5167,-29.61],[139.3608,-29.52],[139.2049,-29.61],[139.2049,-29.79],[139.3608,-29.88],[139.5167,-29.79]]]},"properties":{"state":"sa","n":221,"kind":"geochem"}},{"type":"Feature","geometry":{"type":"Polygon","coordinates":[[[139.2049,-33.57],[139.2049,-33.39],[139.049,-33.3],[138.8932,-33.39],[138.8932,-33.57],[139.049,-33.66],[139.2049,-33.57]]]},"properties":{"state":"sa","n":222,"kind":"geochem"}},{"type":"Feature","geometry":{"type":"Polygon","coordinates":[[[134.0607,-21.96],[134.0607,-21.78],[133.9048,-21.69],[133.749,-21.78],[133.749,-21.96],[133.9048,-22.05],[134.0607,-21.96]]]},"properties":{"state":"nt","n":223,"kind":"geochem"}},{"type":"Feature","geometry":{"type":"Polygon","coordinates":[[[135.4637,-31.95],[135.4637,-31.77],[135.3078,-31.68],[135.1519,-31.77],[135.1519,-31.95],[135.3078,-32.04],[135.4637,-31.95]]]},"properties":{"state":"sa","n":223,"kind":"geochem"}},{"type":"Feature","geometry":{"type":"Polygon","coordinates":[[[133.2813,-26.55],[133.2813,-26.37],[133.1254,-26.28],[132.9695,-26.37],[132.9695,-26.55],[133.1254,-26.64],[133.2813,-26.55]]]},"properties":{"state":"sa","n":223,"kind":"geochem"}},{"type":"Feature","geometry":{"type":"Polygon","coordinates":[[[134.8402,-20.61],[134.8402,-20.43],[134.6843,-20.34],[134.5284,-20.43],[134.5284,-20.61],[134.6843,-20.7],[134.8402,-20.61]]]},"properties":{"state":"nt","n":224,"kind":"geochem"}},{"type":"Feature","geometry":{"type":"Polygon","coordinates":[[[142.6344,-37.89],[142.6344,-37.71],[142.4785,-37.62],[142.3226,-37.71],[142.3226,-37.89],[142.4785,-37.98],[142.6344,-37.89]]]},"properties":{"state":"vic","n":225,"kind":"geochem"}},{"type":"Feature","geometry":{"type":"Polygon","coordinates":[[[136.0872,-17.37],[136.0872,-17.19],[135.9313,-17.1],[135.7755,-17.19],[135.7755,-17.37],[135.9313,-17.46],[136.0872,-17.37]]]},"properties":{"state":"nt","n":225,"kind":"geochem"}},{"type":"Feature","geometry":{"type":"Polygon","coordinates":[[[136.399,-17.91],[136.399,-17.73],[136.2431,-17.64],[136.0872,-17.73],[136.0872,-17.91],[136.2431,-18.0],[136.399,-17.91]]]},"properties":{"state":"nt","n":225,"kind":"geochem"}},{"type":"Feature","geometry":{"type":"Polygon","coordinates":[[[151.208,-28.98],[151.208,-28.8],[151.0522,-28.71],[150.8963,-28.8],[150.8963,-28.98],[151.0522,-29.07],[151.208,-28.98]]]},"properties":{"state":"nsw","n":226,"kind":"geochem"}},{"type":"Feature","geometry":{"type":"Polygon","coordinates":[[[131.8783,-14.94],[131.8783,-14.76],[131.7225,-14.67],[131.5666,-14.76],[131.5666,-14.94],[131.7225,-15.03],[131.8783,-14.94]]]},"properties":{"state":"nt","n":226,"kind":"geochem"}},{"type":"Feature","geometry":{"type":"Polygon","coordinates":[[[136.0872,-23.85],[136.0872,-23.67],[135.9313,-23.58],[135.7755,-23.67],[135.7755,-23.85],[135.9313,-23.94],[136.0872,-23.85]]]},"properties":{"state":"nt","n":228,"kind":"geochem"}},{"type":"Feature","geometry":{"type":"Polygon","coordinates":[[[138.2696,-30.33],[138.2696,-30.15],[138.1137,-30.06],[137.9578,-30.15],[137.9578,-30.33],[138.1137,-30.42],[138.2696,-30.33]]]},"properties":{"state":"sa","n":228,"kind":"geochem"}},{"type":"Feature","geometry":{"type":"Polygon","coordinates":[[[130.4754,-16.83],[130.4754,-16.65],[130.3195,-16.56],[130.1636,-16.65],[130.1636,-16.83],[130.3195,-16.92],[130.4754,-16.83]]]},"properties":{"state":"nt","n":231,"kind":"geochem"}},{"type":"Feature","geometry":{"type":"Polygon","coordinates":[[[148.4021,-40.86],[148.4021,-40.68],[148.2462,-40.59],[148.0903,-40.68],[148.0903,-40.86],[148.2462,-40.95],[148.4021,-40.86]]]},"properties":{"state":"tas","n":231,"kind":"geochem"}},{"type":"Feature","geometry":{"type":"Polygon","coordinates":[[[148.8698,-35.19],[148.8698,-35.01],[148.7139,-34.92],[148.558,-35.01],[148.558,-35.19],[148.7139,-35.28],[148.8698,-35.19]]]},"properties":{"state":"nsw","n":232,"kind":"geochem"}},{"type":"Feature","geometry":{"type":"Polygon","coordinates":[[[132.6578,-26.55],[132.6578,-26.37],[132.5019,-26.28],[132.346,-26.37],[132.346,-26.55],[132.5019,-26.64],[132.6578,-26.55]]]},"properties":{"state":"sa","n":232,"kind":"geochem"}},{"type":"Feature","geometry":{"type":"Polygon","coordinates":[[[135.1519,-15.75],[135.1519,-15.57],[134.996,-15.48],[134.8402,-15.57],[134.8402,-15.75],[134.996,-15.84],[135.1519,-15.75]]]},"properties":{"state":"nt","n":233,"kind":"geochem"}},{"type":"Feature","geometry":{"type":"Polygon","coordinates":[[[139.2049,-30.33],[139.2049,-30.15],[139.049,-30.06],[138.8932,-30.15],[138.8932,-30.33],[139.049,-30.42],[139.2049,-30.33]]]},"properties":{"state":"sa","n":233,"kind":"geochem"}},{"type":"Feature","geometry":{"type":"Polygon","coordinates":[[[136.5549,-13.86],[136.5549,-13.68],[136.399,-13.59],[136.2431,-13.68],[136.2431,-13.86],[136.399,-13.95],[136.5549,-13.86]]]},"properties":{"state":"nt","n":234,"kind":"geochem"}},{"type":"Feature","geometry":{"type":"Polygon","coordinates":[[[132.9695,-30.33],[132.9695,-30.15],[132.8137,-30.06],[132.6578,-30.15],[132.6578,-30.33],[132.8137,-30.42],[132.9695,-30.33]]]},"properties":{"state":"sa","n":234,"kind":"geochem"}},{"type":"Feature","geometry":{"type":"Polygon","coordinates":[[[151.5198,-32.22],[151.5198,-32.04],[151.3639,-31.95],[151.208,-32.04],[151.208,-32.22],[151.3639,-32.31],[151.5198,-32.22]]]},"properties":{"state":"nsw","n":235,"kind":"geochem"}},{"type":"Feature","geometry":{"type":"Polygon","coordinates":[[[146.5315,-34.38],[146.5315,-34.2],[146.3756,-34.11],[146.2197,-34.2],[146.2197,-34.38],[146.3756,-34.47],[146.5315,-34.38]]]},"properties":{"state":"nsw","n":236,"kind":"geochem"}},{"type":"Feature","geometry":{"type":"Polygon","coordinates":[[[136.7108,-17.37],[136.7108,-17.19],[136.5549,-17.1],[136.399,-17.19],[136.399,-17.37],[136.5549,-17.46],[136.7108,-17.37]]]},"properties":{"state":"nt","n":237,"kind":"geochem"}},{"type":"Feature","geometry":{"type":"Polygon","coordinates":[[[133.749,-23.58],[133.749,-23.4],[133.5931,-23.31],[133.4372,-23.4],[133.4372,-23.58],[133.5931,-23.67],[133.749,-23.58]]]},"properties":{"state":"nt","n":237,"kind":"geochem"}},{"type":"Feature","geometry":{"type":"Polygon","coordinates":[[[135.1519,-33.03],[135.1519,-32.85],[134.996,-32.76],[134.8402,-32.85],[134.8402,-33.03],[134.996,-33.12],[135.1519,-33.03]]]},"properties":{"state":"sa","n":237,"kind":"geochem"}},{"type":"Feature","geometry":{"type":"Polygon","coordinates":[[[148.2462,-40.05],[148.2462,-39.87],[148.0903,-39.78],[147.9345,-39.87],[147.9345,-40.05],[148.0903,-40.14],[148.2462,-40.05]]]},"properties":{"state":"tas","n":237,"kind":"geochem"}},{"type":"Feature","geometry":{"type":"Polygon","coordinates":[[[134.8402,-19.53],[134.8402,-19.35],[134.6843,-19.26],[134.5284,-19.35],[134.5284,-19.53],[134.6843,-19.62],[134.8402,-19.53]]]},"properties":{"state":"nt","n":239,"kind":"geochem"}},{"type":"Feature","geometry":{"type":"Polygon","coordinates":[[[136.8667,-30.6],[136.8667,-30.42],[136.7108,-30.33],[136.5549,-30.42],[136.5549,-30.6],[136.7108,-30.69],[136.8667,-30.6]]]},"properties":{"state":"sa","n":240,"kind":"geochem"}},{"type":"Feature","geometry":{"type":"Polygon","coordinates":[[[134.3725,-28.98],[134.3725,-28.8],[134.2166,-28.71],[134.0607,-28.8],[134.0607,-28.98],[134.2166,-29.07],[134.3725,-28.98]]]},"properties":{"state":"sa","n":241,"kind":"geochem"}},{"type":"Feature","geometry":{"type":"Polygon","coordinates":[[[148.8698,-36.27],[148.8698,-36.09],[148.7139,-36.0],[148.558,-36.09],[148.558,-36.27],[148.7139,-36.36],[148.8698,-36.27]]]},"properties":{"state":"nsw","n":242,"kind":"geochem"}},{"type":"Feature","geometry":{"type":"Polygon","coordinates":[[[150.2727,-35.46],[150.2727,-35.28],[150.1168,-35.19],[149.961,-35.28],[149.961,-35.46],[150.1168,-35.55],[150.2727,-35.46]]]},"properties":{"state":"nsw","n":242,"kind":"geochem"}},{"type":"Feature","geometry":{"type":"Polygon","coordinates":[[[144.6609,-37.08],[144.6609,-36.9],[144.505,-36.81],[144.3491,-36.9],[144.3491,-37.08],[144.505,-37.17],[144.6609,-37.08]]]},"properties":{"state":"vic","n":242,"kind":"geochem"}},{"type":"Feature","geometry":{"type":"Polygon","coordinates":[[[132.6578,-23.85],[132.6578,-23.67],[132.5019,-23.58],[132.346,-23.67],[132.346,-23.85],[132.5019,-23.94],[132.6578,-23.85]]]},"properties":{"state":"nt","n":242,"kind":"geochem"}},{"type":"Feature","geometry":{"type":"Polygon","coordinates":[[[150.1168,-30.87],[150.1168,-30.69],[149.961,-30.6],[149.8051,-30.69],[149.8051,-30.87],[149.961,-30.96],[150.1168,-30.87]]]},"properties":{"state":"nsw","n":243,"kind":"geochem"}},{"type":"Feature","geometry":{"type":"Polygon","coordinates":[[[134.3725,-32.22],[134.3725,-32.04],[134.2166,-31.95],[134.0607,-32.04],[134.0607,-32.22],[134.2166,-32.31],[134.3725,-32.22]]]},"properties":{"state":"sa","n":243,"kind":"geochem"}},{"type":"Feature","geometry":{"type":"Polygon","coordinates":[[[145.5962,-37.62],[145.5962,-37.44],[145.4403,-37.35],[145.2844,-37.44],[145.2844,-37.62],[145.4403,-37.71],[145.5962,-37.62]]]},"properties":{"state":"vic","n":244,"kind":"geochem"}},{"type":"Feature","geometry":{"type":"Polygon","coordinates":[[[130.3195,-18.72],[130.3195,-18.54],[130.1636,-18.45],[130.0077,-18.54],[130.0077,-18.72],[130.1636,-18.81],[130.3195,-18.72]]]},"properties":{"state":"nt","n":244,"kind":"geochem"}},{"type":"Feature","geometry":{"type":"Polygon","coordinates":[[[139.2049,-33.03],[139.2049,-32.85],[139.049,-32.76],[138.8932,-32.85],[138.8932,-33.03],[139.049,-33.12],[139.2049,-33.03]]]},"properties":{"state":"sa","n":244,"kind":"geochem"}},{"type":"Feature","geometry":{"type":"Polygon","coordinates":[[[133.2813,-14.13],[133.2813,-13.95],[133.1254,-13.86],[132.9695,-13.95],[132.9695,-14.13],[133.1254,-14.22],[133.2813,-14.13]]]},"properties":{"state":"nt","n":245,"kind":"geochem"}},{"type":"Feature","geometry":{"type":"Polygon","coordinates":[[[137.0225,-17.37],[137.0225,-17.19],[136.8667,-17.1],[136.7108,-17.19],[136.7108,-17.37],[136.8667,-17.46],[137.0225,-17.37]]]},"properties":{"state":"nt","n":246,"kind":"geochem"}},{"type":"Feature","geometry":{"type":"Polygon","coordinates":[[[137.4902,-31.68],[137.4902,-31.5],[137.3343,-31.41],[137.1784,-31.5],[137.1784,-31.68],[137.3343,-31.77],[137.4902,-31.68]]]},"properties":{"state":"sa","n":247,"kind":"geochem"}},{"type":"Feature","geometry":{"type":"Polygon","coordinates":[[[147.3109,-42.21],[147.3109,-42.03],[147.155,-41.94],[146.9992,-42.03],[146.9992,-42.21],[147.155,-42.3],[147.3109,-42.21]]]},"properties":{"state":"tas","n":247,"kind":"geochem"}},{"type":"Feature","geometry":{"type":"Polygon","coordinates":[[[131.4107,-14.13],[131.4107,-13.95],[131.2548,-13.86],[131.0989,-13.95],[131.0989,-14.13],[131.2548,-14.22],[131.4107,-14.13]]]},"properties":{"state":"nt","n":248,"kind":"geochem"}},{"type":"Feature","geometry":{"type":"Polygon","coordinates":[[[136.7108,-17.91],[136.7108,-17.73],[136.5549,-17.64],[136.399,-17.73],[136.399,-17.91],[136.5549,-18.0],[136.7108,-17.91]]]},"properties":{"state":"nt","n":249,"kind":"geochem"}},{"type":"Feature","geometry":{"type":"Polygon","coordinates":[[[135.6196,-34.38],[135.6196,-34.2],[135.4637,-34.11],[135.3078,-34.2],[135.3078,-34.38],[135.4637,-34.47],[135.6196,-34.38]]]},"properties":{"state":"sa","n":249,"kind":"geochem"}},{"type":"Feature","geometry":{"type":"Polygon","coordinates":[[[130.1636,-21.69],[130.1636,-21.51],[130.0077,-21.42],[129.8518,-21.51],[129.8518,-21.69],[130.0077,-21.78],[130.1636,-21.69]]]},"properties":{"state":"nt","n":251,"kind":"geochem"}},{"type":"Feature","geometry":{"type":"Polygon","coordinates":[[[131.0989,-21.69],[131.0989,-21.51],[130.943,-21.42],[130.7872,-21.51],[130.7872,-21.69],[130.943,-21.78],[131.0989,-21.69]]]},"properties":{"state":"nt","n":251,"kind":"geochem"}},{"type":"Feature","geometry":{"type":"Polygon","coordinates":[[[132.346,-24.39],[132.346,-24.21],[132.1901,-24.12],[132.0342,-24.21],[132.0342,-24.39],[132.1901,-24.48],[132.346,-24.39]]]},"properties":{"state":"nt","n":252,"kind":"geochem"}},{"type":"Feature","geometry":{"type":"Polygon","coordinates":[[[138.8932,-33.57],[138.8932,-33.39],[138.7373,-33.3],[138.5814,-33.39],[138.5814,-33.57],[138.7373,-33.66],[138.8932,-33.57]]]},"properties":{"state":"sa","n":252,"kind":"geochem"}},{"type":"Feature","geometry":{"type":"Polygon","coordinates":[[[149.8051,-36.81],[149.8051,-36.63],[149.6492,-36.54],[149.4933,-36.63],[149.4933,-36.81],[149.6492,-36.9],[149.8051,-36.81]]]},"properties":{"state":"nsw","n":254,"kind":"geochem"}},{"type":"Feature","geometry":{"type":"Polygon","coordinates":[[[143.8815,-36.81],[143.8815,-36.63],[143.7256,-36.54],[143.5697,-36.63],[143.5697,-36.81],[143.7256,-36.9],[143.8815,-36.81]]]},"properties":{"state":"vic","n":255,"kind":"geochem"}},{"type":"Feature","geometry":{"type":"Polygon","coordinates":[[[137.802,-23.04],[137.802,-22.86],[137.6461,-22.77],[137.4902,-22.86],[137.4902,-23.04],[137.6461,-23.13],[137.802,-23.04]]]},"properties":{"state":"nt","n":255,"kind":"geochem"}},{"type":"Feature","geometry":{"type":"Polygon","coordinates":[[[134.5284,-33.03],[134.5284,-32.85],[134.3725,-32.76],[134.2166,-32.85],[134.2166,-33.03],[134.3725,-33.12],[134.5284,-33.03]]]},"properties":{"state":"sa","n":255,"kind":"geochem"}},{"type":"Feature","geometry":{"type":"Polygon","coordinates":[[[151.208,-31.68],[151.208,-31.5],[151.0522,-31.41],[150.8963,-31.5],[150.8963,-31.68],[151.0522,-31.77],[151.208,-31.68]]]},"properties":{"state":"nsw","n":256,"kind":"geochem"}},{"type":"Feature","geometry":{"type":"Polygon","coordinates":[[[139.5167,-33.03],[139.5167,-32.85],[139.3608,-32.76],[139.2049,-32.85],[139.2049,-33.03],[139.3608,-33.12],[139.5167,-33.03]]]},"properties":{"state":"sa","n":256,"kind":"geochem"}},{"type":"Feature","geometry":{"type":"Polygon","coordinates":[[[149.3374,-34.38],[149.3374,-34.2],[149.1815,-34.11],[149.0257,-34.2],[149.0257,-34.38],[149.1815,-34.47],[149.3374,-34.38]]]},"properties":{"state":"nsw","n":257,"kind":"geochem"}},{"type":"Feature","geometry":{"type":"Polygon","coordinates":[[[152.4551,-32.22],[152.4551,-32.04],[152.2992,-31.95],[152.1433,-32.04],[152.1433,-32.22],[152.2992,-32.31],[152.4551,-32.22]]]},"properties":{"state":"nsw","n":257,"kind":"geochem"}},{"type":"Feature","geometry":{"type":"Polygon","coordinates":[[[137.4902,-18.72],[137.4902,-18.54],[137.3343,-18.45],[137.1784,-18.54],[137.1784,-18.72],[137.3343,-18.81],[137.4902,-18.72]]]},"properties":{"state":"nt","n":257,"kind":"geochem"}},{"type":"Feature","geometry":{"type":"Polygon","coordinates":[[[136.0872,-34.11],[136.0872,-33.93],[135.9313,-33.84],[135.7755,-33.93],[135.7755,-34.11],[135.9313,-34.2],[136.0872,-34.11]]]},"properties":{"state":"sa","n":257,"kind":"geochem"}},{"type":"Feature","geometry":{"type":"Polygon","coordinates":[[[149.4933,-37.35],[149.4933,-37.17],[149.3374,-37.08],[149.1815,-37.17],[149.1815,-37.35],[149.3374,-37.44],[149.4933,-37.35]]]},"properties":{"state":"nsw","n":258,"kind":"geochem"}},{"type":"Feature","geometry":{"type":"Polygon","coordinates":[[[136.0872,-23.31],[136.0872,-23.13],[135.9313,-23.04],[135.7755,-23.13],[135.7755,-23.31],[135.9313,-23.4],[136.0872,-23.31]]]},"properties":{"state":"nt","n":258,"kind":"geochem"}},{"type":"Feature","geometry":{"type":"Polygon","coordinates":[[[137.0225,-30.87],[137.0225,-30.69],[136.8667,-30.6],[136.7108,-30.69],[136.7108,-30.87],[136.8667,-30.96],[137.0225,-30.87]]]},"properties":{"state":"sa","n":258,"kind":"geochem"}},{"type":"Feature","geometry":{"type":"Polygon","coordinates":[[[133.9048,-26.55],[133.9048,-26.37],[133.749,-26.28],[133.5931,-26.37],[133.5931,-26.55],[133.749,-26.64],[133.9048,-26.55]]]},"properties":{"state":"sa","n":258,"kind":"geochem"}},{"type":"Feature","geometry":{"type":"Polygon","coordinates":[[[134.6843,-32.22],[134.6843,-32.04],[134.5284,-31.95],[134.3725,-32.04],[134.3725,-32.22],[134.5284,-32.31],[134.6843,-32.22]]]},"properties":{"state":"sa","n":258,"kind":"geochem"}},{"type":"Feature","geometry":{"type":"Polygon","coordinates":[[[133.2813,-29.25],[133.2813,-29.07],[133.1254,-28.98],[132.9695,-29.07],[132.9695,-29.25],[133.1254,-29.34],[133.2813,-29.25]]]},"properties":{"state":"sa","n":259,"kind":"geochem"}},{"type":"Feature","geometry":{"type":"Polygon","coordinates":[[[135.6196,-32.76],[135.6196,-32.58],[135.4637,-32.49],[135.3078,-32.58],[135.3078,-32.76],[135.4637,-32.85],[135.6196,-32.76]]]},"properties":{"state":"sa","n":259,"kind":"geochem"}},{"type":"Feature","geometry":{"type":"Polygon","coordinates":[[[130.3195,-23.58],[130.3195,-23.4],[130.1636,-23.31],[130.0077,-23.4],[130.0077,-23.58],[130.1636,-23.67],[130.3195,-23.58]]]},"properties":{"state":"nt","n":260,"kind":"geochem"}},{"type":"Feature","geometry":{"type":"Polygon","coordinates":[[[132.346,-26.01],[132.346,-25.83],[132.1901,-25.74],[132.0342,-25.83],[132.0342,-26.01],[132.1901,-26.1],[132.346,-26.01]]]},"properties":{"state":"nt","n":262,"kind":"geochem"}},{"type":"Feature","geometry":{"type":"Polygon","coordinates":[[[132.5019,-20.88],[132.5019,-20.7],[132.346,-20.61],[132.1901,-20.7],[132.1901,-20.88],[132.346,-20.97],[132.5019,-20.88]]]},"properties":{"state":"nt","n":263,"kind":"geochem"}},{"type":"Feature","geometry":{"type":"Polygon","coordinates":[[[150.2727,-30.6],[150.2727,-30.42],[150.1168,-30.33],[149.961,-30.42],[149.961,-30.6],[150.1168,-30.69],[150.2727,-30.6]]]},"properties":{"state":"nsw","n":264,"kind":"geochem"}},{"type":"Feature","geometry":{"type":"Polygon","coordinates":[[[133.9048,-31.95],[133.9048,-31.77],[133.749,-31.68],[133.5931,-31.77],[133.5931,-31.95],[133.749,-32.04],[133.9048,-31.95]]]},"properties":{"state":"sa","n":266,"kind":"geochem"}},{"type":"Feature","geometry":{"type":"Polygon","coordinates":[[[145.908,-30.6],[145.908,-30.42],[145.7521,-30.33],[145.5962,-30.42],[145.5962,-30.6],[145.7521,-30.69],[145.908,-30.6]]]},"properties":{"state":"nsw","n":267,"kind":"geochem"}},{"type":"Feature","geometry":{"type":"Polygon","coordinates":[[[143.5697,-36.27],[143.5697,-36.09],[143.4138,-36.0],[143.2579,-36.09],[143.2579,-36.27],[143.4138,-36.36],[143.5697,-36.27]]]},"properties":{"state":"vic","n":267,"kind":"geochem"}},{"type":"Feature","geometry":{"type":"Polygon","coordinates":[[[138.2696,-34.11],[138.2696,-33.93],[138.1137,-33.84],[137.9578,-33.93],[137.9578,-34.11],[138.1137,-34.2],[138.2696,-34.11]]]},"properties":{"state":"sa","n":269,"kind":"geochem"}},{"type":"Feature","geometry":{"type":"Polygon","coordinates":[[[135.3078,-33.84],[135.3078,-33.66],[135.1519,-33.57],[134.996,-33.66],[134.996,-33.84],[135.1519,-33.93],[135.3078,-33.84]]]},"properties":{"state":"sa","n":272,"kind":"geochem"}},{"type":"Feature","geometry":{"type":"Polygon","coordinates":[[[130.3195,-14.94],[130.3195,-14.76],[130.1636,-14.67],[130.0077,-14.76],[130.0077,-14.94],[130.1636,-15.03],[130.3195,-14.94]]]},"properties":{"state":"nt","n":274,"kind":"geochem"}},{"type":"Feature","geometry":{"type":"Polygon","coordinates":[[[134.0607,-29.52],[134.0607,-29.34],[133.9048,-29.25],[133.749,-29.34],[133.749,-29.52],[133.9048,-29.61],[134.0607,-29.52]]]},"properties":{"state":"sa","n":274,"kind":"geochem"}},{"type":"Feature","geometry":{"type":"Polygon","coordinates":[[[133.2813,-22.77],[133.2813,-22.59],[133.1254,-22.5],[132.9695,-22.59],[132.9695,-22.77],[133.1254,-22.86],[133.2813,-22.77]]]},"properties":{"state":"nt","n":275,"kind":"geochem"}},{"type":"Feature","geometry":{"type":"Polygon","coordinates":[[[138.5814,-32.49],[138.5814,-32.31],[138.4255,-32.22],[138.2696,-32.31],[138.2696,-32.49],[138.4255,-32.58],[138.5814,-32.49]]]},"properties":{"state":"sa","n":276,"kind":"geochem"}},{"type":"Feature","geometry":{"type":"Polygon","coordinates":[[[135.7755,-20.61],[135.7755,-20.43],[135.6196,-20.34],[135.4637,-20.43],[135.4637,-20.61],[135.6196,-20.7],[135.7755,-20.61]]]},"properties":{"state":"nt","n":277,"kind":"geochem"}},{"type":"Feature","geometry":{"type":"Polygon","coordinates":[[[146.6874,-33.03],[146.6874,-32.85],[146.5315,-32.76],[146.3756,-32.85],[146.3756,-33.03],[146.5315,-33.12],[146.6874,-33.03]]]},"properties":{"state":"nsw","n":278,"kind":"geochem"}},{"type":"Feature","geometry":{"type":"Polygon","coordinates":[[[134.996,-14.94],[134.996,-14.76],[134.8402,-14.67],[134.6843,-14.76],[134.6843,-14.94],[134.8402,-15.03],[134.996,-14.94]]]},"properties":{"state":"nt","n":278,"kind":"geochem"}},{"type":"Feature","geometry":{"type":"Polygon","coordinates":[[[135.6196,-24.12],[135.6196,-23.94],[135.4637,-23.85],[135.3078,-23.94],[135.3078,-24.12],[135.4637,-24.21],[135.6196,-24.12]]]},"properties":{"state":"nt","n":281,"kind":"geochem"}},{"type":"Feature","geometry":{"type":"Polygon","coordinates":[[[145.4403,-30.33],[145.4403,-30.15],[145.2844,-30.06],[145.1285,-30.15],[145.1285,-30.33],[145.2844,-30.42],[145.4403,-30.33]]]},"properties":{"state":"nsw","n":282,"kind":"geochem"}},{"type":"Feature","geometry":{"type":"Polygon","coordinates":[[[135.6196,-15.48],[135.6196,-15.3],[135.4637,-15.21],[135.3078,-15.3],[135.3078,-15.48],[135.4637,-15.57],[135.6196,-15.48]]]},"properties":{"state":"nt","n":282,"kind":"geochem"}},{"type":"Feature","geometry":{"type":"Polygon","coordinates":[[[131.8783,-21.96],[131.8783,-21.78],[131.7225,-21.69],[131.5666,-21.78],[131.5666,-21.96],[131.7225,-22.05],[131.8783,-21.96]]]},"properties":{"state":"nt","n":283,"kind":"geochem"}},{"type":"Feature","geometry":{"type":"Polygon","coordinates":[[[129.5401,-17.37],[129.5401,-17.19],[129.3842,-17.1],[129.2283,-17.19],[129.2283,-17.37],[129.3842,-17.46],[129.5401,-17.37]]]},"properties":{"state":"nt","n":283,"kind":"geochem"}},{"type":"Feature","geometry":{"type":"Polygon","coordinates":[[[134.6843,-31.14],[134.6843,-30.96],[134.5284,-30.87],[134.3725,-30.96],[134.3725,-31.14],[134.5284,-31.23],[134.6843,-31.14]]]},"properties":{"state":"sa","n":283,"kind":"geochem"}},{"type":"Feature","geometry":{"type":"Polygon","coordinates":[[[133.4372,-26.28],[133.4372,-26.1],[133.2813,-26.01],[133.1254,-26.1],[133.1254,-26.28],[133.2813,-26.37],[133.4372,-26.28]]]},"properties":{"state":"sa","n":283,"kind":"geochem"}},{"type":"Feature","geometry":{"type":"Polygon","coordinates":[[[131.5666,-22.5],[131.5666,-22.32],[131.4107,-22.23],[131.2548,-22.32],[131.2548,-22.5],[131.4107,-22.59],[131.5666,-22.5]]]},"properties":{"state":"nt","n":285,"kind":"geochem"}},{"type":"Feature","geometry":{"type":"Polygon","coordinates":[[[129.3842,-26.28],[129.3842,-26.1],[129.2283,-26.01],[129.0724,-26.1],[129.0724,-26.28],[129.2283,-26.37],[129.3842,-26.28]]]},"properties":{"state":"sa","n":285,"kind":"geochem"}},{"type":"Feature","geometry":{"type":"Polygon","coordinates":[[[138.2696,-17.91],[138.2696,-17.73],[138.1137,-17.64],[137.9578,-17.73],[137.9578,-17.91],[138.1137,-18.0],[138.2696,-17.91]]]},"properties":{"state":"nt","n":287,"kind":"geochem"}},{"type":"Feature","geometry":{"type":"Polygon","coordinates":[[[147.3109,-31.95],[147.3109,-31.77],[147.155,-31.68],[146.9992,-31.77],[146.9992,-31.95],[147.155,-32.04],[147.3109,-31.95]]]},"properties":{"state":"nsw","n":288,"kind":"geochem"}},{"type":"Feature","geometry":{"type":"Polygon","coordinates":[[[142.0108,-30.33],[142.0108,-30.15],[141.855,-30.06],[141.6991,-30.15],[141.6991,-30.33],[141.855,-30.42],[142.0108,-30.33]]]},"properties":{"state":"nsw","n":289,"kind":"geochem"}},{"type":"Feature","geometry":{"type":"Polygon","coordinates":[[[148.4021,-36.0],[148.4021,-35.82],[148.2462,-35.73],[148.0903,-35.82],[148.0903,-36.0],[148.2462,-36.09],[148.4021,-36.0]]]},"properties":{"state":"nsw","n":295,"kind":"geochem"}},{"type":"Feature","geometry":{"type":"Polygon","coordinates":[[[136.399,-33.03],[136.399,-32.85],[136.2431,-32.76],[136.0872,-32.85],[136.0872,-33.03],[136.2431,-33.12],[136.399,-33.03]]]},"properties":{"state":"sa","n":295,"kind":"geochem"}},{"type":"Feature","geometry":{"type":"Polygon","coordinates":[[[144.3491,-36.54],[144.3491,-36.36],[144.1932,-36.27],[144.0373,-36.36],[144.0373,-36.54],[144.1932,-36.63],[144.3491,-36.54]]]},"properties":{"state":"vic","n":296,"kind":"geochem"}},{"type":"Feature","geometry":{"type":"Polygon","coordinates":[[[132.346,-22.23],[132.346,-22.05],[132.1901,-21.96],[132.0342,-22.05],[132.0342,-22.23],[132.1901,-22.32],[132.346,-22.23]]]},"properties":{"state":"nt","n":296,"kind":"geochem"}},{"type":"Feature","geometry":{"type":"Polygon","coordinates":[[[136.5549,-17.64],[136.5549,-17.46],[136.399,-17.37],[136.2431,-17.46],[136.2431,-17.64],[136.399,-17.73],[136.5549,-17.64]]]},"properties":{"state":"nt","n":299,"kind":"geochem"}},{"type":"Feature","geometry":{"type":"Polygon","coordinates":[[[135.3078,-32.76],[135.3078,-32.58],[135.1519,-32.49],[134.996,-32.58],[134.996,-32.76],[135.1519,-32.85],[135.3078,-32.76]]]},"properties":{"state":"sa","n":300,"kind":"geochem"}},{"type":"Feature","geometry":{"type":"Polygon","coordinates":[[[143.5697,-36.81],[143.5697,-36.63],[143.4138,-36.54],[143.2579,-36.63],[143.2579,-36.81],[143.4138,-36.9],[143.5697,-36.81]]]},"properties":{"state":"vic","n":301,"kind":"geochem"}},{"type":"Feature","geometry":{"type":"Polygon","coordinates":[[[144.1932,-36.27],[144.1932,-36.09],[144.0373,-36.0],[143.8815,-36.09],[143.8815,-36.27],[144.0373,-36.36],[144.1932,-36.27]]]},"properties":{"state":"vic","n":303,"kind":"geochem"}},{"type":"Feature","geometry":{"type":"Polygon","coordinates":[[[151.5198,-32.76],[151.5198,-32.58],[151.3639,-32.49],[151.208,-32.58],[151.208,-32.76],[151.3639,-32.85],[151.5198,-32.76]]]},"properties":{"state":"nsw","n":306,"kind":"geochem"}},{"type":"Feature","geometry":{"type":"Polygon","coordinates":[[[130.6313,-20.88],[130.6313,-20.7],[130.4754,-20.61],[130.3195,-20.7],[130.3195,-20.88],[130.4754,-20.97],[130.6313,-20.88]]]},"properties":{"state":"nt","n":306,"kind":"geochem"}},{"type":"Feature","geometry":{"type":"Polygon","coordinates":[[[136.8667,-17.1],[136.8667,-16.92],[136.7108,-16.83],[136.5549,-16.92],[136.5549,-17.1],[136.7108,-17.19],[136.8667,-17.1]]]},"properties":{"state":"nt","n":306,"kind":"geochem"}},{"type":"Feature","geometry":{"type":"Polygon","coordinates":[[[134.8402,-23.85],[134.8402,-23.67],[134.6843,-23.58],[134.5284,-23.67],[134.5284,-23.85],[134.6843,-23.94],[134.8402,-23.85]]]},"properties":{"state":"nt","n":308,"kind":"geochem"}},{"type":"Feature","geometry":{"type":"Polygon","coordinates":[[[134.0607,-26.28],[134.0607,-26.1],[133.9048,-26.01],[133.749,-26.1],[133.749,-26.28],[133.9048,-26.37],[134.0607,-26.28]]]},"properties":{"state":"sa","n":308,"kind":"geochem"}},{"type":"Feature","geometry":{"type":"Polygon","coordinates":[[[148.558,-41.13],[148.558,-40.95],[148.4021,-40.86],[148.2462,-40.95],[148.2462,-41.13],[148.4021,-41.22],[148.558,-41.13]]]},"properties":{"state":"tas","n":310,"kind":"geochem"}},{"type":"Feature","geometry":{"type":"Polygon","coordinates":[[[132.9695,-31.95],[132.9695,-31.77],[132.8137,-31.68],[132.6578,-31.77],[132.6578,-31.95],[132.8137,-32.04],[132.9695,-31.95]]]},"properties":{"state":"sa","n":313,"kind":"geochem"}},{"type":"Feature","geometry":{"type":"Polygon","coordinates":[[[134.6843,-20.34],[134.6843,-20.16],[134.5284,-20.07],[134.3725,-20.16],[134.3725,-20.34],[134.5284,-20.43],[134.6843,-20.34]]]},"properties":{"state":"nt","n":314,"kind":"geochem"}},{"type":"Feature","geometry":{"type":"Polygon","coordinates":[[[137.0225,-35.73],[137.0225,-35.55],[136.8667,-35.46],[136.7108,-35.55],[136.7108,-35.73],[136.8667,-35.82],[137.0225,-35.73]]]},"properties":{"state":"sa","n":315,"kind":"geochem"}},{"type":"Feature","geometry":{"type":"Polygon","coordinates":[[[136.7108,-34.11],[136.7108,-33.93],[136.5549,-33.84],[136.399,-33.93],[136.399,-34.11],[136.5549,-34.2],[136.7108,-34.11]]]},"properties":{"state":"sa","n":315,"kind":"geochem"}},{"type":"Feature","geometry":{"type":"Polygon","coordinates":[[[148.558,-41.67],[148.558,-41.49],[148.4021,-41.4],[148.2462,-41.49],[148.2462,-41.67],[148.4021,-41.76],[148.558,-41.67]]]},"properties":{"state":"tas","n":316,"kind":"geochem"}},{"type":"Feature","geometry":{"type":"Polygon","coordinates":[[[146.2197,-30.06],[146.2197,-29.88],[146.0638,-29.79],[145.908,-29.88],[145.908,-30.06],[146.0638,-30.15],[146.2197,-30.06]]]},"properties":{"state":"nsw","n":317,"kind":"geochem"}},{"type":"Feature","geometry":{"type":"Polygon","coordinates":[[[135.4637,-30.87],[135.4637,-30.69],[135.3078,-30.6],[135.1519,-30.69],[135.1519,-30.87],[135.3078,-30.96],[135.4637,-30.87]]]},"properties":{"state":"sa","n":317,"kind":"geochem"}},{"type":"Feature","geometry":{"type":"Polygon","coordinates":[[[143.2579,-37.35],[143.2579,-37.17],[143.102,-37.08],[142.9462,-37.17],[142.9462,-37.35],[143.102,-37.44],[143.2579,-37.35]]]},"properties":{"state":"vic","n":318,"kind":"geochem"}},{"type":"Feature","geometry":{"type":"Polygon","coordinates":[[[138.1137,-36.0],[138.1137,-35.82],[137.9578,-35.73],[137.802,-35.82],[137.802,-36.0],[137.9578,-36.09],[138.1137,-36.0]]]},"properties":{"state":"sa","n":319,"kind":"geochem"}},{"type":"Feature","geometry":{"type":"Polygon","coordinates":[[[133.9048,-23.31],[133.9048,-23.13],[133.749,-23.04],[133.5931,-23.13],[133.5931,-23.31],[133.749,-23.4],[133.9048,-23.31]]]},"properties":{"state":"nt","n":323,"kind":"geochem"}},{"type":"Feature","geometry":{"type":"Polygon","coordinates":[[[130.943,-23.04],[130.943,-22.86],[130.7872,-22.77],[130.6313,-22.86],[130.6313,-23.04],[130.7872,-23.13],[130.943,-23.04]]]},"properties":{"state":"nt","n":324,"kind":"geochem"}},{"type":"Feature","geometry":{"type":"Polygon","coordinates":[[[149.8051,-37.35],[149.8051,-37.17],[149.6492,-37.08],[149.4933,-37.17],[149.4933,-37.35],[149.6492,-37.44],[149.8051,-37.35]]]},"properties":{"state":"nsw","n":326,"kind":"geochem"}},{"type":"Feature","geometry":{"type":"Polygon","coordinates":[[[143.5697,-37.35],[143.5697,-37.17],[143.4138,-37.08],[143.2579,-37.17],[143.2579,-37.35],[143.4138,-37.44],[143.5697,-37.35]]]},"properties":{"state":"vic","n":326,"kind":"geochem"}},{"type":"Feature","geometry":{"type":"Polygon","coordinates":[[[152.2992,-30.33],[152.2992,-30.15],[152.1433,-30.06],[151.9875,-30.15],[151.9875,-30.33],[152.1433,-30.42],[152.2992,-30.33]]]},"properties":{"state":"nsw","n":328,"kind":"geochem"}},{"type":"Feature","geometry":{"type":"Polygon","coordinates":[[[130.6313,-21.42],[130.6313,-21.24],[130.4754,-21.15],[130.3195,-21.24],[130.3195,-21.42],[130.4754,-21.51],[130.6313,-21.42]]]},"properties":{"state":"nt","n":328,"kind":"geochem"}},{"type":"Feature","geometry":{"type":"Polygon","coordinates":[[[137.3343,-33.57],[137.3343,-33.39],[137.1784,-33.3],[137.0225,-33.39],[137.0225,-33.57],[137.1784,-33.66],[137.3343,-33.57]]]},"properties":{"state":"sa","n":328,"kind":"geochem"}},{"type":"Feature","geometry":{"type":"Polygon","coordinates":[[[151.8316,-31.14],[151.8316,-30.96],[151.6757,-30.87],[151.5198,-30.96],[151.5198,-31.14],[151.6757,-31.23],[151.8316,-31.14]]]},"properties":{"state":"nsw","n":329,"kind":"geochem"}},{"type":"Feature","geometry":{"type":"Polygon","coordinates":[[[137.3343,-18.99],[137.3343,-18.81],[137.1784,-18.72],[137.0225,-18.81],[137.0225,-18.99],[137.1784,-19.08],[137.3343,-18.99]]]},"properties":{"state":"nt","n":330,"kind":"geochem"}},{"type":"Feature","geometry":{"type":"Polygon","coordinates":[[[132.0342,-24.39],[132.0342,-24.21],[131.8783,-24.12],[131.7225,-24.21],[131.7225,-24.39],[131.8783,-24.48],[132.0342,-24.39]]]},"properties":{"state":"nt","n":330,"kind":"geochem"}},{"type":"Feature","geometry":{"type":"Polygon","coordinates":[[[135.7755,-34.11],[135.7755,-33.93],[135.6196,-33.84],[135.4637,-33.93],[135.4637,-34.11],[135.6196,-34.2],[135.7755,-34.11]]]},"properties":{"state":"sa","n":330,"kind":"geochem"}},{"type":"Feature","geometry":{"type":"Polygon","coordinates":[[[137.6461,-17.91],[137.6461,-17.73],[137.4902,-17.64],[137.3343,-17.73],[137.3343,-17.91],[137.4902,-18.0],[137.6461,-17.91]]]},"properties":{"state":"nt","n":331,"kind":"geochem"}},{"type":"Feature","geometry":{"type":"Polygon","coordinates":[[[139.5167,-34.65],[139.5167,-34.47],[139.3608,-34.38],[139.2049,-34.47],[139.2049,-34.65],[139.3608,-34.74],[139.5167,-34.65]]]},"properties":{"state":"sa","n":332,"kind":"geochem"}},{"type":"Feature","geometry":{"type":"Polygon","coordinates":[[[133.5931,-21.69],[133.5931,-21.51],[133.4372,-21.42],[133.2813,-21.51],[133.2813,-21.69],[133.4372,-21.78],[133.5931,-21.69]]]},"properties":{"state":"nt","n":333,"kind":"geochem"}},{"type":"Feature","geometry":{"type":"Polygon","coordinates":[[[134.996,-15.48],[134.996,-15.3],[134.8402,-15.21],[134.6843,-15.3],[134.6843,-15.48],[134.8402,-15.57],[134.996,-15.48]]]},"properties":{"state":"nt","n":333,"kind":"geochem"}},{"type":"Feature","geometry":{"type":"Polygon","coordinates":[[[131.8783,-22.5],[131.8783,-22.32],[131.7225,-22.23],[131.5666,-22.32],[131.5666,-22.5],[131.7225,-22.59],[131.8783,-22.5]]]},"properties":{"state":"nt","n":334,"kind":"geochem"}},{"type":"Feature","geometry":{"type":"Polygon","coordinates":[[[150.8963,-31.68],[150.8963,-31.5],[150.7404,-31.41],[150.5845,-31.5],[150.5845,-31.68],[150.7404,-31.77],[150.8963,-31.68]]]},"properties":{"state":"nsw","n":335,"kind":"geochem"}},{"type":"Feature","geometry":{"type":"Polygon","coordinates":[[[139.5167,-30.33],[139.5167,-30.15],[139.3608,-30.06],[139.2049,-30.15],[139.2049,-30.33],[139.3608,-30.42],[139.5167,-30.33]]]},"properties":{"state":"sa","n":335,"kind":"geochem"}},{"type":"Feature","geometry":{"type":"Polygon","coordinates":[[[137.1784,-31.14],[137.1784,-30.96],[137.0225,-30.87],[136.8667,-30.96],[136.8667,-31.14],[137.0225,-31.23],[137.1784,-31.14]]]},"properties":{"state":"sa","n":337,"kind":"geochem"}},{"type":"Feature","geometry":{"type":"Polygon","coordinates":[[[148.7139,-36.54],[148.7139,-36.36],[148.558,-36.27],[148.4021,-36.36],[148.4021,-36.54],[148.558,-36.63],[148.7139,-36.54]]]},"properties":{"state":"nsw","n":338,"kind":"geochem"}},{"type":"Feature","geometry":{"type":"Polygon","coordinates":[[[130.6313,-18.72],[130.6313,-18.54],[130.4754,-18.45],[130.3195,-18.54],[130.3195,-18.72],[130.4754,-18.81],[130.6313,-18.72]]]},"properties":{"state":"nt","n":340,"kind":"geochem"}},{"type":"Feature","geometry":{"type":"Polygon","coordinates":[[[152.4551,-28.44],[152.4551,-28.26],[152.2992,-28.17],[152.1433,-28.26],[152.1433,-28.44],[152.2992,-28.53],[152.4551,-28.44]]]},"properties":{"state":"nsw","n":341,"kind":"geochem"}},{"type":"Feature","geometry":{"type":"Polygon","coordinates":[[[132.8137,-20.88],[132.8137,-20.7],[132.6578,-20.61],[132.5019,-20.7],[132.5019,-20.88],[132.6578,-20.97],[132.8137,-20.88]]]},"properties":{"state":"nt","n":341,"kind":"geochem"}},{"type":"Feature","geometry":{"type":"Polygon","coordinates":[[[149.3374,-32.22],[149.3374,-32.04],[149.1815,-31.95],[149.0257,-32.04],[149.0257,-32.22],[149.1815,-32.31],[149.3374,-32.22]]]},"properties":{"state":"nsw","n":343,"kind":"geochem"}},{"type":"Feature","geometry":{"type":"Polygon","coordinates":[[[129.2283,-18.99],[129.2283,-18.81],[129.0724,-18.72],[128.9165,-18.81],[128.9165,-18.99],[129.0724,-19.08],[129.2283,-18.99]]]},"properties":{"state":"nt","n":344,"kind":"geochem"}},{"type":"Feature","geometry":{"type":"Polygon","coordinates":[[[138.5814,-30.33],[138.5814,-30.15],[138.4255,-30.06],[138.2696,-30.15],[138.2696,-30.33],[138.4255,-30.42],[138.5814,-30.33]]]},"properties":{"state":"sa","n":344,"kind":"geochem"}},{"type":"Feature","geometry":{"type":"Polygon","coordinates":[[[139.049,-33.3],[139.049,-33.12],[138.8932,-33.03],[138.7373,-33.12],[138.7373,-33.3],[138.8932,-33.39],[139.049,-33.3]]]},"properties":{"state":"sa","n":348,"kind":"geochem"}},{"type":"Feature","geometry":{"type":"Polygon","coordinates":[[[146.5315,-43.56],[146.5315,-43.38],[146.3756,-43.29],[146.2197,-43.38],[146.2197,-43.56],[146.3756,-43.65],[146.5315,-43.56]]]},"properties":{"state":"tas","n":348,"kind":"geochem"}},{"type":"Feature","geometry":{"type":"Polygon","coordinates":[[[137.0225,-19.53],[137.0225,-19.35],[136.8667,-19.26],[136.7108,-19.35],[136.7108,-19.53],[136.8667,-19.62],[137.0225,-19.53]]]},"properties":{"state":"nt","n":349,"kind":"geochem"}},{"type":"Feature","geometry":{"type":"Polygon","coordinates":[[[135.9313,-23.04],[135.9313,-22.86],[135.7755,-22.77],[135.6196,-22.86],[135.6196,-23.04],[135.7755,-23.13],[135.9313,-23.04]]]},"properties":{"state":"nt","n":351,"kind":"geochem"}},{"type":"Feature","geometry":{"type":"Polygon","coordinates":[[[137.0225,-30.33],[137.0225,-30.15],[136.8667,-30.06],[136.7108,-30.15],[136.7108,-30.33],[136.8667,-30.42],[137.0225,-30.33]]]},"properties":{"state":"sa","n":355,"kind":"geochem"}},{"type":"Feature","geometry":{"type":"Polygon","coordinates":[[[140.2961,-32.22],[140.2961,-32.04],[140.1402,-31.95],[139.9843,-32.04],[139.9843,-32.22],[140.1402,-32.31],[140.2961,-32.22]]]},"properties":{"state":"sa","n":356,"kind":"geochem"}},{"type":"Feature","geometry":{"type":"Polygon","coordinates":[[[147.155,-42.48],[147.155,-42.3],[146.9992,-42.21],[146.8433,-42.3],[146.8433,-42.48],[146.9992,-42.57],[147.155,-42.48]]]},"properties":{"state":"tas","n":358,"kind":"geochem"}},{"type":"Feature","geometry":{"type":"Polygon","coordinates":[[[150.2727,-33.3],[150.2727,-33.12],[150.1168,-33.03],[149.961,-33.12],[149.961,-33.3],[150.1168,-33.39],[150.2727,-33.3]]]},"properties":{"state":"nsw","n":359,"kind":"geochem"}},{"type":"Feature","geometry":{"type":"Polygon","coordinates":[[[129.8518,-21.69],[129.8518,-21.51],[129.696,-21.42],[129.5401,-21.51],[129.5401,-21.69],[129.696,-21.78],[129.8518,-21.69]]]},"properties":{"state":"nt","n":359,"kind":"geochem"}},{"type":"Feature","geometry":{"type":"Polygon","coordinates":[[[153.2345,-30.33],[153.2345,-30.15],[153.0787,-30.06],[152.9228,-30.15],[152.9228,-30.33],[153.0787,-30.42],[153.2345,-30.33]]]},"properties":{"state":"nsw","n":361,"kind":"geochem"}},{"type":"Feature","geometry":{"type":"Polygon","coordinates":[[[133.749,-30.6],[133.749,-30.42],[133.5931,-30.33],[133.4372,-30.42],[133.4372,-30.6],[133.5931,-30.69],[133.749,-30.6]]]},"properties":{"state":"sa","n":363,"kind":"geochem"}},{"type":"Feature","geometry":{"type":"Polygon","coordinates":[[[139.3608,-33.3],[139.3608,-33.12],[139.2049,-33.03],[139.049,-33.12],[139.049,-33.3],[139.2049,-33.39],[139.3608,-33.3]]]},"properties":{"state":"sa","n":365,"kind":"geochem"}},{"type":"Feature","geometry":{"type":"Polygon","coordinates":[[[137.4902,-36.0],[137.4902,-35.82],[137.3343,-35.73],[137.1784,-35.82],[137.1784,-36.0],[137.3343,-36.09],[137.4902,-36.0]]]},"properties":{"state":"sa","n":367,"kind":"geochem"}},{"type":"Feature","geometry":{"type":"Polygon","coordinates":[[[150.4286,-30.33],[150.4286,-30.15],[150.2727,-30.06],[150.1168,-30.15],[150.1168,-30.33],[150.2727,-30.42],[150.4286,-30.33]]]},"properties":{"state":"nsw","n":368,"kind":"geochem"}},{"type":"Feature","geometry":{"type":"Polygon","coordinates":[[[145.908,-30.06],[145.908,-29.88],[145.7521,-29.79],[145.5962,-29.88],[145.5962,-30.06],[145.7521,-30.15],[145.908,-30.06]]]},"properties":{"state":"nsw","n":368,"kind":"geochem"}},{"type":"Feature","geometry":{"type":"Polygon","coordinates":[[[137.802,-16.56],[137.802,-16.38],[137.6461,-16.29],[137.4902,-16.38],[137.4902,-16.56],[137.6461,-16.65],[137.802,-16.56]]]},"properties":{"state":"nt","n":368,"kind":"geochem"}},{"type":"Feature","geometry":{"type":"Polygon","coordinates":[[[140.1402,-33.57],[140.1402,-33.39],[139.9843,-33.3],[139.8285,-33.39],[139.8285,-33.57],[139.9843,-33.66],[140.1402,-33.57]]]},"properties":{"state":"sa","n":369,"kind":"geochem"}},{"type":"Feature","geometry":{"type":"Polygon","coordinates":[[[131.0989,-16.83],[131.0989,-16.65],[130.943,-16.56],[130.7872,-16.65],[130.7872,-16.83],[130.943,-16.92],[131.0989,-16.83]]]},"properties":{"state":"nt","n":371,"kind":"geochem"}},{"type":"Feature","geometry":{"type":"Polygon","coordinates":[[[143.8815,-36.27],[143.8815,-36.09],[143.7256,-36.0],[143.5697,-36.09],[143.5697,-36.27],[143.7256,-36.36],[143.8815,-36.27]]]},"properties":{"state":"vic","n":372,"kind":"geochem"}},{"type":"Feature","geometry":{"type":"Polygon","coordinates":[[[151.6757,-29.79],[151.6757,-29.61],[151.5198,-29.52],[151.3639,-29.61],[151.3639,-29.79],[151.5198,-29.88],[151.6757,-29.79]]]},"properties":{"state":"nsw","n":374,"kind":"geochem"}},{"type":"Feature","geometry":{"type":"Polygon","coordinates":[[[146.6874,-30.33],[146.6874,-30.15],[146.5315,-30.06],[146.3756,-30.15],[146.3756,-30.33],[146.5315,-30.42],[146.6874,-30.33]]]},"properties":{"state":"nsw","n":375,"kind":"geochem"}},{"type":"Feature","geometry":{"type":"Polygon","coordinates":[[[137.3343,-18.45],[137.3343,-18.27],[137.1784,-18.18],[137.0225,-18.27],[137.0225,-18.45],[137.1784,-18.54],[137.3343,-18.45]]]},"properties":{"state":"nt","n":375,"kind":"geochem"}},{"type":"Feature","geometry":{"type":"Polygon","coordinates":[[[133.4372,-31.68],[133.4372,-31.5],[133.2813,-31.41],[133.1254,-31.5],[133.1254,-31.68],[133.2813,-31.77],[133.4372,-31.68]]]},"properties":{"state":"sa","n":376,"kind":"geochem"}},{"type":"Feature","geometry":{"type":"Polygon","coordinates":[[[129.8518,-17.37],[129.8518,-17.19],[129.696,-17.1],[129.5401,-17.19],[129.5401,-17.37],[129.696,-17.46],[129.8518,-17.37]]]},"properties":{"state":"nt","n":377,"kind":"geochem"}},{"type":"Feature","geometry":{"type":"Polygon","coordinates":[[[132.8137,-30.6],[132.8137,-30.42],[132.6578,-30.33],[132.5019,-30.42],[132.5019,-30.6],[132.6578,-30.69],[132.8137,-30.6]]]},"properties":{"state":"sa","n":378,"kind":"geochem"}},{"type":"Feature","geometry":{"type":"Polygon","coordinates":[[[137.0225,-33.03],[137.0225,-32.85],[136.8667,-32.76],[136.7108,-32.85],[136.7108,-33.03],[136.8667,-33.12],[137.0225,-33.03]]]},"properties":{"state":"sa","n":378,"kind":"geochem"}},{"type":"Feature","geometry":{"type":"Polygon","coordinates":[[[136.7108,-12.51],[136.7108,-12.33],[136.5549,-12.24],[136.399,-12.33],[136.399,-12.51],[136.5549,-12.6],[136.7108,-12.51]]]},"properties":{"state":"nt","n":381,"kind":"geochem"}},{"type":"Feature","geometry":{"type":"Polygon","coordinates":[[[146.0638,-43.29],[146.0638,-43.11],[145.908,-43.02],[145.7521,-43.11],[145.7521,-43.29],[145.908,-43.38],[146.0638,-43.29]]]},"properties":{"state":"tas","n":381,"kind":"geochem"}},{"type":"Feature","geometry":{"type":"Polygon","coordinates":[[[136.2431,-34.38],[136.2431,-34.2],[136.0872,-34.11],[135.9313,-34.2],[135.9313,-34.38],[136.0872,-34.47],[136.2431,-34.38]]]},"properties":{"state":"sa","n":382,"kind":"geochem"}},{"type":"Feature","geometry":{"type":"Polygon","coordinates":[[[147.155,-33.84],[147.155,-33.66],[146.9992,-33.57],[146.8433,-33.66],[146.8433,-33.84],[146.9992,-33.93],[147.155,-33.84]]]},"properties":{"state":"nsw","n":385,"kind":"geochem"}},{"type":"Feature","geometry":{"type":"Polygon","coordinates":[[[142.1667,-29.52],[142.1667,-29.34],[142.0108,-29.25],[141.855,-29.34],[141.855,-29.52],[142.0108,-29.61],[142.1667,-29.52]]]},"properties":{"state":"nsw","n":386,"kind":"geochem"}},{"type":"Feature","geometry":{"type":"Polygon","coordinates":[[[135.4637,-22.77],[135.4637,-22.59],[135.3078,-22.5],[135.1519,-22.59],[135.1519,-22.77],[135.3078,-22.86],[135.4637,-22.77]]]},"properties":{"state":"nt","n":386,"kind":"geochem"}},{"type":"Feature","geometry":{"type":"Polygon","coordinates":[[[132.1901,-21.42],[132.1901,-21.24],[132.0342,-21.15],[131.8783,-21.24],[131.8783,-21.42],[132.0342,-21.51],[132.1901,-21.42]]]},"properties":{"state":"nt","n":388,"kind":"geochem"}},{"type":"Feature","geometry":{"type":"Polygon","coordinates":[[[150.4286,-30.87],[150.4286,-30.69],[150.2727,-30.6],[150.1168,-30.69],[150.1168,-30.87],[150.2727,-30.96],[150.4286,-30.87]]]},"properties":{"state":"nsw","n":390,"kind":"geochem"}},{"type":"Feature","geometry":{"type":"Polygon","coordinates":[[[129.5401,-23.31],[129.5401,-23.13],[129.3842,-23.04],[129.2283,-23.13],[129.2283,-23.31],[129.3842,-23.4],[129.5401,-23.31]]]},"properties":{"state":"nt","n":390,"kind":"geochem"}},{"type":"Feature","geometry":{"type":"Polygon","coordinates":[[[130.4754,-18.99],[130.4754,-18.81],[130.3195,-18.72],[130.1636,-18.81],[130.1636,-18.99],[130.3195,-19.08],[130.4754,-18.99]]]},"properties":{"state":"nt","n":390,"kind":"geochem"}},{"type":"Feature","geometry":{"type":"Polygon","coordinates":[[[144.0373,-36.0],[144.0373,-35.82],[143.8815,-35.73],[143.7256,-35.82],[143.7256,-36.0],[143.8815,-36.09],[144.0373,-36.0]]]},"properties":{"state":"vic","n":391,"kind":"geochem"}},{"type":"Feature","geometry":{"type":"Polygon","coordinates":[[[151.8316,-31.68],[151.8316,-31.5],[151.6757,-31.41],[151.5198,-31.5],[151.5198,-31.68],[151.6757,-31.77],[151.8316,-31.68]]]},"properties":{"state":"nsw","n":393,"kind":"geochem"}},{"type":"Feature","geometry":{"type":"Polygon","coordinates":[[[130.0077,-20.88],[130.0077,-20.7],[129.8518,-20.61],[129.696,-20.7],[129.696,-20.88],[129.8518,-20.97],[130.0077,-20.88]]]},"properties":{"state":"nt","n":395,"kind":"geochem"}},{"type":"Feature","geometry":{"type":"Polygon","coordinates":[[[144.8168,-40.59],[144.8168,-40.41],[144.6609,-40.32],[144.505,-40.41],[144.505,-40.59],[144.6609,-40.68],[144.8168,-40.59]]]},"properties":{"state":"tas","n":399,"kind":"geochem"}},{"type":"Feature","geometry":{"type":"Polygon","coordinates":[[[134.8402,-22.77],[134.8402,-22.59],[134.6843,-22.5],[134.5284,-22.59],[134.5284,-22.77],[134.6843,-22.86],[134.8402,-22.77]]]},"properties":{"state":"nt","n":400,"kind":"geochem"}},{"type":"Feature","geometry":{"type":"Polygon","coordinates":[[[133.4372,-23.58],[133.4372,-23.4],[133.2813,-23.31],[133.1254,-23.4],[133.1254,-23.58],[133.2813,-23.67],[133.4372,-23.58]]]},"properties":{"state":"nt","n":401,"kind":"geochem"}},{"type":"Feature","geometry":{"type":"Polygon","coordinates":[[[132.8137,-31.14],[132.8137,-30.96],[132.6578,-30.87],[132.5019,-30.96],[132.5019,-31.14],[132.6578,-31.23],[132.8137,-31.14]]]},"properties":{"state":"sa","n":403,"kind":"geochem"}},{"type":"Feature","geometry":{"type":"Polygon","coordinates":[[[130.7872,-20.07],[130.7872,-19.89],[130.6313,-19.8],[130.4754,-19.89],[130.4754,-20.07],[130.6313,-20.16],[130.7872,-20.07]]]},"properties":{"state":"nt","n":404,"kind":"geochem"}},{"type":"Feature","geometry":{"type":"Polygon","coordinates":[[[152.1433,-32.22],[152.1433,-32.04],[151.9875,-31.95],[151.8316,-32.04],[151.8316,-32.22],[151.9875,-32.31],[152.1433,-32.22]]]},"properties":{"state":"nsw","n":405,"kind":"geochem"}},{"type":"Feature","geometry":{"type":"Polygon","coordinates":[[[141.5432,-37.62],[141.5432,-37.44],[141.3873,-37.35],[141.2314,-37.44],[141.2314,-37.62],[141.3873,-37.71],[141.5432,-37.62]]]},"properties":{"state":"vic","n":406,"kind":"geochem"}},{"type":"Feature","geometry":{"type":"Polygon","coordinates":[[[150.5845,-30.6],[150.5845,-30.42],[150.4286,-30.33],[150.2727,-30.42],[150.2727,-30.6],[150.4286,-30.69],[150.5845,-30.6]]]},"properties":{"state":"nsw","n":408,"kind":"geochem"}},{"type":"Feature","geometry":{"type":"Polygon","coordinates":[[[148.4021,-32.22],[148.4021,-32.04],[148.2462,-31.95],[148.0903,-32.04],[148.0903,-32.22],[148.2462,-32.31],[148.4021,-32.22]]]},"properties":{"state":"nsw","n":409,"kind":"geochem"}},{"type":"Feature","geometry":{"type":"Polygon","coordinates":[[[134.996,-24.12],[134.996,-23.94],[134.8402,-23.85],[134.6843,-23.94],[134.6843,-24.12],[134.8402,-24.21],[134.996,-24.12]]]},"properties":{"state":"nt","n":413,"kind":"geochem"}},{"type":"Feature","geometry":{"type":"Polygon","coordinates":[[[131.7225,-15.21],[131.7225,-15.03],[131.5666,-14.94],[131.4107,-15.03],[131.4107,-15.21],[131.5666,-15.3],[131.7225,-15.21]]]},"properties":{"state":"nt","n":413,"kind":"geochem"}},{"type":"Feature","geometry":{"type":"Polygon","coordinates":[[[134.5284,-29.25],[134.5284,-29.07],[134.3725,-28.98],[134.2166,-29.07],[134.2166,-29.25],[134.3725,-29.34],[134.5284,-29.25]]]},"properties":{"state":"sa","n":413,"kind":"geochem"}},{"type":"Feature","geometry":{"type":"Polygon","coordinates":[[[146.9992,-36.81],[146.9992,-36.63],[146.8433,-36.54],[146.6874,-36.63],[146.6874,-36.81],[146.8433,-36.9],[146.9992,-36.81]]]},"properties":{"state":"vic","n":416,"kind":"geochem"}},{"type":"Feature","geometry":{"type":"Polygon","coordinates":[[[131.0989,-26.55],[131.0989,-26.37],[130.943,-26.28],[130.7872,-26.37],[130.7872,-26.55],[130.943,-26.64],[131.0989,-26.55]]]},"properties":{"state":"sa","n":417,"kind":"geochem"}},{"type":"Feature","geometry":{"type":"Polygon","coordinates":[[[136.5549,-20.34],[136.5549,-20.16],[136.399,-20.07],[136.2431,-20.16],[136.2431,-20.34],[136.399,-20.43],[136.5549,-20.34]]]},"properties":{"state":"nt","n":418,"kind":"geochem"}},{"type":"Feature","geometry":{"type":"Polygon","coordinates":[[[136.0872,-29.79],[136.0872,-29.61],[135.9313,-29.52],[135.7755,-29.61],[135.7755,-29.79],[135.9313,-29.88],[136.0872,-29.79]]]},"properties":{"state":"sa","n":419,"kind":"geochem"}},{"type":"Feature","geometry":{"type":"Polygon","coordinates":[[[135.4637,-16.83],[135.4637,-16.65],[135.3078,-16.56],[135.1519,-16.65],[135.1519,-16.83],[135.3078,-16.92],[135.4637,-16.83]]]},"properties":{"state":"nt","n":421,"kind":"geochem"}},{"type":"Feature","geometry":{"type":"Polygon","coordinates":[[[135.4637,-29.25],[135.4637,-29.07],[135.3078,-28.98],[135.1519,-29.07],[135.1519,-29.25],[135.3078,-29.34],[135.4637,-29.25]]]},"properties":{"state":"sa","n":421,"kind":"geochem"}},{"type":"Feature","geometry":{"type":"Polygon","coordinates":[[[146.6874,-36.81],[146.6874,-36.63],[146.5315,-36.54],[146.3756,-36.63],[146.3756,-36.81],[146.5315,-36.9],[146.6874,-36.81]]]},"properties":{"state":"vic","n":425,"kind":"geochem"}},{"type":"Feature","geometry":{"type":"Polygon","coordinates":[[[129.696,-21.42],[129.696,-21.24],[129.5401,-21.15],[129.3842,-21.24],[129.3842,-21.42],[129.5401,-21.51],[129.696,-21.42]]]},"properties":{"state":"nt","n":426,"kind":"geochem"}},{"type":"Feature","geometry":{"type":"Polygon","coordinates":[[[134.8402,-32.49],[134.8402,-32.31],[134.6843,-32.22],[134.5284,-32.31],[134.5284,-32.49],[134.6843,-32.58],[134.8402,-32.49]]]},"properties":{"state":"sa","n":427,"kind":"geochem"}},{"type":"Feature","geometry":{"type":"Polygon","coordinates":[[[146.8433,-36.54],[146.8433,-36.36],[146.6874,-36.27],[146.5315,-36.36],[146.5315,-36.54],[146.6874,-36.63],[146.8433,-36.54]]]},"properties":{"state":"vic","n":428,"kind":"geochem"}},{"type":"Feature","geometry":{"type":"Polygon","coordinates":[[[135.9313,-15.48],[135.9313,-15.3],[135.7755,-15.21],[135.6196,-15.3],[135.6196,-15.48],[135.7755,-15.57],[135.9313,-15.48]]]},"properties":{"state":"nt","n":429,"kind":"geochem"}},{"type":"Feature","geometry":{"type":"Polygon","coordinates":[[[130.7872,-16.29],[130.7872,-16.11],[130.6313,-16.02],[130.4754,-16.11],[130.4754,-16.29],[130.6313,-16.38],[130.7872,-16.29]]]},"properties":{"state":"nt","n":430,"kind":"geochem"}},{"type":"Feature","geometry":{"type":"Polygon","coordinates":[[[147.4668,-35.46],[147.4668,-35.28],[147.3109,-35.19],[147.155,-35.28],[147.155,-35.46],[147.3109,-35.55],[147.4668,-35.46]]]},"properties":{"state":"nsw","n":431,"kind":"geochem"}},{"type":"Feature","geometry":{"type":"Polygon","coordinates":[[[134.5284,-24.39],[134.5284,-24.21],[134.3725,-24.12],[134.2166,-24.21],[134.2166,-24.39],[134.3725,-24.48],[134.5284,-24.39]]]},"properties":{"state":"nt","n":431,"kind":"geochem"}},{"type":"Feature","geometry":{"type":"Polygon","coordinates":[[[132.6578,-30.33],[132.6578,-30.15],[132.5019,-30.06],[132.346,-30.15],[132.346,-30.33],[132.5019,-30.42],[132.6578,-30.33]]]},"properties":{"state":"sa","n":432,"kind":"geochem"}},{"type":"Feature","geometry":{"type":"Polygon","coordinates":[[[147.6227,-42.21],[147.6227,-42.03],[147.4668,-41.94],[147.3109,-42.03],[147.3109,-42.21],[147.4668,-42.3],[147.6227,-42.21]]]},"properties":{"state":"tas","n":432,"kind":"geochem"}},{"type":"Feature","geometry":{"type":"Polygon","coordinates":[[[150.5845,-34.92],[150.5845,-34.74],[150.4286,-34.65],[150.2727,-34.74],[150.2727,-34.92],[150.4286,-35.01],[150.5845,-34.92]]]},"properties":{"state":"nsw","n":433,"kind":"geochem"}},{"type":"Feature","geometry":{"type":"Polygon","coordinates":[[[135.3078,-33.3],[135.3078,-33.12],[135.1519,-33.03],[134.996,-33.12],[134.996,-33.3],[135.1519,-33.39],[135.3078,-33.3]]]},"properties":{"state":"sa","n":433,"kind":"geochem"}},{"type":"Feature","geometry":{"type":"Polygon","coordinates":[[[146.0638,-42.75],[146.0638,-42.57],[145.908,-42.48],[145.7521,-42.57],[145.7521,-42.75],[145.908,-42.84],[146.0638,-42.75]]]},"properties":{"state":"tas","n":437,"kind":"geochem"}},{"type":"Feature","geometry":{"type":"Polygon","coordinates":[[[139.3608,-34.38],[139.3608,-34.2],[139.2049,-34.11],[139.049,-34.2],[139.049,-34.38],[139.2049,-34.47],[139.3608,-34.38]]]},"properties":{"state":"sa","n":440,"kind":"geochem"}},{"type":"Feature","geometry":{"type":"Polygon","coordinates":[[[139.6726,-34.38],[139.6726,-34.2],[139.5167,-34.11],[139.3608,-34.2],[139.3608,-34.38],[139.5167,-34.47],[139.6726,-34.38]]]},"properties":{"state":"sa","n":440,"kind":"geochem"}},{"type":"Feature","geometry":{"type":"Polygon","coordinates":[[[145.908,-42.48],[145.908,-42.3],[145.7521,-42.21],[145.5962,-42.3],[145.5962,-42.48],[145.7521,-42.57],[145.908,-42.48]]]},"properties":{"state":"tas","n":440,"kind":"geochem"}},{"type":"Feature","geometry":{"type":"Polygon","coordinates":[[[129.3842,-17.1],[129.3842,-16.92],[129.2283,-16.83],[129.0724,-16.92],[129.0724,-17.1],[129.2283,-17.19],[129.3842,-17.1]]]},"properties":{"state":"nt","n":441,"kind":"geochem"}},{"type":"Feature","geometry":{"type":"Polygon","coordinates":[[[142.1667,-30.6],[142.1667,-30.42],[142.0108,-30.33],[141.855,-30.42],[141.855,-30.6],[142.0108,-30.69],[142.1667,-30.6]]]},"properties":{"state":"nsw","n":442,"kind":"geochem"}},{"type":"Feature","geometry":{"type":"Polygon","coordinates":[[[134.3725,-14.94],[134.3725,-14.76],[134.2166,-14.67],[134.0607,-14.76],[134.0607,-14.94],[134.2166,-15.03],[134.3725,-14.94]]]},"properties":{"state":"nt","n":445,"kind":"geochem"}},{"type":"Feature","geometry":{"type":"Polygon","coordinates":[[[152.9228,-29.25],[152.9228,-29.07],[152.7669,-28.98],[152.611,-29.07],[152.611,-29.25],[152.7669,-29.34],[152.9228,-29.25]]]},"properties":{"state":"nsw","n":447,"kind":"geochem"}},{"type":"Feature","geometry":{"type":"Polygon","coordinates":[[[143.8815,-37.89],[143.8815,-37.71],[143.7256,-37.62],[143.5697,-37.71],[143.5697,-37.89],[143.7256,-37.98],[143.8815,-37.89]]]},"properties":{"state":"vic","n":447,"kind":"geochem"}},{"type":"Feature","geometry":{"type":"Polygon","coordinates":[[[145.4403,-36.81],[145.4403,-36.63],[145.2844,-36.54],[145.1285,-36.63],[145.1285,-36.81],[145.2844,-36.9],[145.4403,-36.81]]]},"properties":{"state":"vic","n":448,"kind":"geochem"}},{"type":"Feature","geometry":{"type":"Polygon","coordinates":[[[134.8402,-15.21],[134.8402,-15.03],[134.6843,-14.94],[134.5284,-15.03],[134.5284,-15.21],[134.6843,-15.3],[134.8402,-15.21]]]},"properties":{"state":"nt","n":452,"kind":"geochem"}},{"type":"Feature","geometry":{"type":"Polygon","coordinates":[[[129.2283,-17.37],[129.2283,-17.19],[129.0724,-17.1],[128.9165,-17.19],[128.9165,-17.37],[129.0724,-17.46],[129.2283,-17.37]]]},"properties":{"state":"nt","n":455,"kind":"geochem"}},{"type":"Feature","geometry":{"type":"Polygon","coordinates":[[[140.2961,-33.3],[140.2961,-33.12],[140.1402,-33.03],[139.9843,-33.12],[139.9843,-33.3],[140.1402,-33.39],[140.2961,-33.3]]]},"properties":{"state":"sa","n":456,"kind":"geochem"}},{"type":"Feature","geometry":{"type":"Polygon","coordinates":[[[147.7786,-40.86],[147.7786,-40.68],[147.6227,-40.59],[147.4668,-40.68],[147.4668,-40.86],[147.6227,-40.95],[147.7786,-40.86]]]},"properties":{"state":"tas","n":456,"kind":"geochem"}},{"type":"Feature","geometry":{"type":"Polygon","coordinates":[[[133.5931,-15.21],[133.5931,-15.03],[133.4372,-14.94],[133.2813,-15.03],[133.2813,-15.21],[133.4372,-15.3],[133.5931,-15.21]]]},"properties":{"state":"nt","n":460,"kind":"geochem"}},{"type":"Feature","geometry":{"type":"Polygon","coordinates":[[[133.2813,-30.87],[133.2813,-30.69],[133.1254,-30.6],[132.9695,-30.69],[132.9695,-30.87],[133.1254,-30.96],[133.2813,-30.87]]]},"properties":{"state":"sa","n":460,"kind":"geochem"}},{"type":"Feature","geometry":{"type":"Polygon","coordinates":[[[135.7755,-32.49],[135.7755,-32.31],[135.6196,-32.22],[135.4637,-32.31],[135.4637,-32.49],[135.6196,-32.58],[135.7755,-32.49]]]},"properties":{"state":"sa","n":461,"kind":"geochem"}},{"type":"Feature","geometry":{"type":"Polygon","coordinates":[[[142.4785,-31.14],[142.4785,-30.96],[142.3226,-30.87],[142.1667,-30.96],[142.1667,-31.14],[142.3226,-31.23],[142.4785,-31.14]]]},"properties":{"state":"nsw","n":462,"kind":"geochem"}},{"type":"Feature","geometry":{"type":"Polygon","coordinates":[[[146.9992,-35.73],[146.9992,-35.55],[146.8433,-35.46],[146.6874,-35.55],[146.6874,-35.73],[146.8433,-35.82],[146.9992,-35.73]]]},"properties":{"state":"nsw","n":463,"kind":"geochem"}},{"type":"Feature","geometry":{"type":"Polygon","coordinates":[[[133.1254,-22.5],[133.1254,-22.32],[132.9695,-22.23],[132.8137,-22.32],[132.8137,-22.5],[132.9695,-22.59],[133.1254,-22.5]]]},"properties":{"state":"nt","n":463,"kind":"geochem"}},{"type":"Feature","geometry":{"type":"Polygon","coordinates":[[[130.3195,-17.64],[130.3195,-17.46],[130.1636,-17.37],[130.0077,-17.46],[130.0077,-17.64],[130.1636,-17.73],[130.3195,-17.64]]]},"properties":{"state":"nt","n":466,"kind":"geochem"}},{"type":"Feature","geometry":{"type":"Polygon","coordinates":[[[147.155,-41.94],[147.155,-41.76],[146.9992,-41.67],[146.8433,-41.76],[146.8433,-41.94],[146.9992,-42.03],[147.155,-41.94]]]},"properties":{"state":"tas","n":466,"kind":"geochem"}},{"type":"Feature","geometry":{"type":"Polygon","coordinates":[[[143.5697,-37.89],[143.5697,-37.71],[143.4138,-37.62],[143.2579,-37.71],[143.2579,-37.89],[143.4138,-37.98],[143.5697,-37.89]]]},"properties":{"state":"vic","n":477,"kind":"geochem"}},{"type":"Feature","geometry":{"type":"Polygon","coordinates":[[[133.5931,-22.77],[133.5931,-22.59],[133.4372,-22.5],[133.2813,-22.59],[133.2813,-22.77],[133.4372,-22.86],[133.5931,-22.77]]]},"properties":{"state":"nt","n":478,"kind":"geochem"}},{"type":"Feature","geometry":{"type":"Polygon","coordinates":[[[133.1254,-12.78],[133.1254,-12.6],[132.9695,-12.51],[132.8137,-12.6],[132.8137,-12.78],[132.9695,-12.87],[133.1254,-12.78]]]},"properties":{"state":"nt","n":478,"kind":"geochem"}},{"type":"Feature","geometry":{"type":"Polygon","coordinates":[[[134.0607,-24.66],[134.0607,-24.48],[133.9048,-24.39],[133.749,-24.48],[133.749,-24.66],[133.9048,-24.75],[134.0607,-24.66]]]},"properties":{"state":"nt","n":481,"kind":"geochem"}},{"type":"Feature","geometry":{"type":"Polygon","coordinates":[[[151.9875,-32.49],[151.9875,-32.31],[151.8316,-32.22],[151.6757,-32.31],[151.6757,-32.49],[151.8316,-32.58],[151.9875,-32.49]]]},"properties":{"state":"nsw","n":482,"kind":"geochem"}},{"type":"Feature","geometry":{"type":"Polygon","coordinates":[[[141.5432,-31.14],[141.5432,-30.96],[141.3873,-30.87],[141.2314,-30.96],[141.2314,-31.14],[141.3873,-31.23],[141.5432,-31.14]]]},"properties":{"state":"nsw","n":484,"kind":"geochem"}},{"type":"Feature","geometry":{"type":"Polygon","coordinates":[[[130.1636,-17.91],[130.1636,-17.73],[130.0077,-17.64],[129.8518,-17.73],[129.8518,-17.91],[130.0077,-18.0],[130.1636,-17.91]]]},"properties":{"state":"nt","n":484,"kind":"geochem"}},{"type":"Feature","geometry":{"type":"Polygon","coordinates":[[[132.9695,-21.15],[132.9695,-20.97],[132.8137,-20.88],[132.6578,-20.97],[132.6578,-21.15],[132.8137,-21.24],[132.9695,-21.15]]]},"properties":{"state":"nt","n":486,"kind":"geochem"}},{"type":"Feature","geometry":{"type":"Polygon","coordinates":[[[146.8433,-35.46],[146.8433,-35.28],[146.6874,-35.19],[146.5315,-35.28],[146.5315,-35.46],[146.6874,-35.55],[146.8433,-35.46]]]},"properties":{"state":"nsw","n":488,"kind":"geochem"}},{"type":"Feature","geometry":{"type":"Polygon","coordinates":[[[148.7139,-35.46],[148.7139,-35.28],[148.558,-35.19],[148.4021,-35.28],[148.4021,-35.46],[148.558,-35.55],[148.7139,-35.46]]]},"properties":{"state":"nsw","n":489,"kind":"geochem"}},{"type":"Feature","geometry":{"type":"Polygon","coordinates":[[[134.2166,-30.87],[134.2166,-30.69],[134.0607,-30.6],[133.9048,-30.69],[133.9048,-30.87],[134.0607,-30.96],[134.2166,-30.87]]]},"properties":{"state":"sa","n":490,"kind":"geochem"}},{"type":"Feature","geometry":{"type":"Polygon","coordinates":[[[153.0787,-30.06],[153.0787,-29.88],[152.9228,-29.79],[152.7669,-29.88],[152.7669,-30.06],[152.9228,-30.15],[153.0787,-30.06]]]},"properties":{"state":"nsw","n":491,"kind":"geochem"}},{"type":"Feature","geometry":{"type":"Polygon","coordinates":[[[130.6313,-17.1],[130.6313,-16.92],[130.4754,-16.83],[130.3195,-16.92],[130.3195,-17.1],[130.4754,-17.19],[130.6313,-17.1]]]},"properties":{"state":"nt","n":493,"kind":"geochem"}},{"type":"Feature","geometry":{"type":"Polygon","coordinates":[[[133.4372,-21.96],[133.4372,-21.78],[133.2813,-21.69],[133.1254,-21.78],[133.1254,-21.96],[133.2813,-22.05],[133.4372,-21.96]]]},"properties":{"state":"nt","n":494,"kind":"geochem"}},{"type":"Feature","geometry":{"type":"Polygon","coordinates":[[[137.0225,-17.91],[137.0225,-17.73],[136.8667,-17.64],[136.7108,-17.73],[136.7108,-17.91],[136.8667,-18.0],[137.0225,-17.91]]]},"properties":{"state":"nt","n":496,"kind":"geochem"}},{"type":"Feature","geometry":{"type":"Polygon","coordinates":[[[129.3842,-17.64],[129.3842,-17.46],[129.2283,-17.37],[129.0724,-17.46],[129.0724,-17.64],[129.2283,-17.73],[129.3842,-17.64]]]},"properties":{"state":"nt","n":496,"kind":"geochem"}},{"type":"Feature","geometry":{"type":"Polygon","coordinates":[[[141.6991,-30.87],[141.6991,-30.69],[141.5432,-30.6],[141.3873,-30.69],[141.3873,-30.87],[141.5432,-30.96],[141.6991,-30.87]]]},"properties":{"state":"nsw","n":497,"kind":"geochem"}},{"type":"Feature","geometry":{"type":"Polygon","coordinates":[[[137.802,-17.1],[137.802,-16.92],[137.6461,-16.83],[137.4902,-16.92],[137.4902,-17.1],[137.6461,-17.19],[137.802,-17.1]]]},"properties":{"state":"nt","n":500,"kind":"geochem"}},{"type":"Feature","geometry":{"type":"Polygon","coordinates":[[[137.6461,-34.65],[137.6461,-34.47],[137.4902,-34.38],[137.3343,-34.47],[137.3343,-34.65],[137.4902,-34.74],[137.6461,-34.65]]]},"properties":{"state":"sa","n":501,"kind":"geochem"}},{"type":"Feature","geometry":{"type":"Polygon","coordinates":[[[150.4286,-28.71],[150.4286,-28.53],[150.2727,-28.44],[150.1168,-28.53],[150.1168,-28.71],[150.2727,-28.8],[150.4286,-28.71]]]},"properties":{"state":"nsw","n":503,"kind":"geochem"}},{"type":"Feature","geometry":{"type":"Polygon","coordinates":[[[142.0108,-31.41],[142.0108,-31.23],[141.855,-31.14],[141.6991,-31.23],[141.6991,-31.41],[141.855,-31.5],[142.0108,-31.41]]]},"properties":{"state":"nsw","n":504,"kind":"geochem"}},{"type":"Feature","geometry":{"type":"Polygon","coordinates":[[[133.749,-26.28],[133.749,-26.1],[133.5931,-26.01],[133.4372,-26.1],[133.4372,-26.28],[133.5931,-26.37],[133.749,-26.28]]]},"properties":{"state":"sa","n":505,"kind":"geochem"}},{"type":"Feature","geometry":{"type":"Polygon","coordinates":[[[133.2813,-21.15],[133.2813,-20.97],[133.1254,-20.88],[132.9695,-20.97],[132.9695,-21.15],[133.1254,-21.24],[133.2813,-21.15]]]},"properties":{"state":"nt","n":506,"kind":"geochem"}},{"type":"Feature","geometry":{"type":"Polygon","coordinates":[[[151.3639,-31.95],[151.3639,-31.77],[151.208,-31.68],[151.0522,-31.77],[151.0522,-31.95],[151.208,-32.04],[151.3639,-31.95]]]},"properties":{"state":"nsw","n":509,"kind":"geochem"}},{"type":"Feature","geometry":{"type":"Polygon","coordinates":[[[149.0257,-31.68],[149.0257,-31.5],[148.8698,-31.41],[148.7139,-31.5],[148.7139,-31.68],[148.8698,-31.77],[149.0257,-31.68]]]},"properties":{"state":"nsw","n":509,"kind":"geochem"}},{"type":"Feature","geometry":{"type":"Polygon","coordinates":[[[129.8518,-24.93],[129.8518,-24.75],[129.696,-24.66],[129.5401,-24.75],[129.5401,-24.93],[129.696,-25.02],[129.8518,-24.93]]]},"properties":{"state":"nt","n":510,"kind":"geochem"}},{"type":"Feature","geometry":{"type":"Polygon","coordinates":[[[135.1519,-20.61],[135.1519,-20.43],[134.996,-20.34],[134.8402,-20.43],[134.8402,-20.61],[134.996,-20.7],[135.1519,-20.61]]]},"properties":{"state":"nt","n":512,"kind":"geochem"}},{"type":"Feature","geometry":{"type":"Polygon","coordinates":[[[130.3195,-23.04],[130.3195,-22.86],[130.1636,-22.77],[130.0077,-22.86],[130.0077,-23.04],[130.1636,-23.13],[130.3195,-23.04]]]},"properties":{"state":"nt","n":512,"kind":"geochem"}},{"type":"Feature","geometry":{"type":"Polygon","coordinates":[[[135.6196,-23.04],[135.6196,-22.86],[135.4637,-22.77],[135.3078,-22.86],[135.3078,-23.04],[135.4637,-23.13],[135.6196,-23.04]]]},"properties":{"state":"nt","n":516,"kind":"geochem"}},{"type":"Feature","geometry":{"type":"Polygon","coordinates":[[[133.749,-18.72],[133.749,-18.54],[133.5931,-18.45],[133.4372,-18.54],[133.4372,-18.72],[133.5931,-18.81],[133.749,-18.72]]]},"properties":{"state":"nt","n":516,"kind":"geochem"}},{"type":"Feature","geometry":{"type":"Polygon","coordinates":[[[129.2283,-22.77],[129.2283,-22.59],[129.0724,-22.5],[128.9165,-22.59],[128.9165,-22.77],[129.0724,-22.86],[129.2283,-22.77]]]},"properties":{"state":"nt","n":517,"kind":"geochem"}},{"type":"Feature","geometry":{"type":"Polygon","coordinates":[[[137.3343,-31.41],[137.3343,-31.23],[137.1784,-31.14],[137.0225,-31.23],[137.0225,-31.41],[137.1784,-31.5],[137.3343,-31.41]]]},"properties":{"state":"sa","n":521,"kind":"geochem"}},{"type":"Feature","geometry":{"type":"Polygon","coordinates":[[[146.6874,-34.65],[146.6874,-34.47],[146.5315,-34.38],[146.3756,-34.47],[146.3756,-34.65],[146.5315,-34.74],[146.6874,-34.65]]]},"properties":{"state":"nsw","n":523,"kind":"geochem"}},{"type":"Feature","geometry":{"type":"Polygon","coordinates":[[[132.1901,-23.58],[132.1901,-23.4],[132.0342,-23.31],[131.8783,-23.4],[131.8783,-23.58],[132.0342,-23.67],[132.1901,-23.58]]]},"properties":{"state":"nt","n":523,"kind":"geochem"}},{"type":"Feature","geometry":{"type":"Polygon","coordinates":[[[149.4933,-34.65],[149.4933,-34.47],[149.3374,-34.38],[149.1815,-34.47],[149.1815,-34.65],[149.3374,-34.74],[149.4933,-34.65]]]},"properties":{"state":"nsw","n":525,"kind":"geochem"}},{"type":"Feature","geometry":{"type":"Polygon","coordinates":[[[144.505,-37.35],[144.505,-37.17],[144.3491,-37.08],[144.1932,-37.17],[144.1932,-37.35],[144.3491,-37.44],[144.505,-37.35]]]},"properties":{"state":"vic","n":527,"kind":"geochem"}},{"type":"Feature","geometry":{"type":"Polygon","coordinates":[[[130.943,-20.88],[130.943,-20.7],[130.7872,-20.61],[130.6313,-20.7],[130.6313,-20.88],[130.7872,-20.97],[130.943,-20.88]]]},"properties":{"state":"nt","n":528,"kind":"geochem"}},{"type":"Feature","geometry":{"type":"Polygon","coordinates":[[[136.5549,-23.04],[136.5549,-22.86],[136.399,-22.77],[136.2431,-22.86],[136.2431,-23.04],[136.399,-23.13],[136.5549,-23.04]]]},"properties":{"state":"nt","n":530,"kind":"geochem"}},{"type":"Feature","geometry":{"type":"Polygon","coordinates":[[[129.0724,-23.04],[129.0724,-22.86],[128.9165,-22.77],[128.7607,-22.86],[128.7607,-23.04],[128.9165,-23.13],[129.0724,-23.04]]]},"properties":{"state":"nt","n":531,"kind":"geochem"}},{"type":"Feature","geometry":{"type":"Polygon","coordinates":[[[149.6492,-37.08],[149.6492,-36.9],[149.4933,-36.81],[149.3374,-36.9],[149.3374,-37.08],[149.4933,-37.17],[149.6492,-37.08]]]},"properties":{"state":"nsw","n":533,"kind":"geochem"}},{"type":"Feature","geometry":{"type":"Polygon","coordinates":[[[131.7225,-21.15],[131.7225,-20.97],[131.5666,-20.88],[131.4107,-20.97],[131.4107,-21.15],[131.5666,-21.24],[131.7225,-21.15]]]},"properties":{"state":"nt","n":533,"kind":"geochem"}},{"type":"Feature","geometry":{"type":"Polygon","coordinates":[[[132.0342,-22.77],[132.0342,-22.59],[131.8783,-22.5],[131.7225,-22.59],[131.7225,-22.77],[131.8783,-22.86],[132.0342,-22.77]]]},"properties":{"state":"nt","n":534,"kind":"geochem"}},{"type":"Feature","geometry":{"type":"Polygon","coordinates":[[[146.2197,-33.3],[146.2197,-33.12],[146.0638,-33.03],[145.908,-33.12],[145.908,-33.3],[146.0638,-33.39],[146.2197,-33.3]]]},"properties":{"state":"nsw","n":535,"kind":"geochem"}},{"type":"Feature","geometry":{"type":"Polygon","coordinates":[[[129.2283,-23.31],[129.2283,-23.13],[129.0724,-23.04],[128.9165,-23.13],[128.9165,-23.31],[129.0724,-23.4],[129.2283,-23.31]]]},"properties":{"state":"nt","n":535,"kind":"geochem"}},{"type":"Feature","geometry":{"type":"Polygon","coordinates":[[[134.996,-20.88],[134.996,-20.7],[134.8402,-20.61],[134.6843,-20.7],[134.6843,-20.88],[134.8402,-20.97],[134.996,-20.88]]]},"properties":{"state":"nt","n":535,"kind":"geochem"}},{"type":"Feature","geometry":{"type":"Polygon","coordinates":[[[147.155,-36.0],[147.155,-35.82],[146.9992,-35.73],[146.8433,-35.82],[146.8433,-36.0],[146.9992,-36.09],[147.155,-36.0]]]},"properties":{"state":"nsw","n":536,"kind":"geochem"}},{"type":"Feature","geometry":{"type":"Polygon","coordinates":[[[146.3756,-36.81],[146.3756,-36.63],[146.2197,-36.54],[146.0638,-36.63],[146.0638,-36.81],[146.2197,-36.9],[146.3756,-36.81]]]},"properties":{"state":"vic","n":536,"kind":"geochem"}},{"type":"Feature","geometry":{"type":"Polygon","coordinates":[[[130.4754,-21.15],[130.4754,-20.97],[130.3195,-20.88],[130.1636,-20.97],[130.1636,-21.15],[130.3195,-21.24],[130.4754,-21.15]]]},"properties":{"state":"nt","n":536,"kind":"geochem"}},{"type":"Feature","geometry":{"type":"Polygon","coordinates":[[[151.9875,-31.41],[151.9875,-31.23],[151.8316,-31.14],[151.6757,-31.23],[151.6757,-31.41],[151.8316,-31.5],[151.9875,-31.41]]]},"properties":{"state":"nsw","n":537,"kind":"geochem"}},{"type":"Feature","geometry":{"type":"Polygon","coordinates":[[[152.4551,-31.14],[152.4551,-30.96],[152.2992,-30.87],[152.1433,-30.96],[152.1433,-31.14],[152.2992,-31.23],[152.4551,-31.14]]]},"properties":{"state":"nsw","n":537,"kind":"geochem"}},{"type":"Feature","geometry":{"type":"Polygon","coordinates":[[[137.4902,-30.6],[137.4902,-30.42],[137.3343,-30.33],[137.1784,-30.42],[137.1784,-30.6],[137.3343,-30.69],[137.4902,-30.6]]]},"properties":{"state":"sa","n":538,"kind":"geochem"}},{"type":"Feature","geometry":{"type":"Polygon","coordinates":[[[145.7521,-29.79],[145.7521,-29.61],[145.5962,-29.52],[145.4403,-29.61],[145.4403,-29.79],[145.5962,-29.88],[145.7521,-29.79]]]},"properties":{"state":"nsw","n":540,"kind":"geochem"}},{"type":"Feature","geometry":{"type":"Polygon","coordinates":[[[141.855,-31.14],[141.855,-30.96],[141.6991,-30.87],[141.5432,-30.96],[141.5432,-31.14],[141.6991,-31.23],[141.855,-31.14]]]},"properties":{"state":"nsw","n":541,"kind":"geochem"}},{"type":"Feature","geometry":{"type":"Polygon","coordinates":[[[141.0755,-31.95],[141.0755,-31.77],[140.9197,-31.68],[140.7638,-31.77],[140.7638,-31.95],[140.9197,-32.04],[141.0755,-31.95]]]},"properties":{"state":"sa","n":542,"kind":"geochem"}},{"type":"Feature","geometry":{"type":"Polygon","coordinates":[[[136.0872,-34.65],[136.0872,-34.47],[135.9313,-34.38],[135.7755,-34.47],[135.7755,-34.65],[135.9313,-34.74],[136.0872,-34.65]]]},"properties":{"state":"sa","n":542,"kind":"geochem"}},{"type":"Feature","geometry":{"type":"Polygon","coordinates":[[[143.102,-37.08],[143.102,-36.9],[142.9462,-36.81],[142.7903,-36.9],[142.7903,-37.08],[142.9462,-37.17],[143.102,-37.08]]]},"properties":{"state":"vic","n":546,"kind":"geochem"}},{"type":"Feature","geometry":{"type":"Polygon","coordinates":[[[151.9875,-31.95],[151.9875,-31.77],[151.8316,-31.68],[151.6757,-31.77],[151.6757,-31.95],[151.8316,-32.04],[151.9875,-31.95]]]},"properties":{"state":"nsw","n":548,"kind":"geochem"}},{"type":"Feature","geometry":{"type":"Polygon","coordinates":[[[149.1815,-37.35],[149.1815,-37.17],[149.0257,-37.08],[148.8698,-37.17],[148.8698,-37.35],[149.0257,-37.44],[149.1815,-37.35]]]},"properties":{"state":"nsw","n":549,"kind":"geochem"}},{"type":"Feature","geometry":{"type":"Polygon","coordinates":[[[150.1168,-35.73],[150.1168,-35.55],[149.961,-35.46],[149.8051,-35.55],[149.8051,-35.73],[149.961,-35.82],[150.1168,-35.73]]]},"properties":{"state":"nsw","n":549,"kind":"geochem"}},{"type":"Feature","geometry":{"type":"Polygon","coordinates":[[[133.9048,-15.21],[133.9048,-15.03],[133.749,-14.94],[133.5931,-15.03],[133.5931,-15.21],[133.749,-15.3],[133.9048,-15.21]]]},"properties":{"state":"nt","n":553,"kind":"geochem"}},{"type":"Feature","geometry":{"type":"Polygon","coordinates":[[[135.1519,-23.31],[135.1519,-23.13],[134.996,-23.04],[134.8402,-23.13],[134.8402,-23.31],[134.996,-23.4],[135.1519,-23.31]]]},"properties":{"state":"nt","n":555,"kind":"geochem"}},{"type":"Feature","geometry":{"type":"Polygon","coordinates":[[[144.3491,-37.62],[144.3491,-37.44],[144.1932,-37.35],[144.0373,-37.44],[144.0373,-37.62],[144.1932,-37.71],[144.3491,-37.62]]]},"properties":{"state":"vic","n":559,"kind":"geochem"}},{"type":"Feature","geometry":{"type":"Polygon","coordinates":[[[132.5019,-30.6],[132.5019,-30.42],[132.346,-30.33],[132.1901,-30.42],[132.1901,-30.6],[132.346,-30.69],[132.5019,-30.6]]]},"properties":{"state":"sa","n":559,"kind":"geochem"}},{"type":"Feature","geometry":{"type":"Polygon","coordinates":[[[144.3491,-39.78],[144.3491,-39.6],[144.1932,-39.51],[144.0373,-39.6],[144.0373,-39.78],[144.1932,-39.87],[144.3491,-39.78]]]},"properties":{"state":"tas","n":559,"kind":"geochem"}},{"type":"Feature","geometry":{"type":"Polygon","coordinates":[[[142.6344,-31.41],[142.6344,-31.23],[142.4785,-31.14],[142.3226,-31.23],[142.3226,-31.41],[142.4785,-31.5],[142.6344,-31.41]]]},"properties":{"state":"nsw","n":560,"kind":"geochem"}},{"type":"Feature","geometry":{"type":"Polygon","coordinates":[[[140.9197,-32.76],[140.9197,-32.58],[140.7638,-32.49],[140.6079,-32.58],[140.6079,-32.76],[140.7638,-32.85],[140.9197,-32.76]]]},"properties":{"state":"sa","n":562,"kind":"geochem"}},{"type":"Feature","geometry":{"type":"Polygon","coordinates":[[[137.6461,-29.79],[137.6461,-29.61],[137.4902,-29.52],[137.3343,-29.61],[137.3343,-29.79],[137.4902,-29.88],[137.6461,-29.79]]]},"properties":{"state":"sa","n":565,"kind":"geochem"}},{"type":"Feature","geometry":{"type":"Polygon","coordinates":[[[132.9695,-26.55],[132.9695,-26.37],[132.8137,-26.28],[132.6578,-26.37],[132.6578,-26.55],[132.8137,-26.64],[132.9695,-26.55]]]},"properties":{"state":"sa","n":565,"kind":"geochem"}},{"type":"Feature","geometry":{"type":"Polygon","coordinates":[[[142.9462,-31.41],[142.9462,-31.23],[142.7903,-31.14],[142.6344,-31.23],[142.6344,-31.41],[142.7903,-31.5],[142.9462,-31.41]]]},"properties":{"state":"nsw","n":567,"kind":"geochem"}},{"type":"Feature","geometry":{"type":"Polygon","coordinates":[[[134.6843,-30.6],[134.6843,-30.42],[134.5284,-30.33],[134.3725,-30.42],[134.3725,-30.6],[134.5284,-30.69],[134.6843,-30.6]]]},"properties":{"state":"sa","n":572,"kind":"geochem"}},{"type":"Feature","geometry":{"type":"Polygon","coordinates":[[[134.996,-30.6],[134.996,-30.42],[134.8402,-30.33],[134.6843,-30.42],[134.6843,-30.6],[134.8402,-30.69],[134.996,-30.6]]]},"properties":{"state":"sa","n":575,"kind":"geochem"}},{"type":"Feature","geometry":{"type":"Polygon","coordinates":[[[147.6227,-42.75],[147.6227,-42.57],[147.4668,-42.48],[147.3109,-42.57],[147.3109,-42.75],[147.4668,-42.84],[147.6227,-42.75]]]},"properties":{"state":"tas","n":575,"kind":"geochem"}},{"type":"Feature","geometry":{"type":"Polygon","coordinates":[[[133.749,-21.96],[133.749,-21.78],[133.5931,-21.69],[133.4372,-21.78],[133.4372,-21.96],[133.5931,-22.05],[133.749,-21.96]]]},"properties":{"state":"nt","n":576,"kind":"geochem"}},{"type":"Feature","geometry":{"type":"Polygon","coordinates":[[[151.8316,-32.22],[151.8316,-32.04],[151.6757,-31.95],[151.5198,-32.04],[151.5198,-32.22],[151.6757,-32.31],[151.8316,-32.22]]]},"properties":{"state":"nsw","n":577,"kind":"geochem"}},{"type":"Feature","geometry":{"type":"Polygon","coordinates":[[[130.4754,-17.91],[130.4754,-17.73],[130.3195,-17.64],[130.1636,-17.73],[130.1636,-17.91],[130.3195,-18.0],[130.4754,-17.91]]]},"properties":{"state":"nt","n":578,"kind":"geochem"}},{"type":"Feature","geometry":{"type":"Polygon","coordinates":[[[141.3873,-31.41],[141.3873,-31.23],[141.2314,-31.14],[141.0755,-31.23],[141.0755,-31.41],[141.2314,-31.5],[141.3873,-31.41]]]},"properties":{"state":"nsw","n":579,"kind":"geochem"}},{"type":"Feature","geometry":{"type":"Polygon","coordinates":[[[135.4637,-23.31],[135.4637,-23.13],[135.3078,-23.04],[135.1519,-23.13],[135.1519,-23.31],[135.3078,-23.4],[135.4637,-23.31]]]},"properties":{"state":"nt","n":582,"kind":"geochem"}},{"type":"Feature","geometry":{"type":"Polygon","coordinates":[[[136.7108,-16.83],[136.7108,-16.65],[136.5549,-16.56],[136.399,-16.65],[136.399,-16.83],[136.5549,-16.92],[136.7108,-16.83]]]},"properties":{"state":"nt","n":592,"kind":"geochem"}},{"type":"Feature","geometry":{"type":"Polygon","coordinates":[[[144.1932,-37.89],[144.1932,-37.71],[144.0373,-37.62],[143.8815,-37.71],[143.8815,-37.89],[144.0373,-37.98],[144.1932,-37.89]]]},"properties":{"state":"vic","n":595,"kind":"geochem"}},{"type":"Feature","geometry":{"type":"Polygon","coordinates":[[[141.0755,-32.49],[141.0755,-32.31],[140.9197,-32.22],[140.7638,-32.31],[140.7638,-32.49],[140.9197,-32.58],[141.0755,-32.49]]]},"properties":{"state":"nsw","n":598,"kind":"geochem"}},{"type":"Feature","geometry":{"type":"Polygon","coordinates":[[[130.7872,-21.15],[130.7872,-20.97],[130.6313,-20.88],[130.4754,-20.97],[130.4754,-21.15],[130.6313,-21.24],[130.7872,-21.15]]]},"properties":{"state":"nt","n":598,"kind":"geochem"}},{"type":"Feature","geometry":{"type":"Polygon","coordinates":[[[134.0607,-24.12],[134.0607,-23.94],[133.9048,-23.85],[133.749,-23.94],[133.749,-24.12],[133.9048,-24.21],[134.0607,-24.12]]]},"properties":{"state":"nt","n":601,"kind":"geochem"}},{"type":"Feature","geometry":{"type":"Polygon","coordinates":[[[146.2197,-37.08],[146.2197,-36.9],[146.0638,-36.81],[145.908,-36.9],[145.908,-37.08],[146.0638,-37.17],[146.2197,-37.08]]]},"properties":{"state":"vic","n":604,"kind":"geochem"}},{"type":"Feature","geometry":{"type":"Polygon","coordinates":[[[139.8285,-30.33],[139.8285,-30.15],[139.6726,-30.06],[139.5167,-30.15],[139.5167,-30.33],[139.6726,-30.42],[139.8285,-30.33]]]},"properties":{"state":"sa","n":604,"kind":"geochem"}},{"type":"Feature","geometry":{"type":"Polygon","coordinates":[[[146.2197,-41.94],[146.2197,-41.76],[146.0638,-41.67],[145.908,-41.76],[145.908,-41.94],[146.0638,-42.03],[146.2197,-41.94]]]},"properties":{"state":"tas","n":606,"kind":"geochem"}},{"type":"Feature","geometry":{"type":"Polygon","coordinates":[[[143.4138,-37.08],[143.4138,-36.9],[143.2579,-36.81],[143.102,-36.9],[143.102,-37.08],[143.2579,-37.17],[143.4138,-37.08]]]},"properties":{"state":"vic","n":614,"kind":"geochem"}},{"type":"Feature","geometry":{"type":"Polygon","coordinates":[[[131.2548,-21.42],[131.2548,-21.24],[131.0989,-21.15],[130.943,-21.24],[130.943,-21.42],[131.0989,-21.51],[131.2548,-21.42]]]},"properties":{"state":"nt","n":615,"kind":"geochem"}},{"type":"Feature","geometry":{"type":"Polygon","coordinates":[[[130.7872,-22.23],[130.7872,-22.05],[130.6313,-21.96],[130.4754,-22.05],[130.4754,-22.23],[130.6313,-22.32],[130.7872,-22.23]]]},"properties":{"state":"nt","n":618,"kind":"geochem"}},{"type":"Feature","geometry":{"type":"Polygon","coordinates":[[[137.0225,-16.83],[137.0225,-16.65],[136.8667,-16.56],[136.7108,-16.65],[136.7108,-16.83],[136.8667,-16.92],[137.0225,-16.83]]]},"properties":{"state":"nt","n":618,"kind":"geochem"}},{"type":"Feature","geometry":{"type":"Polygon","coordinates":[[[135.9313,-23.58],[135.9313,-23.4],[135.7755,-23.31],[135.6196,-23.4],[135.6196,-23.58],[135.7755,-23.67],[135.9313,-23.58]]]},"properties":{"state":"nt","n":624,"kind":"geochem"}},{"type":"Feature","geometry":{"type":"Polygon","coordinates":[[[133.1254,-23.58],[133.1254,-23.4],[132.9695,-23.31],[132.8137,-23.4],[132.8137,-23.58],[132.9695,-23.67],[133.1254,-23.58]]]},"properties":{"state":"nt","n":624,"kind":"geochem"}},{"type":"Feature","geometry":{"type":"Polygon","coordinates":[[[130.3195,-25.74],[130.3195,-25.56],[130.1636,-25.47],[130.0077,-25.56],[130.0077,-25.74],[130.1636,-25.83],[130.3195,-25.74]]]},"properties":{"state":"nt","n":625,"kind":"geochem"}},{"type":"Feature","geometry":{"type":"Polygon","coordinates":[[[129.0724,-20.34],[129.0724,-20.16],[128.9165,-20.07],[128.7607,-20.16],[128.7607,-20.34],[128.9165,-20.43],[129.0724,-20.34]]]},"properties":{"state":"nt","n":631,"kind":"geochem"}},{"type":"Feature","geometry":{"type":"Polygon","coordinates":[[[136.2431,-17.1],[136.2431,-16.92],[136.0872,-16.83],[135.9313,-16.92],[135.9313,-17.1],[136.0872,-17.19],[136.2431,-17.1]]]},"properties":{"state":"nt","n":639,"kind":"geochem"}},{"type":"Feature","geometry":{"type":"Polygon","coordinates":[[[131.8783,-20.88],[131.8783,-20.7],[131.7225,-20.61],[131.5666,-20.7],[131.5666,-20.88],[131.7225,-20.97],[131.8783,-20.88]]]},"properties":{"state":"nt","n":639,"kind":"geochem"}},{"type":"Feature","geometry":{"type":"Polygon","coordinates":[[[135.1519,-22.77],[135.1519,-22.59],[134.996,-22.5],[134.8402,-22.59],[134.8402,-22.77],[134.996,-22.86],[135.1519,-22.77]]]},"properties":{"state":"nt","n":640,"kind":"geochem"}},{"type":"Feature","geometry":{"type":"Polygon","coordinates":[[[130.3195,-26.28],[130.3195,-26.1],[130.1636,-26.01],[130.0077,-26.1],[130.0077,-26.28],[130.1636,-26.37],[130.3195,-26.28]]]},"properties":{"state":"sa","n":643,"kind":"geochem"}},{"type":"Feature","geometry":{"type":"Polygon","coordinates":[[[151.208,-30.6],[151.208,-30.42],[151.0522,-30.33],[150.8963,-30.42],[150.8963,-30.6],[151.0522,-30.69],[151.208,-30.6]]]},"properties":{"state":"nsw","n":645,"kind":"geochem"}},{"type":"Feature","geometry":{"type":"Polygon","coordinates":[[[137.3343,-30.33],[137.3343,-30.15],[137.1784,-30.06],[137.0225,-30.15],[137.0225,-30.33],[137.1784,-30.42],[137.3343,-30.33]]]},"properties":{"state":"sa","n":645,"kind":"geochem"}},{"type":"Feature","geometry":{"type":"Polygon","coordinates":[[[142.3226,-37.35],[142.3226,-37.17],[142.1667,-37.08],[142.0108,-37.17],[142.0108,-37.35],[142.1667,-37.44],[142.3226,-37.35]]]},"properties":{"state":"vic","n":647,"kind":"geochem"}},{"type":"Feature","geometry":{"type":"Polygon","coordinates":[[[150.2727,-34.92],[150.2727,-34.74],[150.1168,-34.65],[149.961,-34.74],[149.961,-34.92],[150.1168,-35.01],[150.2727,-34.92]]]},"properties":{"state":"nsw","n":648,"kind":"geochem"}},{"type":"Feature","geometry":{"type":"Polygon","coordinates":[[[152.9228,-30.87],[152.9228,-30.69],[152.7669,-30.6],[152.611,-30.69],[152.611,-30.87],[152.7669,-30.96],[152.9228,-30.87]]]},"properties":{"state":"nsw","n":648,"kind":"geochem"}},{"type":"Feature","geometry":{"type":"Polygon","coordinates":[[[134.2166,-21.15],[134.2166,-20.97],[134.0607,-20.88],[133.9048,-20.97],[133.9048,-21.15],[134.0607,-21.24],[134.2166,-21.15]]]},"properties":{"state":"nt","n":650,"kind":"geochem"}},{"type":"Feature","geometry":{"type":"Polygon","coordinates":[[[143.8815,-40.05],[143.8815,-39.87],[143.7256,-39.78],[143.5697,-39.87],[143.5697,-40.05],[143.7256,-40.14],[143.8815,-40.05]]]},"properties":{"state":"tas","n":651,"kind":"geochem"}},{"type":"Feature","geometry":{"type":"Polygon","coordinates":[[[134.3725,-21.96],[134.3725,-21.78],[134.2166,-21.69],[134.0607,-21.78],[134.0607,-21.96],[134.2166,-22.05],[134.3725,-21.96]]]},"properties":{"state":"nt","n":655,"kind":"geochem"}},{"type":"Feature","geometry":{"type":"Polygon","coordinates":[[[152.4551,-30.6],[152.4551,-30.42],[152.2992,-30.33],[152.1433,-30.42],[152.1433,-30.6],[152.2992,-30.69],[152.4551,-30.6]]]},"properties":{"state":"nsw","n":659,"kind":"geochem"}},{"type":"Feature","geometry":{"type":"Polygon","coordinates":[[[151.0522,-29.79],[151.0522,-29.61],[150.8963,-29.52],[150.7404,-29.61],[150.7404,-29.79],[150.8963,-29.88],[151.0522,-29.79]]]},"properties":{"state":"nsw","n":660,"kind":"geochem"}},{"type":"Feature","geometry":{"type":"Polygon","coordinates":[[[145.1285,-31.95],[145.1285,-31.77],[144.9727,-31.68],[144.8168,-31.77],[144.8168,-31.95],[144.9727,-32.04],[145.1285,-31.95]]]},"properties":{"state":"nsw","n":660,"kind":"geochem"}},{"type":"Feature","geometry":{"type":"Polygon","coordinates":[[[146.6874,-43.29],[146.6874,-43.11],[146.5315,-43.02],[146.3756,-43.11],[146.3756,-43.29],[146.5315,-43.38],[146.6874,-43.29]]]},"properties":{"state":"tas","n":664,"kind":"geochem"}},{"type":"Feature","geometry":{"type":"Polygon","coordinates":[[[148.2462,-35.73],[148.2462,-35.55],[148.0903,-35.46],[147.9345,-35.55],[147.9345,-35.73],[148.0903,-35.82],[148.2462,-35.73]]]},"properties":{"state":"nsw","n":668,"kind":"geochem"}},{"type":"Feature","geometry":{"type":"Polygon","coordinates":[[[130.1636,-23.31],[130.1636,-23.13],[130.0077,-23.04],[129.8518,-23.13],[129.8518,-23.31],[130.0077,-23.4],[130.1636,-23.31]]]},"properties":{"state":"nt","n":671,"kind":"geochem"}},{"type":"Feature","geometry":{"type":"Polygon","coordinates":[[[134.2166,-15.21],[134.2166,-15.03],[134.0607,-14.94],[133.9048,-15.03],[133.9048,-15.21],[134.0607,-15.3],[134.2166,-15.21]]]},"properties":{"state":"nt","n":671,"kind":"geochem"}},{"type":"Feature","geometry":{"type":"Polygon","coordinates":[[[130.3195,-18.18],[130.3195,-18.0],[130.1636,-17.91],[130.0077,-18.0],[130.0077,-18.18],[130.1636,-18.27],[130.3195,-18.18]]]},"properties":{"state":"nt","n":673,"kind":"geochem"}},{"type":"Feature","geometry":{"type":"Polygon","coordinates":[[[139.8285,-29.79],[139.8285,-29.61],[139.6726,-29.52],[139.5167,-29.61],[139.5167,-29.79],[139.6726,-29.88],[139.8285,-29.79]]]},"properties":{"state":"sa","n":679,"kind":"geochem"}},{"type":"Feature","geometry":{"type":"Polygon","coordinates":[[[134.3725,-23.04],[134.3725,-22.86],[134.2166,-22.77],[134.0607,-22.86],[134.0607,-23.04],[134.2166,-23.13],[134.3725,-23.04]]]},"properties":{"state":"nt","n":684,"kind":"geochem"}},{"type":"Feature","geometry":{"type":"Polygon","coordinates":[[[134.0607,-30.6],[134.0607,-30.42],[133.9048,-30.33],[133.749,-30.42],[133.749,-30.6],[133.9048,-30.69],[134.0607,-30.6]]]},"properties":{"state":"sa","n":686,"kind":"geochem"}},{"type":"Feature","geometry":{"type":"Polygon","coordinates":[[[149.3374,-34.92],[149.3374,-34.74],[149.1815,-34.65],[149.0257,-34.74],[149.0257,-34.92],[149.1815,-35.01],[149.3374,-34.92]]]},"properties":{"state":"nsw","n":689,"kind":"geochem"}},{"type":"Feature","geometry":{"type":"Polygon","coordinates":[[[145.908,-36.54],[145.908,-36.36],[145.7521,-36.27],[145.5962,-36.36],[145.5962,-36.54],[145.7521,-36.63],[145.908,-36.54]]]},"properties":{"state":"vic","n":696,"kind":"geochem"}},{"type":"Feature","geometry":{"type":"Polygon","coordinates":[[[134.2166,-24.39],[134.2166,-24.21],[134.0607,-24.12],[133.9048,-24.21],[133.9048,-24.39],[134.0607,-24.48],[134.2166,-24.39]]]},"properties":{"state":"nt","n":696,"kind":"geochem"}},{"type":"Feature","geometry":{"type":"Polygon","coordinates":[[[136.8667,-17.64],[136.8667,-17.46],[136.7108,-17.37],[136.5549,-17.46],[136.5549,-17.64],[136.7108,-17.73],[136.8667,-17.64]]]},"properties":{"state":"nt","n":704,"kind":"geochem"}},{"type":"Feature","geometry":{"type":"Polygon","coordinates":[[[132.5019,-23.58],[132.5019,-23.4],[132.346,-23.31],[132.1901,-23.4],[132.1901,-23.58],[132.346,-23.67],[132.5019,-23.58]]]},"properties":{"state":"nt","n":708,"kind":"geochem"}},{"type":"Feature","geometry":{"type":"Polygon","coordinates":[[[139.5167,-33.57],[139.5167,-33.39],[139.3608,-33.3],[139.2049,-33.39],[139.2049,-33.57],[139.3608,-33.66],[139.5167,-33.57]]]},"properties":{"state":"sa","n":710,"kind":"geochem"}},{"type":"Feature","geometry":{"type":"Polygon","coordinates":[[[135.4637,-20.61],[135.4637,-20.43],[135.3078,-20.34],[135.1519,-20.43],[135.1519,-20.61],[135.3078,-20.7],[135.4637,-20.61]]]},"properties":{"state":"nt","n":712,"kind":"geochem"}},{"type":"Feature","geometry":{"type":"Polygon","coordinates":[[[151.5198,-29.52],[151.5198,-29.34],[151.3639,-29.25],[151.208,-29.34],[151.208,-29.52],[151.3639,-29.61],[151.5198,-29.52]]]},"properties":{"state":"nsw","n":713,"kind":"geochem"}},{"type":"Feature","geometry":{"type":"Polygon","coordinates":[[[130.6313,-16.02],[130.6313,-15.84],[130.4754,-15.75],[130.3195,-15.84],[130.3195,-16.02],[130.4754,-16.11],[130.6313,-16.02]]]},"properties":{"state":"nt","n":713,"kind":"geochem"}},{"type":"Feature","geometry":{"type":"Polygon","coordinates":[[[137.0225,-22.77],[137.0225,-22.59],[136.8667,-22.5],[136.7108,-22.59],[136.7108,-22.77],[136.8667,-22.86],[137.0225,-22.77]]]},"properties":{"state":"nt","n":715,"kind":"geochem"}},{"type":"Feature","geometry":{"type":"Polygon","coordinates":[[[135.6196,-33.84],[135.6196,-33.66],[135.4637,-33.57],[135.3078,-33.66],[135.3078,-33.84],[135.4637,-33.93],[135.6196,-33.84]]]},"properties":{"state":"sa","n":715,"kind":"geochem"}},{"type":"Feature","geometry":{"type":"Polygon","coordinates":[[[138.7373,-32.22],[138.7373,-32.04],[138.5814,-31.95],[138.4255,-32.04],[138.4255,-32.22],[138.5814,-32.31],[138.7373,-32.22]]]},"properties":{"state":"sa","n":715,"kind":"geochem"}},{"type":"Feature","geometry":{"type":"Polygon","coordinates":[[[130.6313,-13.86],[130.6313,-13.68],[130.4754,-13.59],[130.3195,-13.68],[130.3195,-13.86],[130.4754,-13.95],[130.6313,-13.86]]]},"properties":{"state":"nt","n":721,"kind":"geochem"}},{"type":"Feature","geometry":{"type":"Polygon","coordinates":[[[136.2431,-16.02],[136.2431,-15.84],[136.0872,-15.75],[135.9313,-15.84],[135.9313,-16.02],[136.0872,-16.11],[136.2431,-16.02]]]},"properties":{"state":"nt","n":724,"kind":"geochem"}},{"type":"Feature","geometry":{"type":"Polygon","coordinates":[[[137.6461,-35.73],[137.6461,-35.55],[137.4902,-35.46],[137.3343,-35.55],[137.3343,-35.73],[137.4902,-35.82],[137.6461,-35.73]]]},"properties":{"state":"sa","n":728,"kind":"geochem"}},{"type":"Feature","geometry":{"type":"Polygon","coordinates":[[[133.4372,-29.52],[133.4372,-29.34],[133.2813,-29.25],[133.1254,-29.34],[133.1254,-29.52],[133.2813,-29.61],[133.4372,-29.52]]]},"properties":{"state":"sa","n":728,"kind":"geochem"}},{"type":"Feature","geometry":{"type":"Polygon","coordinates":[[[138.1137,-18.72],[138.1137,-18.54],[137.9578,-18.45],[137.802,-18.54],[137.802,-18.72],[137.9578,-18.81],[138.1137,-18.72]]]},"properties":{"state":"nt","n":729,"kind":"geochem"}},{"type":"Feature","geometry":{"type":"Polygon","coordinates":[[[130.0077,-18.72],[130.0077,-18.54],[129.8518,-18.45],[129.696,-18.54],[129.696,-18.72],[129.8518,-18.81],[130.0077,-18.72]]]},"properties":{"state":"nt","n":729,"kind":"geochem"}},{"type":"Feature","geometry":{"type":"Polygon","coordinates":[[[130.3195,-21.42],[130.3195,-21.24],[130.1636,-21.15],[130.0077,-21.24],[130.0077,-21.42],[130.1636,-21.51],[130.3195,-21.42]]]},"properties":{"state":"nt","n":730,"kind":"geochem"}},{"type":"Feature","geometry":{"type":"Polygon","coordinates":[[[129.3842,-15.48],[129.3842,-15.3],[129.2283,-15.21],[129.0724,-15.3],[129.0724,-15.48],[129.2283,-15.57],[129.3842,-15.48]]]},"properties":{"state":"nt","n":735,"kind":"geochem"}},{"type":"Feature","geometry":{"type":"Polygon","coordinates":[[[137.4902,-17.1],[137.4902,-16.92],[137.3343,-16.83],[137.1784,-16.92],[137.1784,-17.1],[137.3343,-17.19],[137.4902,-17.1]]]},"properties":{"state":"nt","n":737,"kind":"geochem"}},{"type":"Feature","geometry":{"type":"Polygon","coordinates":[[[137.3343,-17.91],[137.3343,-17.73],[137.1784,-17.64],[137.0225,-17.73],[137.0225,-17.91],[137.1784,-18.0],[137.3343,-17.91]]]},"properties":{"state":"nt","n":737,"kind":"geochem"}},{"type":"Feature","geometry":{"type":"Polygon","coordinates":[[[131.0989,-23.31],[131.0989,-23.13],[130.943,-23.04],[130.7872,-23.13],[130.7872,-23.31],[130.943,-23.4],[131.0989,-23.31]]]},"properties":{"state":"nt","n":740,"kind":"geochem"}},{"type":"Feature","geometry":{"type":"Polygon","coordinates":[[[134.2166,-20.07],[134.2166,-19.89],[134.0607,-19.8],[133.9048,-19.89],[133.9048,-20.07],[134.0607,-20.16],[134.2166,-20.07]]]},"properties":{"state":"nt","n":741,"kind":"geochem"}},{"type":"Feature","geometry":{"type":"Polygon","coordinates":[[[142.7903,-37.08],[142.7903,-36.9],[142.6344,-36.81],[142.4785,-36.9],[142.4785,-37.08],[142.6344,-37.17],[142.7903,-37.08]]]},"properties":{"state":"vic","n":749,"kind":"geochem"}},{"type":"Feature","geometry":{"type":"Polygon","coordinates":[[[151.6757,-29.25],[151.6757,-29.07],[151.5198,-28.98],[151.3639,-29.07],[151.3639,-29.25],[151.5198,-29.34],[151.6757,-29.25]]]},"properties":{"state":"nsw","n":751,"kind":"geochem"}},{"type":"Feature","geometry":{"type":"Polygon","coordinates":[[[153.0787,-31.68],[153.0787,-31.5],[152.9228,-31.41],[152.7669,-31.5],[152.7669,-31.68],[152.9228,-31.77],[153.0787,-31.68]]]},"properties":{"state":"nsw","n":753,"kind":"geochem"}},{"type":"Feature","geometry":{"type":"Polygon","coordinates":[[[147.4668,-33.3],[147.4668,-33.12],[147.3109,-33.03],[147.155,-33.12],[147.155,-33.3],[147.3109,-33.39],[147.4668,-33.3]]]},"properties":{"state":"nsw","n":754,"kind":"geochem"}},{"type":"Feature","geometry":{"type":"Polygon","coordinates":[[[149.3374,-36.54],[149.3374,-36.36],[149.1815,-36.27],[149.0257,-36.36],[149.0257,-36.54],[149.1815,-36.63],[149.3374,-36.54]]]},"properties":{"state":"nsw","n":757,"kind":"geochem"}},{"type":"Feature","geometry":{"type":"Polygon","coordinates":[[[133.4372,-30.06],[133.4372,-29.88],[133.2813,-29.79],[133.1254,-29.88],[133.1254,-30.06],[133.2813,-30.15],[133.4372,-30.06]]]},"properties":{"state":"sa","n":761,"kind":"geochem"}},{"type":"Feature","geometry":{"type":"Polygon","coordinates":[[[133.1254,-26.28],[133.1254,-26.1],[132.9695,-26.01],[132.8137,-26.1],[132.8137,-26.28],[132.9695,-26.37],[133.1254,-26.28]]]},"properties":{"state":"sa","n":764,"kind":"geochem"}},{"type":"Feature","geometry":{"type":"Polygon","coordinates":[[[136.0872,-33.03],[136.0872,-32.85],[135.9313,-32.76],[135.7755,-32.85],[135.7755,-33.03],[135.9313,-33.12],[136.0872,-33.03]]]},"properties":{"state":"sa","n":766,"kind":"geochem"}},{"type":"Feature","geometry":{"type":"Polygon","coordinates":[[[146.2197,-43.56],[146.2197,-43.38],[146.0638,-43.29],[145.908,-43.38],[145.908,-43.56],[146.0638,-43.65],[146.2197,-43.56]]]},"properties":{"state":"tas","n":767,"kind":"geochem"}},{"type":"Feature","geometry":{"type":"Polygon","coordinates":[[[151.0522,-31.95],[151.0522,-31.77],[150.8963,-31.68],[150.7404,-31.77],[150.7404,-31.95],[150.8963,-32.04],[151.0522,-31.95]]]},"properties":{"state":"nsw","n":768,"kind":"geochem"}},{"type":"Feature","geometry":{"type":"Polygon","coordinates":[[[131.5666,-20.34],[131.5666,-20.16],[131.4107,-20.07],[131.2548,-20.16],[131.2548,-20.34],[131.4107,-20.43],[131.5666,-20.34]]]},"properties":{"state":"nt","n":783,"kind":"geochem"}},{"type":"Feature","geometry":{"type":"Polygon","coordinates":[[[137.4902,-16.56],[137.4902,-16.38],[137.3343,-16.29],[137.1784,-16.38],[137.1784,-16.56],[137.3343,-16.65],[137.4902,-16.56]]]},"properties":{"state":"nt","n":784,"kind":"geochem"}},{"type":"Feature","geometry":{"type":"Polygon","coordinates":[[[134.2166,-18.99],[134.2166,-18.81],[134.0607,-18.72],[133.9048,-18.81],[133.9048,-18.99],[134.0607,-19.08],[134.2166,-18.99]]]},"properties":{"state":"nt","n":788,"kind":"geochem"}},{"type":"Feature","geometry":{"type":"Polygon","coordinates":[[[134.0607,-20.34],[134.0607,-20.16],[133.9048,-20.07],[133.749,-20.16],[133.749,-20.34],[133.9048,-20.43],[134.0607,-20.34]]]},"properties":{"state":"nt","n":789,"kind":"geochem"}},{"type":"Feature","geometry":{"type":"Polygon","coordinates":[[[144.9727,-36.54],[144.9727,-36.36],[144.8168,-36.27],[144.6609,-36.36],[144.6609,-36.54],[144.8168,-36.63],[144.9727,-36.54]]]},"properties":{"state":"vic","n":790,"kind":"geochem"}},{"type":"Feature","geometry":{"type":"Polygon","coordinates":[[[152.4551,-31.68],[152.4551,-31.5],[152.2992,-31.41],[152.1433,-31.5],[152.1433,-31.68],[152.2992,-31.77],[152.4551,-31.68]]]},"properties":{"state":"nsw","n":792,"kind":"geochem"}},{"type":"Feature","geometry":{"type":"Polygon","coordinates":[[[146.6874,-36.27],[146.6874,-36.09],[146.5315,-36.0],[146.3756,-36.09],[146.3756,-36.27],[146.5315,-36.36],[146.6874,-36.27]]]},"properties":{"state":"vic","n":797,"kind":"geochem"}},{"type":"Feature","geometry":{"type":"Polygon","coordinates":[[[132.1901,-21.96],[132.1901,-21.78],[132.0342,-21.69],[131.8783,-21.78],[131.8783,-21.96],[132.0342,-22.05],[132.1901,-21.96]]]},"properties":{"state":"nt","n":798,"kind":"geochem"}},{"type":"Feature","geometry":{"type":"Polygon","coordinates":[[[134.3725,-23.58],[134.3725,-23.4],[134.2166,-23.31],[134.0607,-23.4],[134.0607,-23.58],[134.2166,-23.67],[134.3725,-23.58]]]},"properties":{"state":"nt","n":800,"kind":"geochem"}},{"type":"Feature","geometry":{"type":"Polygon","coordinates":[[[129.696,-17.64],[129.696,-17.46],[129.5401,-17.37],[129.3842,-17.46],[129.3842,-17.64],[129.5401,-17.73],[129.696,-17.64]]]},"properties":{"state":"nt","n":802,"kind":"geochem"}},{"type":"Feature","geometry":{"type":"Polygon","coordinates":[[[131.4107,-16.29],[131.4107,-16.11],[131.2548,-16.02],[131.0989,-16.11],[131.0989,-16.29],[131.2548,-16.38],[131.4107,-16.29]]]},"properties":{"state":"nt","n":803,"kind":"geochem"}},{"type":"Feature","geometry":{"type":"Polygon","coordinates":[[[147.7786,-43.02],[147.7786,-42.84],[147.6227,-42.75],[147.4668,-42.84],[147.4668,-43.02],[147.6227,-43.11],[147.7786,-43.02]]]},"properties":{"state":"tas","n":803,"kind":"geochem"}},{"type":"Feature","geometry":{"type":"Polygon","coordinates":[[[137.1784,-18.18],[137.1784,-18.0],[137.0225,-17.91],[136.8667,-18.0],[136.8667,-18.18],[137.0225,-18.27],[137.1784,-18.18]]]},"properties":{"state":"nt","n":809,"kind":"geochem"}},{"type":"Feature","geometry":{"type":"Polygon","coordinates":[[[129.3842,-23.04],[129.3842,-22.86],[129.2283,-22.77],[129.0724,-22.86],[129.0724,-23.04],[129.2283,-23.13],[129.3842,-23.04]]]},"properties":{"state":"nt","n":812,"kind":"geochem"}},{"type":"Feature","geometry":{"type":"Polygon","coordinates":[[[131.4107,-22.23],[131.4107,-22.05],[131.2548,-21.96],[131.0989,-22.05],[131.0989,-22.23],[131.2548,-22.32],[131.4107,-22.23]]]},"properties":{"state":"nt","n":819,"kind":"geochem"}},{"type":"Feature","geometry":{"type":"Polygon","coordinates":[[[134.996,-32.22],[134.996,-32.04],[134.8402,-31.95],[134.6843,-32.04],[134.6843,-32.22],[134.8402,-32.31],[134.996,-32.22]]]},"properties":{"state":"sa","n":820,"kind":"geochem"}},{"type":"Feature","geometry":{"type":"Polygon","coordinates":[[[134.8402,-31.95],[134.8402,-31.77],[134.6843,-31.68],[134.5284,-31.77],[134.5284,-31.95],[134.6843,-32.04],[134.8402,-31.95]]]},"properties":{"state":"sa","n":821,"kind":"geochem"}},{"type":"Feature","geometry":{"type":"Polygon","coordinates":[[[137.4902,-31.14],[137.4902,-30.96],[137.3343,-30.87],[137.1784,-30.96],[137.1784,-31.14],[137.3343,-31.23],[137.4902,-31.14]]]},"properties":{"state":"sa","n":826,"kind":"geochem"}},{"type":"Feature","geometry":{"type":"Polygon","coordinates":[[[149.961,-34.38],[149.961,-34.2],[149.8051,-34.11],[149.6492,-34.2],[149.6492,-34.38],[149.8051,-34.47],[149.961,-34.38]]]},"properties":{"state":"nsw","n":836,"kind":"geochem"}},{"type":"Feature","geometry":{"type":"Polygon","coordinates":[[[131.8783,-21.42],[131.8783,-21.24],[131.7225,-21.15],[131.5666,-21.24],[131.5666,-21.42],[131.7225,-21.51],[131.8783,-21.42]]]},"properties":{"state":"nt","n":842,"kind":"geochem"}},{"type":"Feature","geometry":{"type":"Polygon","coordinates":[[[131.7225,-20.61],[131.7225,-20.43],[131.5666,-20.34],[131.4107,-20.43],[131.4107,-20.61],[131.5666,-20.7],[131.7225,-20.61]]]},"properties":{"state":"nt","n":844,"kind":"geochem"}},{"type":"Feature","geometry":{"type":"Polygon","coordinates":[[[134.8402,-33.03],[134.8402,-32.85],[134.6843,-32.76],[134.5284,-32.85],[134.5284,-33.03],[134.6843,-33.12],[134.8402,-33.03]]]},"properties":{"state":"sa","n":846,"kind":"geochem"}},{"type":"Feature","geometry":{"type":"Polygon","coordinates":[[[132.6578,-31.41],[132.6578,-31.23],[132.5019,-31.14],[132.346,-31.23],[132.346,-31.41],[132.5019,-31.5],[132.6578,-31.41]]]},"properties":{"state":"sa","n":854,"kind":"geochem"}},{"type":"Feature","geometry":{"type":"Polygon","coordinates":[[[151.5198,-31.68],[151.5198,-31.5],[151.3639,-31.41],[151.208,-31.5],[151.208,-31.68],[151.3639,-31.77],[151.5198,-31.68]]]},"properties":{"state":"nsw","n":856,"kind":"geochem"}},{"type":"Feature","geometry":{"type":"Polygon","coordinates":[[[149.3374,-37.08],[149.3374,-36.9],[149.1815,-36.81],[149.0257,-36.9],[149.0257,-37.08],[149.1815,-37.17],[149.3374,-37.08]]]},"properties":{"state":"nsw","n":857,"kind":"geochem"}},{"type":"Feature","geometry":{"type":"Polygon","coordinates":[[[132.9695,-29.79],[132.9695,-29.61],[132.8137,-29.52],[132.6578,-29.61],[132.6578,-29.79],[132.8137,-29.88],[132.9695,-29.79]]]},"properties":{"state":"sa","n":863,"kind":"geochem"}},{"type":"Feature","geometry":{"type":"Polygon","coordinates":[[[147.9345,-33.57],[147.9345,-33.39],[147.7786,-33.3],[147.6227,-33.39],[147.6227,-33.57],[147.7786,-33.66],[147.9345,-33.57]]]},"properties":{"state":"nsw","n":872,"kind":"geochem"}},{"type":"Feature","geometry":{"type":"Polygon","coordinates":[[[149.1815,-36.81],[149.1815,-36.63],[149.0257,-36.54],[148.8698,-36.63],[148.8698,-36.81],[149.0257,-36.9],[149.1815,-36.81]]]},"properties":{"state":"nsw","n":873,"kind":"geochem"}},{"type":"Feature","geometry":{"type":"Polygon","coordinates":[[[150.5845,-31.14],[150.5845,-30.96],[150.4286,-30.87],[150.2727,-30.96],[150.2727,-31.14],[150.4286,-31.23],[150.5845,-31.14]]]},"properties":{"state":"nsw","n":876,"kind":"geochem"}},{"type":"Feature","geometry":{"type":"Polygon","coordinates":[[[136.8667,-33.84],[136.8667,-33.66],[136.7108,-33.57],[136.5549,-33.66],[136.5549,-33.84],[136.7108,-33.93],[136.8667,-33.84]]]},"properties":{"state":"sa","n":879,"kind":"geochem"}},{"type":"Feature","geometry":{"type":"Polygon","coordinates":[[[140.452,-33.03],[140.452,-32.85],[140.2961,-32.76],[140.1402,-32.85],[140.1402,-33.03],[140.2961,-33.12],[140.452,-33.03]]]},"properties":{"state":"sa","n":883,"kind":"geochem"}},{"type":"Feature","geometry":{"type":"Polygon","coordinates":[[[150.2727,-36.0],[150.2727,-35.82],[150.1168,-35.73],[149.961,-35.82],[149.961,-36.0],[150.1168,-36.09],[150.2727,-36.0]]]},"properties":{"state":"nsw","n":886,"kind":"geochem"}},{"type":"Feature","geometry":{"type":"Polygon","coordinates":[[[153.2345,-30.87],[153.2345,-30.69],[153.0787,-30.6],[152.9228,-30.69],[152.9228,-30.87],[153.0787,-30.96],[153.2345,-30.87]]]},"properties":{"state":"nsw","n":890,"kind":"geochem"}},{"type":"Feature","geometry":{"type":"Polygon","coordinates":[[[137.3343,-32.49],[137.3343,-32.31],[137.1784,-32.22],[137.0225,-32.31],[137.0225,-32.49],[137.1784,-32.58],[137.3343,-32.49]]]},"properties":{"state":"sa","n":895,"kind":"geochem"}},{"type":"Feature","geometry":{"type":"Polygon","coordinates":[[[135.6196,-23.58],[135.6196,-23.4],[135.4637,-23.31],[135.3078,-23.4],[135.3078,-23.58],[135.4637,-23.67],[135.6196,-23.58]]]},"properties":{"state":"nt","n":898,"kind":"geochem"}},{"type":"Feature","geometry":{"type":"Polygon","coordinates":[[[129.8518,-20.61],[129.8518,-20.43],[129.696,-20.34],[129.5401,-20.43],[129.5401,-20.61],[129.696,-20.7],[129.8518,-20.61]]]},"properties":{"state":"nt","n":906,"kind":"geochem"}},{"type":"Feature","geometry":{"type":"Polygon","coordinates":[[[147.3109,-42.75],[147.3109,-42.57],[147.155,-42.48],[146.9992,-42.57],[146.9992,-42.75],[147.155,-42.84],[147.3109,-42.75]]]},"properties":{"state":"tas","n":909,"kind":"geochem"}},{"type":"Feature","geometry":{"type":"Polygon","coordinates":[[[134.996,-20.34],[134.996,-20.16],[134.8402,-20.07],[134.6843,-20.16],[134.6843,-20.34],[134.8402,-20.43],[134.996,-20.34]]]},"properties":{"state":"nt","n":912,"kind":"geochem"}},{"type":"Feature","geometry":{"type":"Polygon","coordinates":[[[144.9727,-31.68],[144.9727,-31.5],[144.8168,-31.41],[144.6609,-31.5],[144.6609,-31.68],[144.8168,-31.77],[144.9727,-31.68]]]},"properties":{"state":"nsw","n":914,"kind":"geochem"}},{"type":"Feature","geometry":{"type":"Polygon","coordinates":[[[144.3491,-37.08],[144.3491,-36.9],[144.1932,-36.81],[144.0373,-36.9],[144.0373,-37.08],[144.1932,-37.17],[144.3491,-37.08]]]},"properties":{"state":"vic","n":917,"kind":"geochem"}},{"type":"Feature","geometry":{"type":"Polygon","coordinates":[[[147.7786,-32.22],[147.7786,-32.04],[147.6227,-31.95],[147.4668,-32.04],[147.4668,-32.22],[147.6227,-32.31],[147.7786,-32.22]]]},"properties":{"state":"nsw","n":919,"kind":"geochem"}},{"type":"Feature","geometry":{"type":"Polygon","coordinates":[[[144.8168,-31.95],[144.8168,-31.77],[144.6609,-31.68],[144.505,-31.77],[144.505,-31.95],[144.6609,-32.04],[144.8168,-31.95]]]},"properties":{"state":"nsw","n":920,"kind":"geochem"}},{"type":"Feature","geometry":{"type":"Polygon","coordinates":[[[150.8963,-31.14],[150.8963,-30.96],[150.7404,-30.87],[150.5845,-30.96],[150.5845,-31.14],[150.7404,-31.23],[150.8963,-31.14]]]},"properties":{"state":"nsw","n":926,"kind":"geochem"}},{"type":"Feature","geometry":{"type":"Polygon","coordinates":[[[132.6578,-20.61],[132.6578,-20.43],[132.5019,-20.34],[132.346,-20.43],[132.346,-20.61],[132.5019,-20.7],[132.6578,-20.61]]]},"properties":{"state":"nt","n":927,"kind":"geochem"}},{"type":"Feature","geometry":{"type":"Polygon","coordinates":[[[129.8518,-22.77],[129.8518,-22.59],[129.696,-22.5],[129.5401,-22.59],[129.5401,-22.77],[129.696,-22.86],[129.8518,-22.77]]]},"properties":{"state":"nt","n":927,"kind":"geochem"}},{"type":"Feature","geometry":{"type":"Polygon","coordinates":[[[131.4107,-20.61],[131.4107,-20.43],[131.2548,-20.34],[131.0989,-20.43],[131.0989,-20.61],[131.2548,-20.7],[131.4107,-20.61]]]},"properties":{"state":"nt","n":930,"kind":"geochem"}},{"type":"Feature","geometry":{"type":"Polygon","coordinates":[[[136.5549,-33.3],[136.5549,-33.12],[136.399,-33.03],[136.2431,-33.12],[136.2431,-33.3],[136.399,-33.39],[136.5549,-33.3]]]},"properties":{"state":"sa","n":932,"kind":"geochem"}},{"type":"Feature","geometry":{"type":"Polygon","coordinates":[[[132.5019,-31.14],[132.5019,-30.96],[132.346,-30.87],[132.1901,-30.96],[132.1901,-31.14],[132.346,-31.23],[132.5019,-31.14]]]},"properties":{"state":"sa","n":932,"kind":"geochem"}},{"type":"Feature","geometry":{"type":"Polygon","coordinates":[[[133.4372,-30.6],[133.4372,-30.42],[133.2813,-30.33],[133.1254,-30.42],[133.1254,-30.6],[133.2813,-30.69],[133.4372,-30.6]]]},"properties":{"state":"sa","n":933,"kind":"geochem"}},{"type":"Feature","geometry":{"type":"Polygon","coordinates":[[[147.4668,-36.0],[147.4668,-35.82],[147.3109,-35.73],[147.155,-35.82],[147.155,-36.0],[147.3109,-36.09],[147.4668,-36.0]]]},"properties":{"state":"nsw","n":934,"kind":"geochem"}},{"type":"Feature","geometry":{"type":"Polygon","coordinates":[[[130.943,-21.42],[130.943,-21.24],[130.7872,-21.15],[130.6313,-21.24],[130.6313,-21.42],[130.7872,-21.51],[130.943,-21.42]]]},"properties":{"state":"nt","n":936,"kind":"geochem"}},{"type":"Feature","geometry":{"type":"Polygon","coordinates":[[[152.7669,-30.6],[152.7669,-30.42],[152.611,-30.33],[152.4551,-30.42],[152.4551,-30.6],[152.611,-30.69],[152.7669,-30.6]]]},"properties":{"state":"nsw","n":940,"kind":"geochem"}},{"type":"Feature","geometry":{"type":"Polygon","coordinates":[[[135.9313,-33.84],[135.9313,-33.66],[135.7755,-33.57],[135.6196,-33.66],[135.6196,-33.84],[135.7755,-33.93],[135.9313,-33.84]]]},"properties":{"state":"sa","n":940,"kind":"geochem"}},{"type":"Feature","geometry":{"type":"Polygon","coordinates":[[[135.6196,-17.1],[135.6196,-16.92],[135.4637,-16.83],[135.3078,-16.92],[135.3078,-17.1],[135.4637,-17.19],[135.6196,-17.1]]]},"properties":{"state":"nt","n":942,"kind":"geochem"}},{"type":"Feature","geometry":{"type":"Polygon","coordinates":[[[148.0903,-32.76],[148.0903,-32.58],[147.9345,-32.49],[147.7786,-32.58],[147.7786,-32.76],[147.9345,-32.85],[148.0903,-32.76]]]},"properties":{"state":"nsw","n":943,"kind":"geochem"}},{"type":"Feature","geometry":{"type":"Polygon","coordinates":[[[147.4668,-41.94],[147.4668,-41.76],[147.3109,-41.67],[147.155,-41.76],[147.155,-41.94],[147.3109,-42.03],[147.4668,-41.94]]]},"properties":{"state":"tas","n":951,"kind":"geochem"}},{"type":"Feature","geometry":{"type":"Polygon","coordinates":[[[131.0989,-22.23],[131.0989,-22.05],[130.943,-21.96],[130.7872,-22.05],[130.7872,-22.23],[130.943,-22.32],[131.0989,-22.23]]]},"properties":{"state":"nt","n":952,"kind":"geochem"}},{"type":"Feature","geometry":{"type":"Polygon","coordinates":[[[130.943,-26.28],[130.943,-26.1],[130.7872,-26.01],[130.6313,-26.1],[130.6313,-26.28],[130.7872,-26.37],[130.943,-26.28]]]},"properties":{"state":"sa","n":953,"kind":"geochem"}},{"type":"Feature","geometry":{"type":"Polygon","coordinates":[[[137.6461,-33.03],[137.6461,-32.85],[137.4902,-32.76],[137.3343,-32.85],[137.3343,-33.03],[137.4902,-33.12],[137.6461,-33.03]]]},"properties":{"state":"sa","n":957,"kind":"geochem"}},{"type":"Feature","geometry":{"type":"Polygon","coordinates":[[[139.6726,-30.06],[139.6726,-29.88],[139.5167,-29.79],[139.3608,-29.88],[139.3608,-30.06],[139.5167,-30.15],[139.6726,-30.06]]]},"properties":{"state":"sa","n":961,"kind":"geochem"}},{"type":"Feature","geometry":{"type":"Polygon","coordinates":[[[133.749,-24.12],[133.749,-23.94],[133.5931,-23.85],[133.4372,-23.94],[133.4372,-24.12],[133.5931,-24.21],[133.749,-24.12]]]},"properties":{"state":"nt","n":969,"kind":"geochem"}},{"type":"Feature","geometry":{"type":"Polygon","coordinates":[[[151.208,-29.52],[151.208,-29.34],[151.0522,-29.25],[150.8963,-29.34],[150.8963,-29.52],[151.0522,-29.61],[151.208,-29.52]]]},"properties":{"state":"nsw","n":970,"kind":"geochem"}},{"type":"Feature","geometry":{"type":"Polygon","coordinates":[[[134.2166,-21.69],[134.2166,-21.51],[134.0607,-21.42],[133.9048,-21.51],[133.9048,-21.69],[134.0607,-21.78],[134.2166,-21.69]]]},"properties":{"state":"nt","n":972,"kind":"geochem"}},{"type":"Feature","geometry":{"type":"Polygon","coordinates":[[[148.558,-33.57],[148.558,-33.39],[148.4021,-33.3],[148.2462,-33.39],[148.2462,-33.57],[148.4021,-33.66],[148.558,-33.57]]]},"properties":{"state":"nsw","n":974,"kind":"geochem"}},{"type":"Feature","geometry":{"type":"Polygon","coordinates":[[[134.996,-30.06],[134.996,-29.88],[134.8402,-29.79],[134.6843,-29.88],[134.6843,-30.06],[134.8402,-30.15],[134.996,-30.06]]]},"properties":{"state":"sa","n":982,"kind":"geochem"}},{"type":"Feature","geometry":{"type":"Polygon","coordinates":[[[151.0522,-29.25],[151.0522,-29.07],[150.8963,-28.98],[150.7404,-29.07],[150.7404,-29.25],[150.8963,-29.34],[151.0522,-29.25]]]},"properties":{"state":"nsw","n":984,"kind":"geochem"}},{"type":"Feature","geometry":{"type":"Polygon","coordinates":[[[133.9048,-18.45],[133.9048,-18.27],[133.749,-18.18],[133.5931,-18.27],[133.5931,-18.45],[133.749,-18.54],[133.9048,-18.45]]]},"properties":{"state":"nt","n":984,"kind":"geochem"}},{"type":"Feature","geometry":{"type":"Polygon","coordinates":[[[138.1137,-34.38],[138.1137,-34.2],[137.9578,-34.11],[137.802,-34.2],[137.802,-34.38],[137.9578,-34.47],[138.1137,-34.38]]]},"properties":{"state":"sa","n":987,"kind":"geochem"}},{"type":"Feature","geometry":{"type":"Polygon","coordinates":[[[151.0522,-31.41],[151.0522,-31.23],[150.8963,-31.14],[150.7404,-31.23],[150.7404,-31.41],[150.8963,-31.5],[151.0522,-31.41]]]},"properties":{"state":"nsw","n":991,"kind":"geochem"}},{"type":"Feature","geometry":{"type":"Polygon","coordinates":[[[151.3639,-29.25],[151.3639,-29.07],[151.208,-28.98],[151.0522,-29.07],[151.0522,-29.25],[151.208,-29.34],[151.3639,-29.25]]]},"properties":{"state":"nsw","n":993,"kind":"geochem"}},{"type":"Feature","geometry":{"type":"Polygon","coordinates":[[[148.0903,-36.0],[148.0903,-35.82],[147.9345,-35.73],[147.7786,-35.82],[147.7786,-36.0],[147.9345,-36.09],[148.0903,-36.0]]]},"properties":{"state":"nsw","n":993,"kind":"geochem"}},{"type":"Feature","geometry":{"type":"Polygon","coordinates":[[[144.3491,-36.0],[144.3491,-35.82],[144.1932,-35.73],[144.0373,-35.82],[144.0373,-36.0],[144.1932,-36.09],[144.3491,-36.0]]]},"properties":{"state":"vic","n":994,"kind":"geochem"}},{"type":"Feature","geometry":{"type":"Polygon","coordinates":[[[144.1932,-36.81],[144.1932,-36.63],[144.0373,-36.54],[143.8815,-36.63],[143.8815,-36.81],[144.0373,-36.9],[144.1932,-36.81]]]},"properties":{"state":"vic","n":999,"kind":"geochem"}},{"type":"Feature","geometry":{"type":"Polygon","coordinates":[[[145.908,-29.52],[145.908,-29.34],[145.7521,-29.25],[145.5962,-29.34],[145.5962,-29.52],[145.7521,-29.61],[145.908,-29.52]]]},"properties":{"state":"nsw","n":1000,"kind":"geochem"}},{"type":"Feature","geometry":{"type":"Polygon","coordinates":[[[147.155,-43.56],[147.155,-43.38],[146.9992,-43.29],[146.8433,-43.38],[146.8433,-43.56],[146.9992,-43.65],[147.155,-43.56]]]},"properties":{"state":"tas","n":1000,"kind":"geochem"}},{"type":"Feature","geometry":{"type":"Polygon","coordinates":[[[131.2548,-13.86],[131.2548,-13.68],[131.0989,-13.59],[130.943,-13.68],[130.943,-13.86],[131.0989,-13.95],[131.2548,-13.86]]]},"properties":{"state":"nt","n":1001,"kind":"geochem"}},{"type":"Feature","geometry":{"type":"Polygon","coordinates":[[[145.2844,-42.48],[145.2844,-42.3],[145.1285,-42.21],[144.9727,-42.3],[144.9727,-42.48],[145.1285,-42.57],[145.2844,-42.48]]]},"properties":{"state":"tas","n":1009,"kind":"geochem"}},{"type":"Feature","geometry":{"type":"Polygon","coordinates":[[[134.5284,-22.23],[134.5284,-22.05],[134.3725,-21.96],[134.2166,-22.05],[134.2166,-22.23],[134.3725,-22.32],[134.5284,-22.23]]]},"properties":{"state":"nt","n":1010,"kind":"geochem"}},{"type":"Feature","geometry":{"type":"Polygon","coordinates":[[[132.9695,-30.87],[132.9695,-30.69],[132.8137,-30.6],[132.6578,-30.69],[132.6578,-30.87],[132.8137,-30.96],[132.9695,-30.87]]]},"properties":{"state":"sa","n":1010,"kind":"geochem"}},{"type":"Feature","geometry":{"type":"Polygon","coordinates":[[[129.8518,-21.15],[129.8518,-20.97],[129.696,-20.88],[129.5401,-20.97],[129.5401,-21.15],[129.696,-21.24],[129.8518,-21.15]]]},"properties":{"state":"nt","n":1026,"kind":"geochem"}},{"type":"Feature","geometry":{"type":"Polygon","coordinates":[[[130.7872,-20.61],[130.7872,-20.43],[130.6313,-20.34],[130.4754,-20.43],[130.4754,-20.61],[130.6313,-20.7],[130.7872,-20.61]]]},"properties":{"state":"nt","n":1028,"kind":"geochem"}},{"type":"Feature","geometry":{"type":"Polygon","coordinates":[[[147.9345,-35.73],[147.9345,-35.55],[147.7786,-35.46],[147.6227,-35.55],[147.6227,-35.73],[147.7786,-35.82],[147.9345,-35.73]]]},"properties":{"state":"nsw","n":1029,"kind":"geochem"}},{"type":"Feature","geometry":{"type":"Polygon","coordinates":[[[133.4372,-24.12],[133.4372,-23.94],[133.2813,-23.85],[133.1254,-23.94],[133.1254,-24.12],[133.2813,-24.21],[133.4372,-24.12]]]},"properties":{"state":"nt","n":1035,"kind":"geochem"}},{"type":"Feature","geometry":{"type":"Polygon","coordinates":[[[130.0077,-19.8],[130.0077,-19.62],[129.8518,-19.53],[129.696,-19.62],[129.696,-19.8],[129.8518,-19.89],[130.0077,-19.8]]]},"properties":{"state":"nt","n":1047,"kind":"geochem"}},{"type":"Feature","geometry":{"type":"Polygon","coordinates":[[[144.1932,-37.35],[144.1932,-37.17],[144.0373,-37.08],[143.8815,-37.17],[143.8815,-37.35],[144.0373,-37.44],[144.1932,-37.35]]]},"properties":{"state":"vic","n":1050,"kind":"geochem"}},{"type":"Feature","geometry":{"type":"Polygon","coordinates":[[[139.6726,-33.3],[139.6726,-33.12],[139.5167,-33.03],[139.3608,-33.12],[139.3608,-33.3],[139.5167,-33.39],[139.6726,-33.3]]]},"properties":{"state":"sa","n":1052,"kind":"geochem"}},{"type":"Feature","geometry":{"type":"Polygon","coordinates":[[[139.3608,-32.76],[139.3608,-32.58],[139.2049,-32.49],[139.049,-32.58],[139.049,-32.76],[139.2049,-32.85],[139.3608,-32.76]]]},"properties":{"state":"sa","n":1053,"kind":"geochem"}},{"type":"Feature","geometry":{"type":"Polygon","coordinates":[[[134.996,-29.52],[134.996,-29.34],[134.8402,-29.25],[134.6843,-29.34],[134.6843,-29.52],[134.8402,-29.61],[134.996,-29.52]]]},"properties":{"state":"sa","n":1057,"kind":"geochem"}},{"type":"Feature","geometry":{"type":"Polygon","coordinates":[[[132.8137,-23.58],[132.8137,-23.4],[132.6578,-23.31],[132.5019,-23.4],[132.5019,-23.58],[132.6578,-23.67],[132.8137,-23.58]]]},"properties":{"state":"nt","n":1058,"kind":"geochem"}},{"type":"Feature","geometry":{"type":"Polygon","coordinates":[[[135.1519,-29.25],[135.1519,-29.07],[134.996,-28.98],[134.8402,-29.07],[134.8402,-29.25],[134.996,-29.34],[135.1519,-29.25]]]},"properties":{"state":"sa","n":1060,"kind":"geochem"}},{"type":"Feature","geometry":{"type":"Polygon","coordinates":[[[134.3725,-21.42],[134.3725,-21.24],[134.2166,-21.15],[134.0607,-21.24],[134.0607,-21.42],[134.2166,-21.51],[134.3725,-21.42]]]},"properties":{"state":"nt","n":1062,"kind":"geochem"}},{"type":"Feature","geometry":{"type":"Polygon","coordinates":[[[152.9228,-29.79],[152.9228,-29.61],[152.7669,-29.52],[152.611,-29.61],[152.611,-29.79],[152.7669,-29.88],[152.9228,-29.79]]]},"properties":{"state":"nsw","n":1066,"kind":"geochem"}},{"type":"Feature","geometry":{"type":"Polygon","coordinates":[[[146.2197,-30.6],[146.2197,-30.42],[146.0638,-30.33],[145.908,-30.42],[145.908,-30.6],[146.0638,-30.69],[146.2197,-30.6]]]},"properties":{"state":"nsw","n":1067,"kind":"geochem"}},{"type":"Feature","geometry":{"type":"Polygon","coordinates":[[[136.8667,-33.3],[136.8667,-33.12],[136.7108,-33.03],[136.5549,-33.12],[136.5549,-33.3],[136.7108,-33.39],[136.8667,-33.3]]]},"properties":{"state":"sa","n":1069,"kind":"geochem"}},{"type":"Feature","geometry":{"type":"Polygon","coordinates":[[[150.4286,-35.19],[150.4286,-35.01],[150.2727,-34.92],[150.1168,-35.01],[150.1168,-35.19],[150.2727,-35.28],[150.4286,-35.19]]]},"properties":{"state":"nsw","n":1070,"kind":"geochem"}},{"type":"Feature","geometry":{"type":"Polygon","coordinates":[[[130.1636,-18.99],[130.1636,-18.81],[130.0077,-18.72],[129.8518,-18.81],[129.8518,-18.99],[130.0077,-19.08],[130.1636,-18.99]]]},"properties":{"state":"nt","n":1074,"kind":"geochem"}},{"type":"Feature","geometry":{"type":"Polygon","coordinates":[[[135.3078,-23.58],[135.3078,-23.4],[135.1519,-23.31],[134.996,-23.4],[134.996,-23.58],[135.1519,-23.67],[135.3078,-23.58]]]},"properties":{"state":"nt","n":1077,"kind":"geochem"}},{"type":"Feature","geometry":{"type":"Polygon","coordinates":[[[150.1168,-36.27],[150.1168,-36.09],[149.961,-36.0],[149.8051,-36.09],[149.8051,-36.27],[149.961,-36.36],[150.1168,-36.27]]]},"properties":{"state":"nsw","n":1095,"kind":"geochem"}},{"type":"Feature","geometry":{"type":"Polygon","coordinates":[[[135.7755,-15.75],[135.7755,-15.57],[135.6196,-15.48],[135.4637,-15.57],[135.4637,-15.75],[135.6196,-15.84],[135.7755,-15.75]]]},"properties":{"state":"nt","n":1098,"kind":"geochem"}},{"type":"Feature","geometry":{"type":"Polygon","coordinates":[[[136.8667,-32.76],[136.8667,-32.58],[136.7108,-32.49],[136.5549,-32.58],[136.5549,-32.76],[136.7108,-32.85],[136.8667,-32.76]]]},"properties":{"state":"sa","n":1103,"kind":"geochem"}},{"type":"Feature","geometry":{"type":"Polygon","coordinates":[[[145.5962,-40.86],[145.5962,-40.68],[145.4403,-40.59],[145.2844,-40.68],[145.2844,-40.86],[145.4403,-40.95],[145.5962,-40.86]]]},"properties":{"state":"tas","n":1104,"kind":"geochem"}},{"type":"Feature","geometry":{"type":"Polygon","coordinates":[[[135.1519,-23.85],[135.1519,-23.67],[134.996,-23.58],[134.8402,-23.67],[134.8402,-23.85],[134.996,-23.94],[135.1519,-23.85]]]},"properties":{"state":"nt","n":1106,"kind":"geochem"}},{"type":"Feature","geometry":{"type":"Polygon","coordinates":[[[151.6757,-30.33],[151.6757,-30.15],[151.5198,-30.06],[151.3639,-30.15],[151.3639,-30.33],[151.5198,-30.42],[151.6757,-30.33]]]},"properties":{"state":"nsw","n":1115,"kind":"geochem"}},{"type":"Feature","geometry":{"type":"Polygon","coordinates":[[[144.0373,-40.32],[144.0373,-40.14],[143.8815,-40.05],[143.7256,-40.14],[143.7256,-40.32],[143.8815,-40.41],[144.0373,-40.32]]]},"properties":{"state":"tas","n":1120,"kind":"geochem"}},{"type":"Feature","geometry":{"type":"Polygon","coordinates":[[[138.4255,-30.6],[138.4255,-30.42],[138.2696,-30.33],[138.1137,-30.42],[138.1137,-30.6],[138.2696,-30.69],[138.4255,-30.6]]]},"properties":{"state":"sa","n":1123,"kind":"geochem"}},{"type":"Feature","geometry":{"type":"Polygon","coordinates":[[[147.6227,-43.29],[147.6227,-43.11],[147.4668,-43.02],[147.3109,-43.11],[147.3109,-43.29],[147.4668,-43.38],[147.6227,-43.29]]]},"properties":{"state":"tas","n":1123,"kind":"geochem"}},{"type":"Feature","geometry":{"type":"Polygon","coordinates":[[[141.855,-30.06],[141.855,-29.88],[141.6991,-29.79],[141.5432,-29.88],[141.5432,-30.06],[141.6991,-30.15],[141.855,-30.06]]]},"properties":{"state":"nsw","n":1124,"kind":"geochem"}},{"type":"Feature","geometry":{"type":"Polygon","coordinates":[[[134.8402,-30.33],[134.8402,-30.15],[134.6843,-30.06],[134.5284,-30.15],[134.5284,-30.33],[134.6843,-30.42],[134.8402,-30.33]]]},"properties":{"state":"sa","n":1125,"kind":"geochem"}},{"type":"Feature","geometry":{"type":"Polygon","coordinates":[[[149.6492,-36.54],[149.6492,-36.36],[149.4933,-36.27],[149.3374,-36.36],[149.3374,-36.54],[149.4933,-36.63],[149.6492,-36.54]]]},"properties":{"state":"nsw","n":1130,"kind":"geochem"}},{"type":"Feature","geometry":{"type":"Polygon","coordinates":[[[146.9992,-33.57],[146.9992,-33.39],[146.8433,-33.3],[146.6874,-33.39],[146.6874,-33.57],[146.8433,-33.66],[146.9992,-33.57]]]},"properties":{"state":"nsw","n":1130,"kind":"geochem"}},{"type":"Feature","geometry":{"type":"Polygon","coordinates":[[[152.1433,-31.68],[152.1433,-31.5],[151.9875,-31.41],[151.8316,-31.5],[151.8316,-31.68],[151.9875,-31.77],[152.1433,-31.68]]]},"properties":{"state":"nsw","n":1131,"kind":"geochem"}},{"type":"Feature","geometry":{"type":"Polygon","coordinates":[[[147.9345,-34.11],[147.9345,-33.93],[147.7786,-33.84],[147.6227,-33.93],[147.6227,-34.11],[147.7786,-34.2],[147.9345,-34.11]]]},"properties":{"state":"nsw","n":1132,"kind":"geochem"}},{"type":"Feature","geometry":{"type":"Polygon","coordinates":[[[132.0342,-21.15],[132.0342,-20.97],[131.8783,-20.88],[131.7225,-20.97],[131.7225,-21.15],[131.8783,-21.24],[132.0342,-21.15]]]},"properties":{"state":"nt","n":1135,"kind":"geochem"}},{"type":"Feature","geometry":{"type":"Polygon","coordinates":[[[135.4637,-33.03],[135.4637,-32.85],[135.3078,-32.76],[135.1519,-32.85],[135.1519,-33.03],[135.3078,-33.12],[135.4637,-33.03]]]},"properties":{"state":"sa","n":1138,"kind":"geochem"}},{"type":"Feature","geometry":{"type":"Polygon","coordinates":[[[130.0077,-26.28],[130.0077,-26.1],[129.8518,-26.01],[129.696,-26.1],[129.696,-26.28],[129.8518,-26.37],[130.0077,-26.28]]]},"properties":{"state":"sa","n":1144,"kind":"geochem"}},{"type":"Feature","geometry":{"type":"Polygon","coordinates":[[[147.7786,-36.0],[147.7786,-35.82],[147.6227,-35.73],[147.4668,-35.82],[147.4668,-36.0],[147.6227,-36.09],[147.7786,-36.0]]]},"properties":{"state":"nsw","n":1146,"kind":"geochem"}},{"type":"Feature","geometry":{"type":"Polygon","coordinates":[[[133.1254,-21.96],[133.1254,-21.78],[132.9695,-21.69],[132.8137,-21.78],[132.8137,-21.96],[132.9695,-22.05],[133.1254,-21.96]]]},"properties":{"state":"nt","n":1152,"kind":"geochem"}},{"type":"Feature","geometry":{"type":"Polygon","coordinates":[[[133.1254,-20.88],[133.1254,-20.7],[132.9695,-20.61],[132.8137,-20.7],[132.8137,-20.88],[132.9695,-20.97],[133.1254,-20.88]]]},"properties":{"state":"nt","n":1155,"kind":"geochem"}},{"type":"Feature","geometry":{"type":"Polygon","coordinates":[[[150.1168,-35.19],[150.1168,-35.01],[149.961,-34.92],[149.8051,-35.01],[149.8051,-35.19],[149.961,-35.28],[150.1168,-35.19]]]},"properties":{"state":"nsw","n":1156,"kind":"geochem"}},{"type":"Feature","geometry":{"type":"Polygon","coordinates":[[[146.0638,-29.79],[146.0638,-29.61],[145.908,-29.52],[145.7521,-29.61],[145.7521,-29.79],[145.908,-29.88],[146.0638,-29.79]]]},"properties":{"state":"nsw","n":1156,"kind":"geochem"}},{"type":"Feature","geometry":{"type":"Polygon","coordinates":[[[135.7755,-34.65],[135.7755,-34.47],[135.6196,-34.38],[135.4637,-34.47],[135.4637,-34.65],[135.6196,-34.74],[135.7755,-34.65]]]},"properties":{"state":"sa","n":1159,"kind":"geochem"}},{"type":"Feature","geometry":{"type":"Polygon","coordinates":[[[147.155,-33.3],[147.155,-33.12],[146.9992,-33.03],[146.8433,-33.12],[146.8433,-33.3],[146.9992,-33.39],[147.155,-33.3]]]},"properties":{"state":"nsw","n":1161,"kind":"geochem"}},{"type":"Feature","geometry":{"type":"Polygon","coordinates":[[[137.6461,-31.41],[137.6461,-31.23],[137.4902,-31.14],[137.3343,-31.23],[137.3343,-31.41],[137.4902,-31.5],[137.6461,-31.41]]]},"properties":{"state":"sa","n":1165,"kind":"geochem"}},{"type":"Feature","geometry":{"type":"Polygon","coordinates":[[[138.1137,-17.1],[138.1137,-16.92],[137.9578,-16.83],[137.802,-16.92],[137.802,-17.1],[137.9578,-17.19],[138.1137,-17.1]]]},"properties":{"state":"nt","n":1167,"kind":"geochem"}},{"type":"Feature","geometry":{"type":"Polygon","coordinates":[[[145.2844,-31.68],[145.2844,-31.5],[145.1285,-31.41],[144.9727,-31.5],[144.9727,-31.68],[145.1285,-31.77],[145.2844,-31.68]]]},"properties":{"state":"nsw","n":1170,"kind":"geochem"}},{"type":"Feature","geometry":{"type":"Polygon","coordinates":[[[135.4637,-23.85],[135.4637,-23.67],[135.3078,-23.58],[135.1519,-23.67],[135.1519,-23.85],[135.3078,-23.94],[135.4637,-23.85]]]},"properties":{"state":"nt","n":1186,"kind":"geochem"}},{"type":"Feature","geometry":{"type":"Polygon","coordinates":[[[152.611,-30.87],[152.611,-30.69],[152.4551,-30.6],[152.2992,-30.69],[152.2992,-30.87],[152.4551,-30.96],[152.611,-30.87]]]},"properties":{"state":"nsw","n":1195,"kind":"geochem"}},{"type":"Feature","geometry":{"type":"Polygon","coordinates":[[[146.3756,-30.87],[146.3756,-30.69],[146.2197,-30.6],[146.0638,-30.69],[146.0638,-30.87],[146.2197,-30.96],[146.3756,-30.87]]]},"properties":{"state":"nsw","n":1198,"kind":"geochem"}},{"type":"Feature","geometry":{"type":"Polygon","coordinates":[[[130.4754,-22.23],[130.4754,-22.05],[130.3195,-21.96],[130.1636,-22.05],[130.1636,-22.23],[130.3195,-22.32],[130.4754,-22.23]]]},"properties":{"state":"nt","n":1198,"kind":"geochem"}},{"type":"Feature","geometry":{"type":"Polygon","coordinates":[[[130.943,-16.56],[130.943,-16.38],[130.7872,-16.29],[130.6313,-16.38],[130.6313,-16.56],[130.7872,-16.65],[130.943,-16.56]]]},"properties":{"state":"nt","n":1199,"kind":"geochem"}},{"type":"Feature","geometry":{"type":"Polygon","coordinates":[[[151.3639,-29.79],[151.3639,-29.61],[151.208,-29.52],[151.0522,-29.61],[151.0522,-29.79],[151.208,-29.88],[151.3639,-29.79]]]},"properties":{"state":"nsw","n":1208,"kind":"geochem"}},{"type":"Feature","geometry":{"type":"Polygon","coordinates":[[[131.7225,-22.23],[131.7225,-22.05],[131.5666,-21.96],[131.4107,-22.05],[131.4107,-22.23],[131.5666,-22.32],[131.7225,-22.23]]]},"properties":{"state":"nt","n":1213,"kind":"geochem"}},{"type":"Feature","geometry":{"type":"Polygon","coordinates":[[[142.7903,-31.14],[142.7903,-30.96],[142.6344,-30.87],[142.4785,-30.96],[142.4785,-31.14],[142.6344,-31.23],[142.7903,-31.14]]]},"properties":{"state":"nsw","n":1214,"kind":"geochem"}},{"type":"Feature","geometry":{"type":"Polygon","coordinates":[[[141.855,-29.52],[141.855,-29.34],[141.6991,-29.25],[141.5432,-29.34],[141.5432,-29.52],[141.6991,-29.61],[141.855,-29.52]]]},"properties":{"state":"nsw","n":1224,"kind":"geochem"}},{"type":"Feature","geometry":{"type":"Polygon","coordinates":[[[148.2462,-33.57],[148.2462,-33.39],[148.0903,-33.3],[147.9345,-33.39],[147.9345,-33.57],[148.0903,-33.66],[148.2462,-33.57]]]},"properties":{"state":"nsw","n":1239,"kind":"geochem"}},{"type":"Feature","geometry":{"type":"Polygon","coordinates":[[[133.749,-29.52],[133.749,-29.34],[133.5931,-29.25],[133.4372,-29.34],[133.4372,-29.52],[133.5931,-29.61],[133.749,-29.52]]]},"properties":{"state":"sa","n":1246,"kind":"geochem"}},{"type":"Feature","geometry":{"type":"Polygon","coordinates":[[[142.3226,-30.87],[142.3226,-30.69],[142.1667,-30.6],[142.0108,-30.69],[142.0108,-30.87],[142.1667,-30.96],[142.3226,-30.87]]]},"properties":{"state":"nsw","n":1251,"kind":"geochem"}},{"type":"Feature","geometry":{"type":"Polygon","coordinates":[[[135.3078,-20.88],[135.3078,-20.7],[135.1519,-20.61],[134.996,-20.7],[134.996,-20.88],[135.1519,-20.97],[135.3078,-20.88]]]},"properties":{"state":"nt","n":1266,"kind":"geochem"}},{"type":"Feature","geometry":{"type":"Polygon","coordinates":[[[133.2813,-12.51],[133.2813,-12.33],[133.1254,-12.24],[132.9695,-12.33],[132.9695,-12.51],[133.1254,-12.6],[133.2813,-12.51]]]},"properties":{"state":"nt","n":1266,"kind":"geochem"}},{"type":"Feature","geometry":{"type":"Polygon","coordinates":[[[140.452,-32.49],[140.452,-32.31],[140.2961,-32.22],[140.1402,-32.31],[140.1402,-32.49],[140.2961,-32.58],[140.452,-32.49]]]},"properties":{"state":"sa","n":1269,"kind":"geochem"}},{"type":"Feature","geometry":{"type":"Polygon","coordinates":[[[129.8518,-22.23],[129.8518,-22.05],[129.696,-21.96],[129.5401,-22.05],[129.5401,-22.23],[129.696,-22.32],[129.8518,-22.23]]]},"properties":{"state":"nt","n":1274,"kind":"geochem"}},{"type":"Feature","geometry":{"type":"Polygon","coordinates":[[[129.8518,-23.31],[129.8518,-23.13],[129.696,-23.04],[129.5401,-23.13],[129.5401,-23.31],[129.696,-23.4],[129.8518,-23.31]]]},"properties":{"state":"nt","n":1280,"kind":"geochem"}},{"type":"Feature","geometry":{"type":"Polygon","coordinates":[[[133.9048,-21.69],[133.9048,-21.51],[133.749,-21.42],[133.5931,-21.51],[133.5931,-21.69],[133.749,-21.78],[133.9048,-21.69]]]},"properties":{"state":"nt","n":1284,"kind":"geochem"}},{"type":"Feature","geometry":{"type":"Polygon","coordinates":[[[152.7669,-31.14],[152.7669,-30.96],[152.611,-30.87],[152.4551,-30.96],[152.4551,-31.14],[152.611,-31.23],[152.7669,-31.14]]]},"properties":{"state":"nsw","n":1287,"kind":"geochem"}},{"type":"Feature","geometry":{"type":"Polygon","coordinates":[[[133.749,-21.42],[133.749,-21.24],[133.5931,-21.15],[133.4372,-21.24],[133.4372,-21.42],[133.5931,-21.51],[133.749,-21.42]]]},"properties":{"state":"nt","n":1287,"kind":"geochem"}},{"type":"Feature","geometry":{"type":"Polygon","coordinates":[[[134.8402,-29.25],[134.8402,-29.07],[134.6843,-28.98],[134.5284,-29.07],[134.5284,-29.25],[134.6843,-29.34],[134.8402,-29.25]]]},"properties":{"state":"sa","n":1288,"kind":"geochem"}},{"type":"Feature","geometry":{"type":"Polygon","coordinates":[[[136.5549,-17.1],[136.5549,-16.92],[136.399,-16.83],[136.2431,-16.92],[136.2431,-17.1],[136.399,-17.19],[136.5549,-17.1]]]},"properties":{"state":"nt","n":1293,"kind":"geochem"}},{"type":"Feature","geometry":{"type":"Polygon","coordinates":[[[131.4107,-14.67],[131.4107,-14.49],[131.2548,-14.4],[131.0989,-14.49],[131.0989,-14.67],[131.2548,-14.76],[131.4107,-14.67]]]},"properties":{"state":"nt","n":1300,"kind":"geochem"}},{"type":"Feature","geometry":{"type":"Polygon","coordinates":[[[130.4754,-16.29],[130.4754,-16.11],[130.3195,-16.02],[130.1636,-16.11],[130.1636,-16.29],[130.3195,-16.38],[130.4754,-16.29]]]},"properties":{"state":"nt","n":1302,"kind":"geochem"}},{"type":"Feature","geometry":{"type":"Polygon","coordinates":[[[142.9462,-31.95],[142.9462,-31.77],[142.7903,-31.68],[142.6344,-31.77],[142.6344,-31.95],[142.7903,-32.04],[142.9462,-31.95]]]},"properties":{"state":"nsw","n":1304,"kind":"geochem"}},{"type":"Feature","geometry":{"type":"Polygon","coordinates":[[[133.1254,-21.42],[133.1254,-21.24],[132.9695,-21.15],[132.8137,-21.24],[132.8137,-21.42],[132.9695,-21.51],[133.1254,-21.42]]]},"properties":{"state":"nt","n":1304,"kind":"geochem"}},{"type":"Feature","geometry":{"type":"Polygon","coordinates":[[[145.4403,-31.95],[145.4403,-31.77],[145.2844,-31.68],[145.1285,-31.77],[145.1285,-31.95],[145.2844,-32.04],[145.4403,-31.95]]]},"properties":{"state":"nsw","n":1308,"kind":"geochem"}},{"type":"Feature","geometry":{"type":"Polygon","coordinates":[[[149.4933,-35.19],[149.4933,-35.01],[149.3374,-34.92],[149.1815,-35.01],[149.1815,-35.19],[149.3374,-35.28],[149.4933,-35.19]]]},"properties":{"state":"nsw","n":1320,"kind":"geochem"}},{"type":"Feature","geometry":{"type":"Polygon","coordinates":[[[150.2727,-33.84],[150.2727,-33.66],[150.1168,-33.57],[149.961,-33.66],[149.961,-33.84],[150.1168,-33.93],[150.2727,-33.84]]]},"properties":{"state":"nsw","n":1332,"kind":"geochem"}},{"type":"Feature","geometry":{"type":"Polygon","coordinates":[[[131.2548,-16.56],[131.2548,-16.38],[131.0989,-16.29],[130.943,-16.38],[130.943,-16.56],[131.0989,-16.65],[131.2548,-16.56]]]},"properties":{"state":"nt","n":1332,"kind":"geochem"}},{"type":"Feature","geometry":{"type":"Polygon","coordinates":[[[149.0257,-37.08],[149.0257,-36.9],[148.8698,-36.81],[148.7139,-36.9],[148.7139,-37.08],[148.8698,-37.17],[149.0257,-37.08]]]},"properties":{"state":"nsw","n":1340,"kind":"geochem"}},{"type":"Feature","geometry":{"type":"Polygon","coordinates":[[[147.6227,-41.13],[147.6227,-40.95],[147.4668,-40.86],[147.3109,-40.95],[147.3109,-41.13],[147.4668,-41.22],[147.6227,-41.13]]]},"properties":{"state":"tas","n":1340,"kind":"geochem"}},{"type":"Feature","geometry":{"type":"Polygon","coordinates":[[[150.1168,-37.35],[150.1168,-37.17],[149.961,-37.08],[149.8051,-37.17],[149.8051,-37.35],[149.961,-37.44],[150.1168,-37.35]]]},"properties":{"state":"nsw","n":1341,"kind":"geochem"}},{"type":"Feature","geometry":{"type":"Polygon","coordinates":[[[145.2844,-40.86],[145.2844,-40.68],[145.1285,-40.59],[144.9727,-40.68],[144.9727,-40.86],[145.1285,-40.95],[145.2844,-40.86]]]},"properties":{"state":"tas","n":1352,"kind":"geochem"}},{"type":"Feature","geometry":{"type":"Polygon","coordinates":[[[131.2548,-20.34],[131.2548,-20.16],[131.0989,-20.07],[130.943,-20.16],[130.943,-20.34],[131.0989,-20.43],[131.2548,-20.34]]]},"properties":{"state":"nt","n":1362,"kind":"geochem"}},{"type":"Feature","geometry":{"type":"Polygon","coordinates":[[[129.696,-23.04],[129.696,-22.86],[129.5401,-22.77],[129.3842,-22.86],[129.3842,-23.04],[129.5401,-23.13],[129.696,-23.04]]]},"properties":{"state":"nt","n":1365,"kind":"geochem"}},{"type":"Feature","geometry":{"type":"Polygon","coordinates":[[[148.0903,-34.92],[148.0903,-34.74],[147.9345,-34.65],[147.7786,-34.74],[147.7786,-34.92],[147.9345,-35.01],[148.0903,-34.92]]]},"properties":{"state":"nsw","n":1379,"kind":"geochem"}},{"type":"Feature","geometry":{"type":"Polygon","coordinates":[[[151.3639,-30.87],[151.3639,-30.69],[151.208,-30.6],[151.0522,-30.69],[151.0522,-30.87],[151.208,-30.96],[151.3639,-30.87]]]},"properties":{"state":"nsw","n":1383,"kind":"geochem"}},{"type":"Feature","geometry":{"type":"Polygon","coordinates":[[[139.049,-33.84],[139.049,-33.66],[138.8932,-33.57],[138.7373,-33.66],[138.7373,-33.84],[138.8932,-33.93],[139.049,-33.84]]]},"properties":{"state":"sa","n":1395,"kind":"geochem"}},{"type":"Feature","geometry":{"type":"Polygon","coordinates":[[[149.0257,-36.54],[149.0257,-36.36],[148.8698,-36.27],[148.7139,-36.36],[148.7139,-36.54],[148.8698,-36.63],[149.0257,-36.54]]]},"properties":{"state":"nsw","n":1397,"kind":"geochem"}},{"type":"Feature","geometry":{"type":"Polygon","coordinates":[[[146.8433,-32.76],[146.8433,-32.58],[146.6874,-32.49],[146.5315,-32.58],[146.5315,-32.76],[146.6874,-32.85],[146.8433,-32.76]]]},"properties":{"state":"nsw","n":1401,"kind":"geochem"}},{"type":"Feature","geometry":{"type":"Polygon","coordinates":[[[152.4551,-30.06],[152.4551,-29.88],[152.2992,-29.79],[152.1433,-29.88],[152.1433,-30.06],[152.2992,-30.15],[152.4551,-30.06]]]},"properties":{"state":"nsw","n":1404,"kind":"geochem"}},{"type":"Feature","geometry":{"type":"Polygon","coordinates":[[[142.9462,-37.89],[142.9462,-37.71],[142.7903,-37.62],[142.6344,-37.71],[142.6344,-37.89],[142.7903,-37.98],[142.9462,-37.89]]]},"properties":{"state":"vic","n":1406,"kind":"geochem"}},{"type":"Feature","geometry":{"type":"Polygon","coordinates":[[[137.6461,-16.83],[137.6461,-16.65],[137.4902,-16.56],[137.3343,-16.65],[137.3343,-16.83],[137.4902,-16.92],[137.6461,-16.83]]]},"properties":{"state":"nt","n":1419,"kind":"geochem"}},{"type":"Feature","geometry":{"type":"Polygon","coordinates":[[[146.9992,-36.27],[146.9992,-36.09],[146.8433,-36.0],[146.6874,-36.09],[146.6874,-36.27],[146.8433,-36.36],[146.9992,-36.27]]]},"properties":{"state":"nsw","n":1422,"kind":"geochem"}},{"type":"Feature","geometry":{"type":"Polygon","coordinates":[[[134.6843,-23.58],[134.6843,-23.4],[134.5284,-23.31],[134.3725,-23.4],[134.3725,-23.58],[134.5284,-23.67],[134.6843,-23.58]]]},"properties":{"state":"nt","n":1422,"kind":"geochem"}},{"type":"Feature","geometry":{"type":"Polygon","coordinates":[[[136.399,-34.11],[136.399,-33.93],[136.2431,-33.84],[136.0872,-33.93],[136.0872,-34.11],[136.2431,-34.2],[136.399,-34.11]]]},"properties":{"state":"sa","n":1423,"kind":"geochem"}},{"type":"Feature","geometry":{"type":"Polygon","coordinates":[[[135.3078,-31.14],[135.3078,-30.96],[135.1519,-30.87],[134.996,-30.96],[134.996,-31.14],[135.1519,-31.23],[135.3078,-31.14]]]},"properties":{"state":"sa","n":1424,"kind":"geochem"}},{"type":"Feature","geometry":{"type":"Polygon","coordinates":[[[146.6874,-34.11],[146.6874,-33.93],[146.5315,-33.84],[146.3756,-33.93],[146.3756,-34.11],[146.5315,-34.2],[146.6874,-34.11]]]},"properties":{"state":"nsw","n":1433,"kind":"geochem"}},{"type":"Feature","geometry":{"type":"Polygon","coordinates":[[[130.1636,-22.23],[130.1636,-22.05],[130.0077,-21.96],[129.8518,-22.05],[129.8518,-22.23],[130.0077,-22.32],[130.1636,-22.23]]]},"properties":{"state":"nt","n":1441,"kind":"geochem"}},{"type":"Feature","geometry":{"type":"Polygon","coordinates":[[[145.908,-43.02],[145.908,-42.84],[145.7521,-42.75],[145.5962,-42.84],[145.5962,-43.02],[145.7521,-43.11],[145.908,-43.02]]]},"properties":{"state":"tas","n":1448,"kind":"geochem"}},{"type":"Feature","geometry":{"type":"Polygon","coordinates":[[[131.0989,-13.59],[131.0989,-13.41],[130.943,-13.32],[130.7872,-13.41],[130.7872,-13.59],[130.943,-13.68],[131.0989,-13.59]]]},"properties":{"state":"nt","n":1461,"kind":"geochem"}},{"type":"Feature","geometry":{"type":"Polygon","coordinates":[[[135.1519,-15.21],[135.1519,-15.03],[134.996,-14.94],[134.8402,-15.03],[134.8402,-15.21],[134.996,-15.3],[135.1519,-15.21]]]},"properties":{"state":"nt","n":1462,"kind":"geochem"}},{"type":"Feature","geometry":{"type":"Polygon","coordinates":[[[130.1636,-20.07],[130.1636,-19.89],[130.0077,-19.8],[129.8518,-19.89],[129.8518,-20.07],[130.0077,-20.16],[130.1636,-20.07]]]},"properties":{"state":"nt","n":1463,"kind":"geochem"}},{"type":"Feature","geometry":{"type":"Polygon","coordinates":[[[139.8285,-33.57],[139.8285,-33.39],[139.6726,-33.3],[139.5167,-33.39],[139.5167,-33.57],[139.6726,-33.66],[139.8285,-33.57]]]},"properties":{"state":"sa","n":1467,"kind":"geochem"}},{"type":"Feature","geometry":{"type":"Polygon","coordinates":[[[133.1254,-12.24],[133.1254,-12.06],[132.9695,-11.97],[132.8137,-12.06],[132.8137,-12.24],[132.9695,-12.33],[133.1254,-12.24]]]},"properties":{"state":"nt","n":1468,"kind":"geochem"}},{"type":"Feature","geometry":{"type":"Polygon","coordinates":[[[129.696,-22.5],[129.696,-22.32],[129.5401,-22.23],[129.3842,-22.32],[129.3842,-22.5],[129.5401,-22.59],[129.696,-22.5]]]},"properties":{"state":"nt","n":1468,"kind":"geochem"}},{"type":"Feature","geometry":{"type":"Polygon","coordinates":[[[149.961,-37.08],[149.961,-36.9],[149.8051,-36.81],[149.6492,-36.9],[149.6492,-37.08],[149.8051,-37.17],[149.961,-37.08]]]},"properties":{"state":"nsw","n":1471,"kind":"geochem"}},{"type":"Feature","geometry":{"type":"Polygon","coordinates":[[[141.2314,-31.68],[141.2314,-31.5],[141.0755,-31.41],[140.9197,-31.5],[140.9197,-31.68],[141.0755,-31.77],[141.2314,-31.68]]]},"properties":{"state":"nsw","n":1475,"kind":"geochem"}},{"type":"Feature","geometry":{"type":"Polygon","coordinates":[[[136.7108,-20.07],[136.7108,-19.89],[136.5549,-19.8],[136.399,-19.89],[136.399,-20.07],[136.5549,-20.16],[136.7108,-20.07]]]},"properties":{"state":"nt","n":1477,"kind":"geochem"}},{"type":"Feature","geometry":{"type":"Polygon","coordinates":[[[146.5315,-32.76],[146.5315,-32.58],[146.3756,-32.49],[146.2197,-32.58],[146.2197,-32.76],[146.3756,-32.85],[146.5315,-32.76]]]},"properties":{"state":"nsw","n":1479,"kind":"geochem"}},{"type":"Feature","geometry":{"type":"Polygon","coordinates":[[[137.3343,-35.73],[137.3343,-35.55],[137.1784,-35.46],[137.0225,-35.55],[137.0225,-35.73],[137.1784,-35.82],[137.3343,-35.73]]]},"properties":{"state":"sa","n":1480,"kind":"geochem"}},{"type":"Feature","geometry":{"type":"Polygon","coordinates":[[[151.5198,-31.14],[151.5198,-30.96],[151.3639,-30.87],[151.208,-30.96],[151.208,-31.14],[151.3639,-31.23],[151.5198,-31.14]]]},"properties":{"state":"nsw","n":1481,"kind":"geochem"}},{"type":"Feature","geometry":{"type":"Polygon","coordinates":[[[134.5284,-30.33],[134.5284,-30.15],[134.3725,-30.06],[134.2166,-30.15],[134.2166,-30.33],[134.3725,-30.42],[134.5284,-30.33]]]},"properties":{"state":"sa","n":1485,"kind":"geochem"}},{"type":"Feature","geometry":{"type":"Polygon","coordinates":[[[136.0872,-15.75],[136.0872,-15.57],[135.9313,-15.48],[135.7755,-15.57],[135.7755,-15.75],[135.9313,-15.84],[136.0872,-15.75]]]},"properties":{"state":"nt","n":1487,"kind":"geochem"}},{"type":"Feature","geometry":{"type":"Polygon","coordinates":[[[146.6874,-41.13],[146.6874,-40.95],[146.5315,-40.86],[146.3756,-40.95],[146.3756,-41.13],[146.5315,-41.22],[146.6874,-41.13]]]},"properties":{"state":"tas","n":1488,"kind":"geochem"}},{"type":"Feature","geometry":{"type":"Polygon","coordinates":[[[144.0373,-36.54],[144.0373,-36.36],[143.8815,-36.27],[143.7256,-36.36],[143.7256,-36.54],[143.8815,-36.63],[144.0373,-36.54]]]},"properties":{"state":"vic","n":1489,"kind":"geochem"}},{"type":"Feature","geometry":{"type":"Polygon","coordinates":[[[152.7669,-28.98],[152.7669,-28.8],[152.611,-28.71],[152.4551,-28.8],[152.4551,-28.98],[152.611,-29.07],[152.7669,-28.98]]]},"properties":{"state":"nsw","n":1491,"kind":"geochem"}},{"type":"Feature","geometry":{"type":"Polygon","coordinates":[[[147.3109,-31.41],[147.3109,-31.23],[147.155,-31.14],[146.9992,-31.23],[146.9992,-31.41],[147.155,-31.5],[147.3109,-31.41]]]},"properties":{"state":"nsw","n":1495,"kind":"geochem"}},{"type":"Feature","geometry":{"type":"Polygon","coordinates":[[[148.2462,-32.49],[148.2462,-32.31],[148.0903,-32.22],[147.9345,-32.31],[147.9345,-32.49],[148.0903,-32.58],[148.2462,-32.49]]]},"properties":{"state":"nsw","n":1497,"kind":"geochem"}},{"type":"Feature","geometry":{"type":"Polygon","coordinates":[[[149.6492,-36.0],[149.6492,-35.82],[149.4933,-35.73],[149.3374,-35.82],[149.3374,-36.0],[149.4933,-36.09],[149.6492,-36.0]]]},"properties":{"state":"nsw","n":1497,"kind":"geochem"}},{"type":"Feature","geometry":{"type":"Polygon","coordinates":[[[144.9727,-40.86],[144.9727,-40.68],[144.8168,-40.59],[144.6609,-40.68],[144.6609,-40.86],[144.8168,-40.95],[144.9727,-40.86]]]},"properties":{"state":"tas","n":1506,"kind":"geochem"}},{"type":"Feature","geometry":{"type":"Polygon","coordinates":[[[136.0872,-22.77],[136.0872,-22.59],[135.9313,-22.5],[135.7755,-22.59],[135.7755,-22.77],[135.9313,-22.86],[136.0872,-22.77]]]},"properties":{"state":"nt","n":1509,"kind":"geochem"}},{"type":"Feature","geometry":{"type":"Polygon","coordinates":[[[142.7903,-30.6],[142.7903,-30.42],[142.6344,-30.33],[142.4785,-30.42],[142.4785,-30.6],[142.6344,-30.69],[142.7903,-30.6]]]},"properties":{"state":"nsw","n":1515,"kind":"geochem"}},{"type":"Feature","geometry":{"type":"Polygon","coordinates":[[[149.8051,-31.95],[149.8051,-31.77],[149.6492,-31.68],[149.4933,-31.77],[149.4933,-31.95],[149.6492,-32.04],[149.8051,-31.95]]]},"properties":{"state":"nsw","n":1520,"kind":"geochem"}},{"type":"Feature","geometry":{"type":"Polygon","coordinates":[[[148.558,-34.65],[148.558,-34.47],[148.4021,-34.38],[148.2462,-34.47],[148.2462,-34.65],[148.4021,-34.74],[148.558,-34.65]]]},"properties":{"state":"nsw","n":1522,"kind":"geochem"}},{"type":"Feature","geometry":{"type":"Polygon","coordinates":[[[133.2813,-29.79],[133.2813,-29.61],[133.1254,-29.52],[132.9695,-29.61],[132.9695,-29.79],[133.1254,-29.88],[133.2813,-29.79]]]},"properties":{"state":"sa","n":1525,"kind":"geochem"}},{"type":"Feature","geometry":{"type":"Polygon","coordinates":[[[129.5401,-22.77],[129.5401,-22.59],[129.3842,-22.5],[129.2283,-22.59],[129.2283,-22.77],[129.3842,-22.86],[129.5401,-22.77]]]},"properties":{"state":"nt","n":1531,"kind":"geochem"}},{"type":"Feature","geometry":{"type":"Polygon","coordinates":[[[146.2197,-43.02],[146.2197,-42.84],[146.0638,-42.75],[145.908,-42.84],[145.908,-43.02],[146.0638,-43.11],[146.2197,-43.02]]]},"properties":{"state":"tas","n":1532,"kind":"geochem"}},{"type":"Feature","geometry":{"type":"Polygon","coordinates":[[[137.0225,-33.57],[137.0225,-33.39],[136.8667,-33.3],[136.7108,-33.39],[136.7108,-33.57],[136.8667,-33.66],[137.0225,-33.57]]]},"properties":{"state":"sa","n":1534,"kind":"geochem"}},{"type":"Feature","geometry":{"type":"Polygon","coordinates":[[[150.2727,-34.38],[150.2727,-34.2],[150.1168,-34.11],[149.961,-34.2],[149.961,-34.38],[150.1168,-34.47],[150.2727,-34.38]]]},"properties":{"state":"nsw","n":1535,"kind":"geochem"}},{"type":"Feature","geometry":{"type":"Polygon","coordinates":[[[146.6874,-30.87],[146.6874,-30.69],[146.5315,-30.6],[146.3756,-30.69],[146.3756,-30.87],[146.5315,-30.96],[146.6874,-30.87]]]},"properties":{"state":"nsw","n":1552,"kind":"geochem"}},{"type":"Feature","geometry":{"type":"Polygon","coordinates":[[[148.0903,-41.94],[148.0903,-41.76],[147.9345,-41.67],[147.7786,-41.76],[147.7786,-41.94],[147.9345,-42.03],[148.0903,-41.94]]]},"properties":{"state":"tas","n":1552,"kind":"geochem"}},{"type":"Feature","geometry":{"type":"Polygon","coordinates":[[[151.9875,-30.87],[151.9875,-30.69],[151.8316,-30.6],[151.6757,-30.69],[151.6757,-30.87],[151.8316,-30.96],[151.9875,-30.87]]]},"properties":{"state":"nsw","n":1558,"kind":"geochem"}},{"type":"Feature","geometry":{"type":"Polygon","coordinates":[[[135.6196,-16.56],[135.6196,-16.38],[135.4637,-16.29],[135.3078,-16.38],[135.3078,-16.56],[135.4637,-16.65],[135.6196,-16.56]]]},"properties":{"state":"nt","n":1560,"kind":"geochem"}},{"type":"Feature","geometry":{"type":"Polygon","coordinates":[[[137.802,-17.64],[137.802,-17.46],[137.6461,-17.37],[137.4902,-17.46],[137.4902,-17.64],[137.6461,-17.73],[137.802,-17.64]]]},"properties":{"state":"nt","n":1561,"kind":"geochem"}},{"type":"Feature","geometry":{"type":"Polygon","coordinates":[[[136.399,-17.37],[136.399,-17.19],[136.2431,-17.1],[136.0872,-17.19],[136.0872,-17.37],[136.2431,-17.46],[136.399,-17.37]]]},"properties":{"state":"nt","n":1572,"kind":"geochem"}},{"type":"Feature","geometry":{"type":"Polygon","coordinates":[[[146.6874,-31.41],[146.6874,-31.23],[146.5315,-31.14],[146.3756,-31.23],[146.3756,-31.41],[146.5315,-31.5],[146.6874,-31.41]]]},"properties":{"state":"nsw","n":1577,"kind":"geochem"}},{"type":"Feature","geometry":{"type":"Polygon","coordinates":[[[146.5315,-43.02],[146.5315,-42.84],[146.3756,-42.75],[146.2197,-42.84],[146.2197,-43.02],[146.3756,-43.11],[146.5315,-43.02]]]},"properties":{"state":"tas","n":1578,"kind":"geochem"}},{"type":"Feature","geometry":{"type":"Polygon","coordinates":[[[133.5931,-29.79],[133.5931,-29.61],[133.4372,-29.52],[133.2813,-29.61],[133.2813,-29.79],[133.4372,-29.88],[133.5931,-29.79]]]},"properties":{"state":"sa","n":1580,"kind":"geochem"}},{"type":"Feature","geometry":{"type":"Polygon","coordinates":[[[144.505,-36.81],[144.505,-36.63],[144.3491,-36.54],[144.1932,-36.63],[144.1932,-36.81],[144.3491,-36.9],[144.505,-36.81]]]},"properties":{"state":"vic","n":1592,"kind":"geochem"}},{"type":"Feature","geometry":{"type":"Polygon","coordinates":[[[144.0373,-37.62],[144.0373,-37.44],[143.8815,-37.35],[143.7256,-37.44],[143.7256,-37.62],[143.8815,-37.71],[144.0373,-37.62]]]},"properties":{"state":"vic","n":1598,"kind":"geochem"}},{"type":"Feature","geometry":{"type":"Polygon","coordinates":[[[146.3756,-41.13],[146.3756,-40.95],[146.2197,-40.86],[146.0638,-40.95],[146.0638,-41.13],[146.2197,-41.22],[146.3756,-41.13]]]},"properties":{"state":"tas","n":1601,"kind":"geochem"}},{"type":"Feature","geometry":{"type":"Polygon","coordinates":[[[146.0638,-42.21],[146.0638,-42.03],[145.908,-41.94],[145.7521,-42.03],[145.7521,-42.21],[145.908,-42.3],[146.0638,-42.21]]]},"properties":{"state":"tas","n":1603,"kind":"geochem"}},{"type":"Feature","geometry":{"type":"Polygon","coordinates":[[[152.1433,-28.98],[152.1433,-28.8],[151.9875,-28.71],[151.8316,-28.8],[151.8316,-28.98],[151.9875,-29.07],[152.1433,-28.98]]]},"properties":{"state":"nsw","n":1610,"kind":"geochem"}},{"type":"Feature","geometry":{"type":"Polygon","coordinates":[[[151.208,-30.06],[151.208,-29.88],[151.0522,-29.79],[150.8963,-29.88],[150.8963,-30.06],[151.0522,-30.15],[151.208,-30.06]]]},"properties":{"state":"nsw","n":1620,"kind":"geochem"}},{"type":"Feature","geometry":{"type":"Polygon","coordinates":[[[144.0373,-39.78],[144.0373,-39.6],[143.8815,-39.51],[143.7256,-39.6],[143.7256,-39.78],[143.8815,-39.87],[144.0373,-39.78]]]},"properties":{"state":"tas","n":1637,"kind":"geochem"}},{"type":"Feature","geometry":{"type":"Polygon","coordinates":[[[151.0522,-30.33],[151.0522,-30.15],[150.8963,-30.06],[150.7404,-30.15],[150.7404,-30.33],[150.8963,-30.42],[151.0522,-30.33]]]},"properties":{"state":"nsw","n":1638,"kind":"geochem"}},{"type":"Feature","geometry":{"type":"Polygon","coordinates":[[[152.1433,-31.14],[152.1433,-30.96],[151.9875,-30.87],[151.8316,-30.96],[151.8316,-31.14],[151.9875,-31.23],[152.1433,-31.14]]]},"properties":{"state":"nsw","n":1643,"kind":"geochem"}},{"type":"Feature","geometry":{"type":"Polygon","coordinates":[[[140.9197,-31.68],[140.9197,-31.5],[140.7638,-31.41],[140.6079,-31.5],[140.6079,-31.68],[140.7638,-31.77],[140.9197,-31.68]]]},"properties":{"state":"sa","n":1647,"kind":"geochem"}},{"type":"Feature","geometry":{"type":"Polygon","coordinates":[[[134.996,-22.5],[134.996,-22.32],[134.8402,-22.23],[134.6843,-22.32],[134.6843,-22.5],[134.8402,-22.59],[134.996,-22.5]]]},"properties":{"state":"nt","n":1649,"kind":"geochem"}},{"type":"Feature","geometry":{"type":"Polygon","coordinates":[[[148.558,-32.49],[148.558,-32.31],[148.4021,-32.22],[148.2462,-32.31],[148.2462,-32.49],[148.4021,-32.58],[148.558,-32.49]]]},"properties":{"state":"nsw","n":1650,"kind":"geochem"}},{"type":"Feature","geometry":{"type":"Polygon","coordinates":[[[130.0077,-21.42],[130.0077,-21.24],[129.8518,-21.15],[129.696,-21.24],[129.696,-21.42],[129.8518,-21.51],[130.0077,-21.42]]]},"properties":{"state":"nt","n":1650,"kind":"geochem"}},{"type":"Feature","geometry":{"type":"Polygon","coordinates":[[[130.6313,-12.78],[130.6313,-12.6],[130.4754,-12.51],[130.3195,-12.6],[130.3195,-12.78],[130.4754,-12.87],[130.6313,-12.78]]]},"properties":{"state":"nt","n":1653,"kind":"geochem"}},{"type":"Feature","geometry":{"type":"Polygon","coordinates":[[[151.5198,-30.06],[151.5198,-29.88],[151.3639,-29.79],[151.208,-29.88],[151.208,-30.06],[151.3639,-30.15],[151.5198,-30.06]]]},"properties":{"state":"nsw","n":1659,"kind":"geochem"}},{"type":"Feature","geometry":{"type":"Polygon","coordinates":[[[130.1636,-26.55],[130.1636,-26.37],[130.0077,-26.28],[129.8518,-26.37],[129.8518,-26.55],[130.0077,-26.64],[130.1636,-26.55]]]},"properties":{"state":"sa","n":1663,"kind":"geochem"}},{"type":"Feature","geometry":{"type":"Polygon","coordinates":[[[140.6079,-32.76],[140.6079,-32.58],[140.452,-32.49],[140.2961,-32.58],[140.2961,-32.76],[140.452,-32.85],[140.6079,-32.76]]]},"properties":{"state":"sa","n":1670,"kind":"geochem"}},{"type":"Feature","geometry":{"type":"Polygon","coordinates":[[[150.4286,-34.11],[150.4286,-33.93],[150.2727,-33.84],[150.1168,-33.93],[150.1168,-34.11],[150.2727,-34.2],[150.4286,-34.11]]]},"properties":{"state":"nsw","n":1680,"kind":"geochem"}},{"type":"Feature","geometry":{"type":"Polygon","coordinates":[[[148.7139,-33.84],[148.7139,-33.66],[148.558,-33.57],[148.4021,-33.66],[148.4021,-33.84],[148.558,-33.93],[148.7139,-33.84]]]},"properties":{"state":"nsw","n":1688,"kind":"geochem"}},{"type":"Feature","geometry":{"type":"Polygon","coordinates":[[[135.6196,-29.52],[135.6196,-29.34],[135.4637,-29.25],[135.3078,-29.34],[135.3078,-29.52],[135.4637,-29.61],[135.6196,-29.52]]]},"properties":{"state":"sa","n":1688,"kind":"geochem"}},{"type":"Feature","geometry":{"type":"Polygon","coordinates":[[[135.9313,-34.92],[135.9313,-34.74],[135.7755,-34.65],[135.6196,-34.74],[135.6196,-34.92],[135.7755,-35.01],[135.9313,-34.92]]]},"properties":{"state":"sa","n":1689,"kind":"geochem"}},{"type":"Feature","geometry":{"type":"Polygon","coordinates":[[[145.1285,-36.81],[145.1285,-36.63],[144.9727,-36.54],[144.8168,-36.63],[144.8168,-36.81],[144.9727,-36.9],[145.1285,-36.81]]]},"properties":{"state":"vic","n":1698,"kind":"geochem"}},{"type":"Feature","geometry":{"type":"Polygon","coordinates":[[[129.8518,-18.99],[129.8518,-18.81],[129.696,-18.72],[129.5401,-18.81],[129.5401,-18.99],[129.696,-19.08],[129.8518,-18.99]]]},"properties":{"state":"nt","n":1710,"kind":"geochem"}},{"type":"Feature","geometry":{"type":"Polygon","coordinates":[[[135.9313,-32.76],[135.9313,-32.58],[135.7755,-32.49],[135.6196,-32.58],[135.6196,-32.76],[135.7755,-32.85],[135.9313,-32.76]]]},"properties":{"state":"sa","n":1718,"kind":"geochem"}},{"type":"Feature","geometry":{"type":"Polygon","coordinates":[[[147.9345,-35.19],[147.9345,-35.01],[147.7786,-34.92],[147.6227,-35.01],[147.6227,-35.19],[147.7786,-35.28],[147.9345,-35.19]]]},"properties":{"state":"nsw","n":1726,"kind":"geochem"}},{"type":"Feature","geometry":{"type":"Polygon","coordinates":[[[151.9875,-30.33],[151.9875,-30.15],[151.8316,-30.06],[151.6757,-30.15],[151.6757,-30.33],[151.8316,-30.42],[151.9875,-30.33]]]},"properties":{"state":"nsw","n":1728,"kind":"geochem"}},{"type":"Feature","geometry":{"type":"Polygon","coordinates":[[[146.5315,-33.84],[146.5315,-33.66],[146.3756,-33.57],[146.2197,-33.66],[146.2197,-33.84],[146.3756,-33.93],[146.5315,-33.84]]]},"properties":{"state":"nsw","n":1730,"kind":"geochem"}},{"type":"Feature","geometry":{"type":"Polygon","coordinates":[[[147.155,-31.14],[147.155,-30.96],[146.9992,-30.87],[146.8433,-30.96],[146.8433,-31.14],[146.9992,-31.23],[147.155,-31.14]]]},"properties":{"state":"nsw","n":1751,"kind":"geochem"}},{"type":"Feature","geometry":{"type":"Polygon","coordinates":[[[132.9695,-31.41],[132.9695,-31.23],[132.8137,-31.14],[132.6578,-31.23],[132.6578,-31.41],[132.8137,-31.5],[132.9695,-31.41]]]},"properties":{"state":"sa","n":1757,"kind":"geochem"}},{"type":"Feature","geometry":{"type":"Polygon","coordinates":[[[147.7786,-41.94],[147.7786,-41.76],[147.6227,-41.67],[147.4668,-41.76],[147.4668,-41.94],[147.6227,-42.03],[147.7786,-41.94]]]},"properties":{"state":"tas","n":1759,"kind":"geochem"}},{"type":"Feature","geometry":{"type":"Polygon","coordinates":[[[132.8137,-26.28],[132.8137,-26.1],[132.6578,-26.01],[132.5019,-26.1],[132.5019,-26.28],[132.6578,-26.37],[132.8137,-26.28]]]},"properties":{"state":"sa","n":1761,"kind":"geochem"}},{"type":"Feature","geometry":{"type":"Polygon","coordinates":[[[137.3343,-17.37],[137.3343,-17.19],[137.1784,-17.1],[137.0225,-17.19],[137.0225,-17.37],[137.1784,-17.46],[137.3343,-17.37]]]},"properties":{"state":"nt","n":1780,"kind":"geochem"}},{"type":"Feature","geometry":{"type":"Polygon","coordinates":[[[136.0872,-13.59],[136.0872,-13.41],[135.9313,-13.32],[135.7755,-13.41],[135.7755,-13.59],[135.9313,-13.68],[136.0872,-13.59]]]},"properties":{"state":"nt","n":1788,"kind":"geochem"}},{"type":"Feature","geometry":{"type":"Polygon","coordinates":[[[135.4637,-29.79],[135.4637,-29.61],[135.3078,-29.52],[135.1519,-29.61],[135.1519,-29.79],[135.3078,-29.88],[135.4637,-29.79]]]},"properties":{"state":"sa","n":1803,"kind":"geochem"}},{"type":"Feature","geometry":{"type":"Polygon","coordinates":[[[135.1519,-31.41],[135.1519,-31.23],[134.996,-31.14],[134.8402,-31.23],[134.8402,-31.41],[134.996,-31.5],[135.1519,-31.41]]]},"properties":{"state":"sa","n":1832,"kind":"geochem"}},{"type":"Feature","geometry":{"type":"Polygon","coordinates":[[[146.8433,-34.38],[146.8433,-34.2],[146.6874,-34.11],[146.5315,-34.2],[146.5315,-34.38],[146.6874,-34.47],[146.8433,-34.38]]]},"properties":{"state":"nsw","n":1833,"kind":"geochem"}},{"type":"Feature","geometry":{"type":"Polygon","coordinates":[[[131.5666,-14.94],[131.5666,-14.76],[131.4107,-14.67],[131.2548,-14.76],[131.2548,-14.94],[131.4107,-15.03],[131.5666,-14.94]]]},"properties":{"state":"nt","n":1833,"kind":"geochem"}},{"type":"Feature","geometry":{"type":"Polygon","coordinates":[[[134.0607,-19.26],[134.0607,-19.08],[133.9048,-18.99],[133.749,-19.08],[133.749,-19.26],[133.9048,-19.35],[134.0607,-19.26]]]},"properties":{"state":"nt","n":1834,"kind":"geochem"}},{"type":"Feature","geometry":{"type":"Polygon","coordinates":[[[149.1815,-35.73],[149.1815,-35.55],[149.0257,-35.46],[148.8698,-35.55],[148.8698,-35.73],[149.0257,-35.82],[149.1815,-35.73]]]},"properties":{"state":"nsw","n":1858,"kind":"geochem"}},{"type":"Feature","geometry":{"type":"Polygon","coordinates":[[[137.4902,-33.3],[137.4902,-33.12],[137.3343,-33.03],[137.1784,-33.12],[137.1784,-33.3],[137.3343,-33.39],[137.4902,-33.3]]]},"properties":{"state":"sa","n":1859,"kind":"geochem"}},{"type":"Feature","geometry":{"type":"Polygon","coordinates":[[[130.6313,-13.32],[130.6313,-13.14],[130.4754,-13.05],[130.3195,-13.14],[130.3195,-13.32],[130.4754,-13.41],[130.6313,-13.32]]]},"properties":{"state":"nt","n":1860,"kind":"geochem"}},{"type":"Feature","geometry":{"type":"Polygon","coordinates":[[[150.1168,-34.65],[150.1168,-34.47],[149.961,-34.38],[149.8051,-34.47],[149.8051,-34.65],[149.961,-34.74],[150.1168,-34.65]]]},"properties":{"state":"nsw","n":1870,"kind":"geochem"}},{"type":"Feature","geometry":{"type":"Polygon","coordinates":[[[129.8518,-20.07],[129.8518,-19.89],[129.696,-19.8],[129.5401,-19.89],[129.5401,-20.07],[129.696,-20.16],[129.8518,-20.07]]]},"properties":{"state":"nt","n":1870,"kind":"geochem"}},{"type":"Feature","geometry":{"type":"Polygon","coordinates":[[[148.8698,-36.81],[148.8698,-36.63],[148.7139,-36.54],[148.558,-36.63],[148.558,-36.81],[148.7139,-36.9],[148.8698,-36.81]]]},"properties":{"state":"nsw","n":1874,"kind":"geochem"}},{"type":"Feature","geometry":{"type":"Polygon","coordinates":[[[148.8698,-32.49],[148.8698,-32.31],[148.7139,-32.22],[148.558,-32.31],[148.558,-32.49],[148.7139,-32.58],[148.8698,-32.49]]]},"properties":{"state":"nsw","n":1875,"kind":"geochem"}},{"type":"Feature","geometry":{"type":"Polygon","coordinates":[[[148.4021,-41.94],[148.4021,-41.76],[148.2462,-41.67],[148.0903,-41.76],[148.0903,-41.94],[148.2462,-42.03],[148.4021,-41.94]]]},"properties":{"state":"tas","n":1876,"kind":"geochem"}},{"type":"Feature","geometry":{"type":"Polygon","coordinates":[[[151.6757,-30.87],[151.6757,-30.69],[151.5198,-30.6],[151.3639,-30.69],[151.3639,-30.87],[151.5198,-30.96],[151.6757,-30.87]]]},"properties":{"state":"nsw","n":1885,"kind":"geochem"}},{"type":"Feature","geometry":{"type":"Polygon","coordinates":[[[133.4372,-12.78],[133.4372,-12.6],[133.2813,-12.51],[133.1254,-12.6],[133.1254,-12.78],[133.2813,-12.87],[133.4372,-12.78]]]},"properties":{"state":"nt","n":1886,"kind":"geochem"}},{"type":"Feature","geometry":{"type":"Polygon","coordinates":[[[152.2992,-31.41],[152.2992,-31.23],[152.1433,-31.14],[151.9875,-31.23],[151.9875,-31.41],[152.1433,-31.5],[152.2992,-31.41]]]},"properties":{"state":"nsw","n":1902,"kind":"geochem"}},{"type":"Feature","geometry":{"type":"Polygon","coordinates":[[[130.3195,-22.5],[130.3195,-22.32],[130.1636,-22.23],[130.0077,-22.32],[130.0077,-22.5],[130.1636,-22.59],[130.3195,-22.5]]]},"properties":{"state":"nt","n":1905,"kind":"geochem"}},{"type":"Feature","geometry":{"type":"Polygon","coordinates":[[[143.8815,-37.35],[143.8815,-37.17],[143.7256,-37.08],[143.5697,-37.17],[143.5697,-37.35],[143.7256,-37.44],[143.8815,-37.35]]]},"properties":{"state":"vic","n":1911,"kind":"geochem"}},{"type":"Feature","geometry":{"type":"Polygon","coordinates":[[[134.3725,-30.6],[134.3725,-30.42],[134.2166,-30.33],[134.0607,-30.42],[134.0607,-30.6],[134.2166,-30.69],[134.3725,-30.6]]]},"properties":{"state":"sa","n":1918,"kind":"geochem"}},{"type":"Feature","geometry":{"type":"Polygon","coordinates":[[[147.3109,-41.67],[147.3109,-41.49],[147.155,-41.4],[146.9992,-41.49],[146.9992,-41.67],[147.155,-41.76],[147.3109,-41.67]]]},"properties":{"state":"tas","n":1920,"kind":"geochem"}},{"type":"Feature","geometry":{"type":"Polygon","coordinates":[[[129.696,-20.88],[129.696,-20.7],[129.5401,-20.61],[129.3842,-20.7],[129.3842,-20.88],[129.5401,-20.97],[129.696,-20.88]]]},"properties":{"state":"nt","n":1929,"kind":"geochem"}},{"type":"Feature","geometry":{"type":"Polygon","coordinates":[[[137.1784,-30.6],[137.1784,-30.42],[137.0225,-30.33],[136.8667,-30.42],[136.8667,-30.6],[137.0225,-30.69],[137.1784,-30.6]]]},"properties":{"state":"sa","n":1930,"kind":"geochem"}},{"type":"Feature","geometry":{"type":"Polygon","coordinates":[[[137.6461,-34.11],[137.6461,-33.93],[137.4902,-33.84],[137.3343,-33.93],[137.3343,-34.11],[137.4902,-34.2],[137.6461,-34.11]]]},"properties":{"state":"sa","n":1931,"kind":"geochem"}},{"type":"Feature","geometry":{"type":"Polygon","coordinates":[[[151.6757,-31.95],[151.6757,-31.77],[151.5198,-31.68],[151.3639,-31.77],[151.3639,-31.95],[151.5198,-32.04],[151.6757,-31.95]]]},"properties":{"state":"nsw","n":1932,"kind":"geochem"}},{"type":"Feature","geometry":{"type":"Polygon","coordinates":[[[130.1636,-22.77],[130.1636,-22.59],[130.0077,-22.5],[129.8518,-22.59],[129.8518,-22.77],[130.0077,-22.86],[130.1636,-22.77]]]},"properties":{"state":"nt","n":1933,"kind":"geochem"}},{"type":"Feature","geometry":{"type":"Polygon","coordinates":[[[136.399,-32.49],[136.399,-32.31],[136.2431,-32.22],[136.0872,-32.31],[136.0872,-32.49],[136.2431,-32.58],[136.399,-32.49]]]},"properties":{"state":"sa","n":1935,"kind":"geochem"}},{"type":"Feature","geometry":{"type":"Polygon","coordinates":[[[131.0989,-20.61],[131.0989,-20.43],[130.943,-20.34],[130.7872,-20.43],[130.7872,-20.61],[130.943,-20.7],[131.0989,-20.61]]]},"properties":{"state":"nt","n":1940,"kind":"geochem"}},{"type":"Feature","geometry":{"type":"Polygon","coordinates":[[[152.9228,-30.33],[152.9228,-30.15],[152.7669,-30.06],[152.611,-30.15],[152.611,-30.33],[152.7669,-30.42],[152.9228,-30.33]]]},"properties":{"state":"nsw","n":1942,"kind":"geochem"}},{"type":"Feature","geometry":{"type":"Polygon","coordinates":[[[133.5931,-21.15],[133.5931,-20.97],[133.4372,-20.88],[133.2813,-20.97],[133.2813,-21.15],[133.4372,-21.24],[133.5931,-21.15]]]},"properties":{"state":"nt","n":1971,"kind":"geochem"}},{"type":"Feature","geometry":{"type":"Polygon","coordinates":[[[149.8051,-34.65],[149.8051,-34.47],[149.6492,-34.38],[149.4933,-34.47],[149.4933,-34.65],[149.6492,-34.74],[149.8051,-34.65]]]},"properties":{"state":"nsw","n":1979,"kind":"geochem"}},{"type":"Feature","geometry":{"type":"Polygon","coordinates":[[[146.6874,-33.57],[146.6874,-33.39],[146.5315,-33.3],[146.3756,-33.39],[146.3756,-33.57],[146.5315,-33.66],[146.6874,-33.57]]]},"properties":{"state":"nsw","n":1982,"kind":"geochem"}},{"type":"Feature","geometry":{"type":"Polygon","coordinates":[[[146.3756,-30.33],[146.3756,-30.15],[146.2197,-30.06],[146.0638,-30.15],[146.0638,-30.33],[146.2197,-30.42],[146.3756,-30.33]]]},"properties":{"state":"nsw","n":1989,"kind":"geochem"}},{"type":"Feature","geometry":{"type":"Polygon","coordinates":[[[136.2431,-32.22],[136.2431,-32.04],[136.0872,-31.95],[135.9313,-32.04],[135.9313,-32.22],[136.0872,-32.31],[136.2431,-32.22]]]},"properties":{"state":"sa","n":2003,"kind":"geochem"}},{"type":"Feature","geometry":{"type":"Polygon","coordinates":[[[134.0607,-18.72],[134.0607,-18.54],[133.9048,-18.45],[133.749,-18.54],[133.749,-18.72],[133.9048,-18.81],[134.0607,-18.72]]]},"properties":{"state":"nt","n":2010,"kind":"geochem"}},{"type":"Feature","geometry":{"type":"Polygon","coordinates":[[[146.9992,-34.11],[146.9992,-33.93],[146.8433,-33.84],[146.6874,-33.93],[146.6874,-34.11],[146.8433,-34.2],[146.9992,-34.11]]]},"properties":{"state":"nsw","n":2011,"kind":"geochem"}},{"type":"Feature","geometry":{"type":"Polygon","coordinates":[[[149.1815,-36.27],[149.1815,-36.09],[149.0257,-36.0],[148.8698,-36.09],[148.8698,-36.27],[149.0257,-36.36],[149.1815,-36.27]]]},"properties":{"state":"nsw","n":2014,"kind":"geochem"}},{"type":"Feature","geometry":{"type":"Polygon","coordinates":[[[133.5931,-12.51],[133.5931,-12.33],[133.4372,-12.24],[133.2813,-12.33],[133.2813,-12.51],[133.4372,-12.6],[133.5931,-12.51]]]},"properties":{"state":"nt","n":2017,"kind":"geochem"}},{"type":"Feature","geometry":{"type":"Polygon","coordinates":[[[149.6492,-33.3],[149.6492,-33.12],[149.4933,-33.03],[149.3374,-33.12],[149.3374,-33.3],[149.4933,-33.39],[149.6492,-33.3]]]},"properties":{"state":"nsw","n":2032,"kind":"geochem"}},{"type":"Feature","geometry":{"type":"Polygon","coordinates":[[[149.4933,-36.81],[149.4933,-36.63],[149.3374,-36.54],[149.1815,-36.63],[149.1815,-36.81],[149.3374,-36.9],[149.4933,-36.81]]]},"properties":{"state":"nsw","n":2045,"kind":"geochem"}},{"type":"Feature","geometry":{"type":"Polygon","coordinates":[[[133.4372,-12.24],[133.4372,-12.06],[133.2813,-11.97],[133.1254,-12.06],[133.1254,-12.24],[133.2813,-12.33],[133.4372,-12.24]]]},"properties":{"state":"nt","n":2047,"kind":"geochem"}},{"type":"Feature","geometry":{"type":"Polygon","coordinates":[[[134.8402,-29.79],[134.8402,-29.61],[134.6843,-29.52],[134.5284,-29.61],[134.5284,-29.79],[134.6843,-29.88],[134.8402,-29.79]]]},"properties":{"state":"sa","n":2052,"kind":"geochem"}},{"type":"Feature","geometry":{"type":"Polygon","coordinates":[[[135.9313,-16.02],[135.9313,-15.84],[135.7755,-15.75],[135.6196,-15.84],[135.6196,-16.02],[135.7755,-16.11],[135.9313,-16.02]]]},"properties":{"state":"nt","n":2055,"kind":"geochem"}},{"type":"Feature","geometry":{"type":"Polygon","coordinates":[[[136.0872,-32.49],[136.0872,-32.31],[135.9313,-32.22],[135.7755,-32.31],[135.7755,-32.49],[135.9313,-32.58],[136.0872,-32.49]]]},"properties":{"state":"sa","n":2057,"kind":"geochem"}},{"type":"Feature","geometry":{"type":"Polygon","coordinates":[[[130.6313,-22.5],[130.6313,-22.32],[130.4754,-22.23],[130.3195,-22.32],[130.3195,-22.5],[130.4754,-22.59],[130.6313,-22.5]]]},"properties":{"state":"nt","n":2059,"kind":"geochem"}},{"type":"Feature","geometry":{"type":"Polygon","coordinates":[[[130.3195,-19.26],[130.3195,-19.08],[130.1636,-18.99],[130.0077,-19.08],[130.0077,-19.26],[130.1636,-19.35],[130.3195,-19.26]]]},"properties":{"state":"nt","n":2070,"kind":"geochem"}},{"type":"Feature","geometry":{"type":"Polygon","coordinates":[[[148.0903,-35.46],[148.0903,-35.28],[147.9345,-35.19],[147.7786,-35.28],[147.7786,-35.46],[147.9345,-35.55],[148.0903,-35.46]]]},"properties":{"state":"nsw","n":2090,"kind":"geochem"}},{"type":"Feature","geometry":{"type":"Polygon","coordinates":[[[134.2166,-23.31],[134.2166,-23.13],[134.0607,-23.04],[133.9048,-23.13],[133.9048,-23.31],[134.0607,-23.4],[134.2166,-23.31]]]},"properties":{"state":"nt","n":2091,"kind":"geochem"}},{"type":"Feature","geometry":{"type":"Polygon","coordinates":[[[133.9048,-30.33],[133.9048,-30.15],[133.749,-30.06],[133.5931,-30.15],[133.5931,-30.33],[133.749,-30.42],[133.9048,-30.33]]]},"properties":{"state":"sa","n":2102,"kind":"geochem"}},{"type":"Feature","geometry":{"type":"Polygon","coordinates":[[[145.7521,-41.13],[145.7521,-40.95],[145.5962,-40.86],[145.4403,-40.95],[145.4403,-41.13],[145.5962,-41.22],[145.7521,-41.13]]]},"properties":{"state":"tas","n":2119,"kind":"geochem"}},{"type":"Feature","geometry":{"type":"Polygon","coordinates":[[[130.0077,-17.64],[130.0077,-17.46],[129.8518,-17.37],[129.696,-17.46],[129.696,-17.64],[129.8518,-17.73],[130.0077,-17.64]]]},"properties":{"state":"nt","n":2125,"kind":"geochem"}},{"type":"Feature","geometry":{"type":"Polygon","coordinates":[[[130.6313,-19.26],[130.6313,-19.08],[130.4754,-18.99],[130.3195,-19.08],[130.3195,-19.26],[130.4754,-19.35],[130.6313,-19.26]]]},"properties":{"state":"nt","n":2133,"kind":"geochem"}},{"type":"Feature","geometry":{"type":"Polygon","coordinates":[[[130.4754,-20.61],[130.4754,-20.43],[130.3195,-20.34],[130.1636,-20.43],[130.1636,-20.61],[130.3195,-20.7],[130.4754,-20.61]]]},"properties":{"state":"nt","n":2147,"kind":"geochem"}},{"type":"Feature","geometry":{"type":"Polygon","coordinates":[[[140.2961,-32.76],[140.2961,-32.58],[140.1402,-32.49],[139.9843,-32.58],[139.9843,-32.76],[140.1402,-32.85],[140.2961,-32.76]]]},"properties":{"state":"sa","n":2154,"kind":"geochem"}},{"type":"Feature","geometry":{"type":"Polygon","coordinates":[[[137.4902,-32.76],[137.4902,-32.58],[137.3343,-32.49],[137.1784,-32.58],[137.1784,-32.76],[137.3343,-32.85],[137.4902,-32.76]]]},"properties":{"state":"sa","n":2160,"kind":"geochem"}},{"type":"Feature","geometry":{"type":"Polygon","coordinates":[[[133.2813,-11.97],[133.2813,-11.79],[133.1254,-11.7],[132.9695,-11.79],[132.9695,-11.97],[133.1254,-12.06],[133.2813,-11.97]]]},"properties":{"state":"nt","n":2161,"kind":"geochem"}},{"type":"Feature","geometry":{"type":"Polygon","coordinates":[[[147.6227,-35.73],[147.6227,-35.55],[147.4668,-35.46],[147.3109,-35.55],[147.3109,-35.73],[147.4668,-35.82],[147.6227,-35.73]]]},"properties":{"state":"nsw","n":2164,"kind":"geochem"}},{"type":"Feature","geometry":{"type":"Polygon","coordinates":[[[138.8932,-31.95],[138.8932,-31.77],[138.7373,-31.68],[138.5814,-31.77],[138.5814,-31.95],[138.7373,-32.04],[138.8932,-31.95]]]},"properties":{"state":"sa","n":2167,"kind":"geochem"}},{"type":"Feature","geometry":{"type":"Polygon","coordinates":[[[139.9843,-32.22],[139.9843,-32.04],[139.8285,-31.95],[139.6726,-32.04],[139.6726,-32.22],[139.8285,-32.31],[139.9843,-32.22]]]},"properties":{"state":"sa","n":2188,"kind":"geochem"}},{"type":"Feature","geometry":{"type":"Polygon","coordinates":[[[139.8285,-31.95],[139.8285,-31.77],[139.6726,-31.68],[139.5167,-31.77],[139.5167,-31.95],[139.6726,-32.04],[139.8285,-31.95]]]},"properties":{"state":"sa","n":2193,"kind":"geochem"}},{"type":"Feature","geometry":{"type":"Polygon","coordinates":[[[151.6757,-31.41],[151.6757,-31.23],[151.5198,-31.14],[151.3639,-31.23],[151.3639,-31.41],[151.5198,-31.5],[151.6757,-31.41]]]},"properties":{"state":"nsw","n":2203,"kind":"geochem"}},{"type":"Feature","geometry":{"type":"Polygon","coordinates":[[[137.6461,-17.37],[137.6461,-17.19],[137.4902,-17.1],[137.3343,-17.19],[137.3343,-17.37],[137.4902,-17.46],[137.6461,-17.37]]]},"properties":{"state":"nt","n":2203,"kind":"geochem"}},{"type":"Feature","geometry":{"type":"Polygon","coordinates":[[[137.802,-18.72],[137.802,-18.54],[137.6461,-18.45],[137.4902,-18.54],[137.4902,-18.72],[137.6461,-18.81],[137.802,-18.72]]]},"properties":{"state":"nt","n":2229,"kind":"geochem"}},{"type":"Feature","geometry":{"type":"Polygon","coordinates":[[[150.7404,-31.41],[150.7404,-31.23],[150.5845,-31.14],[150.4286,-31.23],[150.4286,-31.41],[150.5845,-31.5],[150.7404,-31.41]]]},"properties":{"state":"nsw","n":2230,"kind":"geochem"}},{"type":"Feature","geometry":{"type":"Polygon","coordinates":[[[147.155,-32.22],[147.155,-32.04],[146.9992,-31.95],[146.8433,-32.04],[146.8433,-32.22],[146.9992,-32.31],[147.155,-32.22]]]},"properties":{"state":"nsw","n":2237,"kind":"geochem"}},{"type":"Feature","geometry":{"type":"Polygon","coordinates":[[[132.1901,-14.4],[132.1901,-14.22],[132.0342,-14.13],[131.8783,-14.22],[131.8783,-14.4],[132.0342,-14.49],[132.1901,-14.4]]]},"properties":{"state":"nt","n":2239,"kind":"geochem"}},{"type":"Feature","geometry":{"type":"Polygon","coordinates":[[[143.7256,-36.54],[143.7256,-36.36],[143.5697,-36.27],[143.4138,-36.36],[143.4138,-36.54],[143.5697,-36.63],[143.7256,-36.54]]]},"properties":{"state":"vic","n":2253,"kind":"geochem"}},{"type":"Feature","geometry":{"type":"Polygon","coordinates":[[[134.996,-31.14],[134.996,-30.96],[134.8402,-30.87],[134.6843,-30.96],[134.6843,-31.14],[134.8402,-31.23],[134.996,-31.14]]]},"properties":{"state":"sa","n":2253,"kind":"geochem"}},{"type":"Feature","geometry":{"type":"Polygon","coordinates":[[[130.0077,-22.5],[130.0077,-22.32],[129.8518,-22.23],[129.696,-22.32],[129.696,-22.5],[129.8518,-22.59],[130.0077,-22.5]]]},"properties":{"state":"nt","n":2285,"kind":"geochem"}},{"type":"Feature","geometry":{"type":"Polygon","coordinates":[[[152.611,-31.41],[152.611,-31.23],[152.4551,-31.14],[152.2992,-31.23],[152.2992,-31.41],[152.4551,-31.5],[152.611,-31.41]]]},"properties":{"state":"nsw","n":2303,"kind":"geochem"}},{"type":"Feature","geometry":{"type":"Polygon","coordinates":[[[134.6843,-30.06],[134.6843,-29.88],[134.5284,-29.79],[134.3725,-29.88],[134.3725,-30.06],[134.5284,-30.15],[134.6843,-30.06]]]},"properties":{"state":"sa","n":2304,"kind":"geochem"}},{"type":"Feature","geometry":{"type":"Polygon","coordinates":[[[147.155,-31.68],[147.155,-31.5],[146.9992,-31.41],[146.8433,-31.5],[146.8433,-31.68],[146.9992,-31.77],[147.155,-31.68]]]},"properties":{"state":"nsw","n":2311,"kind":"geochem"}},{"type":"Feature","geometry":{"type":"Polygon","coordinates":[[[148.7139,-34.92],[148.7139,-34.74],[148.558,-34.65],[148.4021,-34.74],[148.4021,-34.92],[148.558,-35.01],[148.7139,-34.92]]]},"properties":{"state":"nsw","n":2320,"kind":"geochem"}},{"type":"Feature","geometry":{"type":"Polygon","coordinates":[[[131.2548,-20.88],[131.2548,-20.7],[131.0989,-20.61],[130.943,-20.7],[130.943,-20.88],[131.0989,-20.97],[131.2548,-20.88]]]},"properties":{"state":"nt","n":2322,"kind":"geochem"}},{"type":"Feature","geometry":{"type":"Polygon","coordinates":[[[133.1254,-29.52],[133.1254,-29.34],[132.9695,-29.25],[132.8137,-29.34],[132.8137,-29.52],[132.9695,-29.61],[133.1254,-29.52]]]},"properties":{"state":"sa","n":2324,"kind":"geochem"}},{"type":"Feature","geometry":{"type":"Polygon","coordinates":[[[147.155,-41.4],[147.155,-41.22],[146.9992,-41.13],[146.8433,-41.22],[146.8433,-41.4],[146.9992,-41.49],[147.155,-41.4]]]},"properties":{"state":"tas","n":2324,"kind":"geochem"}},{"type":"Feature","geometry":{"type":"Polygon","coordinates":[[[135.4637,-34.11],[135.4637,-33.93],[135.3078,-33.84],[135.1519,-33.93],[135.1519,-34.11],[135.3078,-34.2],[135.4637,-34.11]]]},"properties":{"state":"sa","n":2325,"kind":"geochem"}},{"type":"Feature","geometry":{"type":"Polygon","coordinates":[[[130.6313,-16.56],[130.6313,-16.38],[130.4754,-16.29],[130.3195,-16.38],[130.3195,-16.56],[130.4754,-16.65],[130.6313,-16.56]]]},"properties":{"state":"nt","n":2343,"kind":"geochem"}},{"type":"Feature","geometry":{"type":"Polygon","coordinates":[[[139.049,-35.46],[139.049,-35.28],[138.8932,-35.19],[138.7373,-35.28],[138.7373,-35.46],[138.8932,-35.55],[139.049,-35.46]]]},"properties":{"state":"sa","n":2350,"kind":"geochem"}},{"type":"Feature","geometry":{"type":"Polygon","coordinates":[[[135.3078,-24.12],[135.3078,-23.94],[135.1519,-23.85],[134.996,-23.94],[134.996,-24.12],[135.1519,-24.21],[135.3078,-24.12]]]},"properties":{"state":"nt","n":2361,"kind":"geochem"}},{"type":"Feature","geometry":{"type":"Polygon","coordinates":[[[132.8137,-21.96],[132.8137,-21.78],[132.6578,-21.69],[132.5019,-21.78],[132.5019,-21.96],[132.6578,-22.05],[132.8137,-21.96]]]},"properties":{"state":"nt","n":2363,"kind":"geochem"}},{"type":"Feature","geometry":{"type":"Polygon","coordinates":[[[146.6874,-42.75],[146.6874,-42.57],[146.5315,-42.48],[146.3756,-42.57],[146.3756,-42.75],[146.5315,-42.84],[146.6874,-42.75]]]},"properties":{"state":"tas","n":2376,"kind":"geochem"}},{"type":"Feature","geometry":{"type":"Polygon","coordinates":[[[146.3756,-33.57],[146.3756,-33.39],[146.2197,-33.3],[146.0638,-33.39],[146.0638,-33.57],[146.2197,-33.66],[146.3756,-33.57]]]},"properties":{"state":"nsw","n":2383,"kind":"geochem"}},{"type":"Feature","geometry":{"type":"Polygon","coordinates":[[[148.4021,-35.46],[148.4021,-35.28],[148.2462,-35.19],[148.0903,-35.28],[148.0903,-35.46],[148.2462,-35.55],[148.4021,-35.46]]]},"properties":{"state":"nsw","n":2400,"kind":"geochem"}},{"type":"Feature","geometry":{"type":"Polygon","coordinates":[[[147.6227,-41.67],[147.6227,-41.49],[147.4668,-41.4],[147.3109,-41.49],[147.3109,-41.67],[147.4668,-41.76],[147.6227,-41.67]]]},"properties":{"state":"tas","n":2419,"kind":"geochem"}},{"type":"Feature","geometry":{"type":"Polygon","coordinates":[[[144.0373,-37.08],[144.0373,-36.9],[143.8815,-36.81],[143.7256,-36.9],[143.7256,-37.08],[143.8815,-37.17],[144.0373,-37.08]]]},"properties":{"state":"vic","n":2421,"kind":"geochem"}},{"type":"Feature","geometry":{"type":"Polygon","coordinates":[[[137.1784,-32.76],[137.1784,-32.58],[137.0225,-32.49],[136.8667,-32.58],[136.8667,-32.76],[137.0225,-32.85],[137.1784,-32.76]]]},"properties":{"state":"sa","n":2430,"kind":"geochem"}},{"type":"Feature","geometry":{"type":"Polygon","coordinates":[[[149.961,-34.92],[149.961,-34.74],[149.8051,-34.65],[149.6492,-34.74],[149.6492,-34.92],[149.8051,-35.01],[149.961,-34.92]]]},"properties":{"state":"nsw","n":2439,"kind":"geochem"}},{"type":"Feature","geometry":{"type":"Polygon","coordinates":[[[129.2283,-26.01],[129.2283,-25.83],[129.0724,-25.74],[128.9165,-25.83],[128.9165,-26.01],[129.0724,-26.1],[129.2283,-26.01]]]},"properties":{"state":"sa","n":2454,"kind":"geochem"}},{"type":"Feature","geometry":{"type":"Polygon","coordinates":[[[136.7108,-33.57],[136.7108,-33.39],[136.5549,-33.3],[136.399,-33.39],[136.399,-33.57],[136.5549,-33.66],[136.7108,-33.57]]]},"properties":{"state":"sa","n":2456,"kind":"geochem"}},{"type":"Feature","geometry":{"type":"Polygon","coordinates":[[[148.558,-35.19],[148.558,-35.01],[148.4021,-34.92],[148.2462,-35.01],[148.2462,-35.19],[148.4021,-35.28],[148.558,-35.19]]]},"properties":{"state":"nsw","n":2458,"kind":"geochem"}},{"type":"Feature","geometry":{"type":"Polygon","coordinates":[[[130.7872,-13.59],[130.7872,-13.41],[130.6313,-13.32],[130.4754,-13.41],[130.4754,-13.59],[130.6313,-13.68],[130.7872,-13.59]]]},"properties":{"state":"nt","n":2500,"kind":"geochem"}},{"type":"Feature","geometry":{"type":"Polygon","coordinates":[[[140.7638,-31.41],[140.7638,-31.23],[140.6079,-31.14],[140.452,-31.23],[140.452,-31.41],[140.6079,-31.5],[140.7638,-31.41]]]},"properties":{"state":"sa","n":2507,"kind":"geochem"}},{"type":"Feature","geometry":{"type":"Polygon","coordinates":[[[136.0872,-16.83],[136.0872,-16.65],[135.9313,-16.56],[135.7755,-16.65],[135.7755,-16.83],[135.9313,-16.92],[136.0872,-16.83]]]},"properties":{"state":"nt","n":2508,"kind":"geochem"}},{"type":"Feature","geometry":{"type":"Polygon","coordinates":[[[130.6313,-14.4],[130.6313,-14.22],[130.4754,-14.13],[130.3195,-14.22],[130.3195,-14.4],[130.4754,-14.49],[130.6313,-14.4]]]},"properties":{"state":"nt","n":2509,"kind":"geochem"}},{"type":"Feature","geometry":{"type":"Polygon","coordinates":[[[131.4107,-21.15],[131.4107,-20.97],[131.2548,-20.88],[131.0989,-20.97],[131.0989,-21.15],[131.2548,-21.24],[131.4107,-21.15]]]},"properties":{"state":"nt","n":2511,"kind":"geochem"}},{"type":"Feature","geometry":{"type":"Polygon","coordinates":[[[132.6578,-22.23],[132.6578,-22.05],[132.5019,-21.96],[132.346,-22.05],[132.346,-22.23],[132.5019,-22.32],[132.6578,-22.23]]]},"properties":{"state":"nt","n":2513,"kind":"geochem"}},{"type":"Feature","geometry":{"type":"Polygon","coordinates":[[[145.4403,-31.41],[145.4403,-31.23],[145.2844,-31.14],[145.1285,-31.23],[145.1285,-31.41],[145.2844,-31.5],[145.4403,-31.41]]]},"properties":{"state":"nsw","n":2530,"kind":"geochem"}},{"type":"Feature","geometry":{"type":"Polygon","coordinates":[[[147.7786,-41.4],[147.7786,-41.22],[147.6227,-41.13],[147.4668,-41.22],[147.4668,-41.4],[147.6227,-41.49],[147.7786,-41.4]]]},"properties":{"state":"tas","n":2542,"kind":"geochem"}},{"type":"Feature","geometry":{"type":"Polygon","coordinates":[[[131.0989,-14.13],[131.0989,-13.95],[130.943,-13.86],[130.7872,-13.95],[130.7872,-14.13],[130.943,-14.22],[131.0989,-14.13]]]},"properties":{"state":"nt","n":2583,"kind":"geochem"}},{"type":"Feature","geometry":{"type":"Polygon","coordinates":[[[148.0903,-34.38],[148.0903,-34.2],[147.9345,-34.11],[147.7786,-34.2],[147.7786,-34.38],[147.9345,-34.47],[148.0903,-34.38]]]},"properties":{"state":"nsw","n":2586,"kind":"geochem"}},{"type":"Feature","geometry":{"type":"Polygon","coordinates":[[[136.7108,-14.13],[136.7108,-13.95],[136.5549,-13.86],[136.399,-13.95],[136.399,-14.13],[136.5549,-14.22],[136.7108,-14.13]]]},"properties":{"state":"nt","n":2601,"kind":"geochem"}},{"type":"Feature","geometry":{"type":"Polygon","coordinates":[[[133.4372,-21.42],[133.4372,-21.24],[133.2813,-21.15],[133.1254,-21.24],[133.1254,-21.42],[133.2813,-21.51],[133.4372,-21.42]]]},"properties":{"state":"nt","n":2603,"kind":"geochem"}},{"type":"Feature","geometry":{"type":"Polygon","coordinates":[[[146.3756,-42.75],[146.3756,-42.57],[146.2197,-42.48],[146.0638,-42.57],[146.0638,-42.75],[146.2197,-42.84],[146.3756,-42.75]]]},"properties":{"state":"tas","n":2635,"kind":"geochem"}},{"type":"Feature","geometry":{"type":"Polygon","coordinates":[[[135.7755,-22.77],[135.7755,-22.59],[135.6196,-22.5],[135.4637,-22.59],[135.4637,-22.77],[135.6196,-22.86],[135.7755,-22.77]]]},"properties":{"state":"nt","n":2660,"kind":"geochem"}},{"type":"Feature","geometry":{"type":"Polygon","coordinates":[[[152.2992,-30.87],[152.2992,-30.69],[152.1433,-30.6],[151.9875,-30.69],[151.9875,-30.87],[152.1433,-30.96],[152.2992,-30.87]]]},"properties":{"state":"nsw","n":2666,"kind":"geochem"}},{"type":"Feature","geometry":{"type":"Polygon","coordinates":[[[145.4403,-42.75],[145.4403,-42.57],[145.2844,-42.48],[145.1285,-42.57],[145.1285,-42.75],[145.2844,-42.84],[145.4403,-42.75]]]},"properties":{"state":"tas","n":2668,"kind":"geochem"}},{"type":"Feature","geometry":{"type":"Polygon","coordinates":[[[137.802,-34.38],[137.802,-34.2],[137.6461,-34.11],[137.4902,-34.2],[137.4902,-34.38],[137.6461,-34.47],[137.802,-34.38]]]},"properties":{"state":"sa","n":2685,"kind":"geochem"}},{"type":"Feature","geometry":{"type":"Polygon","coordinates":[[[135.9313,-34.38],[135.9313,-34.2],[135.7755,-34.11],[135.6196,-34.2],[135.6196,-34.38],[135.7755,-34.47],[135.9313,-34.38]]]},"properties":{"state":"sa","n":2686,"kind":"geochem"}},{"type":"Feature","geometry":{"type":"Polygon","coordinates":[[[130.0077,-23.04],[130.0077,-22.86],[129.8518,-22.77],[129.696,-22.86],[129.696,-23.04],[129.8518,-23.13],[130.0077,-23.04]]]},"properties":{"state":"nt","n":2717,"kind":"geochem"}},{"type":"Feature","geometry":{"type":"Polygon","coordinates":[[[132.1901,-20.88],[132.1901,-20.7],[132.0342,-20.61],[131.8783,-20.7],[131.8783,-20.88],[132.0342,-20.97],[132.1901,-20.88]]]},"properties":{"state":"nt","n":2728,"kind":"geochem"}},{"type":"Feature","geometry":{"type":"Polygon","coordinates":[[[149.0257,-34.92],[149.0257,-34.74],[148.8698,-34.65],[148.7139,-34.74],[148.7139,-34.92],[148.8698,-35.01],[149.0257,-34.92]]]},"properties":{"state":"nsw","n":2749,"kind":"geochem"}},{"type":"Feature","geometry":{"type":"Polygon","coordinates":[[[149.1815,-35.19],[149.1815,-35.01],[149.0257,-34.92],[148.8698,-35.01],[148.8698,-35.19],[149.0257,-35.28],[149.1815,-35.19]]]},"properties":{"state":"nsw","n":2756,"kind":"geochem"}},{"type":"Feature","geometry":{"type":"Polygon","coordinates":[[[146.8433,-30.6],[146.8433,-30.42],[146.6874,-30.33],[146.5315,-30.42],[146.5315,-30.6],[146.6874,-30.69],[146.8433,-30.6]]]},"properties":{"state":"nsw","n":2762,"kind":"geochem"}},{"type":"Feature","geometry":{"type":"Polygon","coordinates":[[[129.3842,-19.8],[129.3842,-19.62],[129.2283,-19.53],[129.0724,-19.62],[129.0724,-19.8],[129.2283,-19.89],[129.3842,-19.8]]]},"properties":{"state":"nt","n":2789,"kind":"geochem"}},{"type":"Feature","geometry":{"type":"Polygon","coordinates":[[[149.3374,-35.46],[149.3374,-35.28],[149.1815,-35.19],[149.0257,-35.28],[149.0257,-35.46],[149.1815,-35.55],[149.3374,-35.46]]]},"properties":{"state":"nsw","n":2792,"kind":"geochem"}},{"type":"Feature","geometry":{"type":"Polygon","coordinates":[[[131.2548,-14.4],[131.2548,-14.22],[131.0989,-14.13],[130.943,-14.22],[130.943,-14.4],[131.0989,-14.49],[131.2548,-14.4]]]},"properties":{"state":"nt","n":2793,"kind":"geochem"}},{"type":"Feature","geometry":{"type":"Polygon","coordinates":[[[132.346,-21.15],[132.346,-20.97],[132.1901,-20.88],[132.0342,-20.97],[132.0342,-21.15],[132.1901,-21.24],[132.346,-21.15]]]},"properties":{"state":"nt","n":2808,"kind":"geochem"}},{"type":"Feature","geometry":{"type":"Polygon","coordinates":[[[142.4785,-30.6],[142.4785,-30.42],[142.3226,-30.33],[142.1667,-30.42],[142.1667,-30.6],[142.3226,-30.69],[142.4785,-30.6]]]},"properties":{"state":"nsw","n":2840,"kind":"geochem"}},{"type":"Feature","geometry":{"type":"Polygon","coordinates":[[[141.6991,-30.33],[141.6991,-30.15],[141.5432,-30.06],[141.3873,-30.15],[141.3873,-30.33],[141.5432,-30.42],[141.6991,-30.33]]]},"properties":{"state":"nsw","n":2850,"kind":"geochem"}},{"type":"Feature","geometry":{"type":"Polygon","coordinates":[[[145.4403,-30.87],[145.4403,-30.69],[145.2844,-30.6],[145.1285,-30.69],[145.1285,-30.87],[145.2844,-30.96],[145.4403,-30.87]]]},"properties":{"state":"nsw","n":2869,"kind":"geochem"}},{"type":"Feature","geometry":{"type":"Polygon","coordinates":[[[132.5019,-21.96],[132.5019,-21.78],[132.346,-21.69],[132.1901,-21.78],[132.1901,-21.96],[132.346,-22.05],[132.5019,-21.96]]]},"properties":{"state":"nt","n":2873,"kind":"geochem"}},{"type":"Feature","geometry":{"type":"Polygon","coordinates":[[[146.3756,-33.03],[146.3756,-32.85],[146.2197,-32.76],[146.0638,-32.85],[146.0638,-33.03],[146.2197,-33.12],[146.3756,-33.03]]]},"properties":{"state":"nsw","n":2878,"kind":"geochem"}},{"type":"Feature","geometry":{"type":"Polygon","coordinates":[[[148.7139,-34.38],[148.7139,-34.2],[148.558,-34.11],[148.4021,-34.2],[148.4021,-34.38],[148.558,-34.47],[148.7139,-34.38]]]},"properties":{"state":"nsw","n":2886,"kind":"geochem"}},{"type":"Feature","geometry":{"type":"Polygon","coordinates":[[[148.0903,-40.86],[148.0903,-40.68],[147.9345,-40.59],[147.7786,-40.68],[147.7786,-40.86],[147.9345,-40.95],[148.0903,-40.86]]]},"properties":{"state":"tas","n":2897,"kind":"geochem"}},{"type":"Feature","geometry":{"type":"Polygon","coordinates":[[[131.0989,-21.15],[131.0989,-20.97],[130.943,-20.88],[130.7872,-20.97],[130.7872,-21.15],[130.943,-21.24],[131.0989,-21.15]]]},"properties":{"state":"nt","n":2912,"kind":"geochem"}},{"type":"Feature","geometry":{"type":"Polygon","coordinates":[[[133.9048,-29.79],[133.9048,-29.61],[133.749,-29.52],[133.5931,-29.61],[133.5931,-29.79],[133.749,-29.88],[133.9048,-29.79]]]},"properties":{"state":"sa","n":2921,"kind":"geochem"}},{"type":"Feature","geometry":{"type":"Polygon","coordinates":[[[137.9578,-16.83],[137.9578,-16.65],[137.802,-16.56],[137.6461,-16.65],[137.6461,-16.83],[137.802,-16.92],[137.9578,-16.83]]]},"properties":{"state":"nt","n":2950,"kind":"geochem"}},{"type":"Feature","geometry":{"type":"Polygon","coordinates":[[[142.9462,-37.35],[142.9462,-37.17],[142.7903,-37.08],[142.6344,-37.17],[142.6344,-37.35],[142.7903,-37.44],[142.9462,-37.35]]]},"properties":{"state":"vic","n":2955,"kind":"geochem"}},{"type":"Feature","geometry":{"type":"Polygon","coordinates":[[[146.5315,-30.6],[146.5315,-30.42],[146.3756,-30.33],[146.2197,-30.42],[146.2197,-30.6],[146.3756,-30.69],[146.5315,-30.6]]]},"properties":{"state":"nsw","n":2960,"kind":"geochem"}},{"type":"Feature","geometry":{"type":"Polygon","coordinates":[[[149.1815,-34.11],[149.1815,-33.93],[149.0257,-33.84],[148.8698,-33.93],[148.8698,-34.11],[149.0257,-34.2],[149.1815,-34.11]]]},"properties":{"state":"nsw","n":2976,"kind":"geochem"}},{"type":"Feature","geometry":{"type":"Polygon","coordinates":[[[137.9578,-17.91],[137.9578,-17.73],[137.802,-17.64],[137.6461,-17.73],[137.6461,-17.91],[137.802,-18.0],[137.9578,-17.91]]]},"properties":{"state":"nt","n":2980,"kind":"geochem"}},{"type":"Feature","geometry":{"type":"Polygon","coordinates":[[[146.5315,-33.3],[146.5315,-33.12],[146.3756,-33.03],[146.2197,-33.12],[146.2197,-33.3],[146.3756,-33.39],[146.5315,-33.3]]]},"properties":{"state":"nsw","n":2982,"kind":"geochem"}},{"type":"Feature","geometry":{"type":"Polygon","coordinates":[[[147.7786,-33.84],[147.7786,-33.66],[147.6227,-33.57],[147.4668,-33.66],[147.4668,-33.84],[147.6227,-33.93],[147.7786,-33.84]]]},"properties":{"state":"nsw","n":2983,"kind":"geochem"}},{"type":"Feature","geometry":{"type":"Polygon","coordinates":[[[141.6991,-32.49],[141.6991,-32.31],[141.5432,-32.22],[141.3873,-32.31],[141.3873,-32.49],[141.5432,-32.58],[141.6991,-32.49]]]},"properties":{"state":"nsw","n":2987,"kind":"geochem"}},{"type":"Feature","geometry":{"type":"Polygon","coordinates":[[[135.3078,-30.06],[135.3078,-29.88],[135.1519,-29.79],[134.996,-29.88],[134.996,-30.06],[135.1519,-30.15],[135.3078,-30.06]]]},"properties":{"state":"sa","n":3015,"kind":"geochem"}},{"type":"Feature","geometry":{"type":"Polygon","coordinates":[[[136.8667,-12.24],[136.8667,-12.06],[136.7108,-11.97],[136.5549,-12.06],[136.5549,-12.24],[136.7108,-12.33],[136.8667,-12.24]]]},"properties":{"state":"nt","n":3024,"kind":"geochem"}},{"type":"Feature","geometry":{"type":"Polygon","coordinates":[[[133.2813,-21.69],[133.2813,-21.51],[133.1254,-21.42],[132.9695,-21.51],[132.9695,-21.69],[133.1254,-21.78],[133.2813,-21.69]]]},"properties":{"state":"nt","n":3045,"kind":"geochem"}},{"type":"Feature","geometry":{"type":"Polygon","coordinates":[[[153.0787,-30.6],[153.0787,-30.42],[152.9228,-30.33],[152.7669,-30.42],[152.7669,-30.6],[152.9228,-30.69],[153.0787,-30.6]]]},"properties":{"state":"nsw","n":3057,"kind":"geochem"}},{"type":"Feature","geometry":{"type":"Polygon","coordinates":[[[134.996,-23.58],[134.996,-23.4],[134.8402,-23.31],[134.6843,-23.4],[134.6843,-23.58],[134.8402,-23.67],[134.996,-23.58]]]},"properties":{"state":"nt","n":3062,"kind":"geochem"}},{"type":"Feature","geometry":{"type":"Polygon","coordinates":[[[139.049,-34.92],[139.049,-34.74],[138.8932,-34.65],[138.7373,-34.74],[138.7373,-34.92],[138.8932,-35.01],[139.049,-34.92]]]},"properties":{"state":"sa","n":3062,"kind":"geochem"}},{"type":"Feature","geometry":{"type":"Polygon","coordinates":[[[146.9992,-34.65],[146.9992,-34.47],[146.8433,-34.38],[146.6874,-34.47],[146.6874,-34.65],[146.8433,-34.74],[146.9992,-34.65]]]},"properties":{"state":"nsw","n":3077,"kind":"geochem"}},{"type":"Feature","geometry":{"type":"Polygon","coordinates":[[[137.802,-33.84],[137.802,-33.66],[137.6461,-33.57],[137.4902,-33.66],[137.4902,-33.84],[137.6461,-33.93],[137.802,-33.84]]]},"properties":{"state":"sa","n":3096,"kind":"geochem"}},{"type":"Feature","geometry":{"type":"Polygon","coordinates":[[[131.0989,-16.29],[131.0989,-16.11],[130.943,-16.02],[130.7872,-16.11],[130.7872,-16.29],[130.943,-16.38],[131.0989,-16.29]]]},"properties":{"state":"nt","n":3102,"kind":"geochem"}},{"type":"Feature","geometry":{"type":"Polygon","coordinates":[[[146.0638,-41.13],[146.0638,-40.95],[145.908,-40.86],[145.7521,-40.95],[145.7521,-41.13],[145.908,-41.22],[146.0638,-41.13]]]},"properties":{"state":"tas","n":3115,"kind":"geochem"}},{"type":"Feature","geometry":{"type":"Polygon","coordinates":[[[137.1784,-33.3],[137.1784,-33.12],[137.0225,-33.03],[136.8667,-33.12],[136.8667,-33.3],[137.0225,-33.39],[137.1784,-33.3]]]},"properties":{"state":"sa","n":3125,"kind":"geochem"}},{"type":"Feature","geometry":{"type":"Polygon","coordinates":[[[130.943,-13.32],[130.943,-13.14],[130.7872,-13.05],[130.6313,-13.14],[130.6313,-13.32],[130.7872,-13.41],[130.943,-13.32]]]},"properties":{"state":"nt","n":3132,"kind":"geochem"}},{"type":"Feature","geometry":{"type":"Polygon","coordinates":[[[133.5931,-30.33],[133.5931,-30.15],[133.4372,-30.06],[133.2813,-30.15],[133.2813,-30.33],[133.4372,-30.42],[133.5931,-30.33]]]},"properties":{"state":"sa","n":3135,"kind":"geochem"}},{"type":"Feature","geometry":{"type":"Polygon","coordinates":[[[151.8316,-28.98],[151.8316,-28.8],[151.6757,-28.71],[151.5198,-28.8],[151.5198,-28.98],[151.6757,-29.07],[151.8316,-28.98]]]},"properties":{"state":"nsw","n":3138,"kind":"geochem"}},{"type":"Feature","geometry":{"type":"Polygon","coordinates":[[[146.2197,-32.76],[146.2197,-32.58],[146.0638,-32.49],[145.908,-32.58],[145.908,-32.76],[146.0638,-32.85],[146.2197,-32.76]]]},"properties":{"state":"nsw","n":3138,"kind":"geochem"}},{"type":"Feature","geometry":{"type":"Polygon","coordinates":[[[130.3195,-20.88],[130.3195,-20.7],[130.1636,-20.61],[130.0077,-20.7],[130.0077,-20.88],[130.1636,-20.97],[130.3195,-20.88]]]},"properties":{"state":"nt","n":3147,"kind":"geochem"}},{"type":"Feature","geometry":{"type":"Polygon","coordinates":[[[135.7755,-33.03],[135.7755,-32.85],[135.6196,-32.76],[135.4637,-32.85],[135.4637,-33.03],[135.6196,-33.12],[135.7755,-33.03]]]},"properties":{"state":"sa","n":3149,"kind":"geochem"}},{"type":"Feature","geometry":{"type":"Polygon","coordinates":[[[129.696,-20.34],[129.696,-20.16],[129.5401,-20.07],[129.3842,-20.16],[129.3842,-20.34],[129.5401,-20.43],[129.696,-20.34]]]},"properties":{"state":"nt","n":3234,"kind":"geochem"}},{"type":"Feature","geometry":{"type":"Polygon","coordinates":[[[150.7404,-30.33],[150.7404,-30.15],[150.5845,-30.06],[150.4286,-30.15],[150.4286,-30.33],[150.5845,-30.42],[150.7404,-30.33]]]},"properties":{"state":"nsw","n":3263,"kind":"geochem"}},{"type":"Feature","geometry":{"type":"Polygon","coordinates":[[[146.8433,-33.3],[146.8433,-33.12],[146.6874,-33.03],[146.5315,-33.12],[146.5315,-33.3],[146.6874,-33.39],[146.8433,-33.3]]]},"properties":{"state":"nsw","n":3269,"kind":"geochem"}},{"type":"Feature","geometry":{"type":"Polygon","coordinates":[[[152.7669,-30.06],[152.7669,-29.88],[152.611,-29.79],[152.4551,-29.88],[152.4551,-30.06],[152.611,-30.15],[152.7669,-30.06]]]},"properties":{"state":"nsw","n":3295,"kind":"geochem"}},{"type":"Feature","geometry":{"type":"Polygon","coordinates":[[[136.7108,-33.03],[136.7108,-32.85],[136.5549,-32.76],[136.399,-32.85],[136.399,-33.03],[136.5549,-33.12],[136.7108,-33.03]]]},"properties":{"state":"sa","n":3323,"kind":"geochem"}},{"type":"Feature","geometry":{"type":"Polygon","coordinates":[[[135.1519,-30.87],[135.1519,-30.69],[134.996,-30.6],[134.8402,-30.69],[134.8402,-30.87],[134.996,-30.96],[135.1519,-30.87]]]},"properties":{"state":"sa","n":3344,"kind":"geochem"}},{"type":"Feature","geometry":{"type":"Polygon","coordinates":[[[135.9313,-17.1],[135.9313,-16.92],[135.7755,-16.83],[135.6196,-16.92],[135.6196,-17.1],[135.7755,-17.19],[135.9313,-17.1]]]},"properties":{"state":"nt","n":3377,"kind":"geochem"}},{"type":"Feature","geometry":{"type":"Polygon","coordinates":[[[135.9313,-33.3],[135.9313,-33.12],[135.7755,-33.03],[135.6196,-33.12],[135.6196,-33.3],[135.7755,-33.39],[135.9313,-33.3]]]},"properties":{"state":"sa","n":3378,"kind":"geochem"}},{"type":"Feature","geometry":{"type":"Polygon","coordinates":[[[150.7404,-29.79],[150.7404,-29.61],[150.5845,-29.52],[150.4286,-29.61],[150.4286,-29.79],[150.5845,-29.88],[150.7404,-29.79]]]},"properties":{"state":"nsw","n":3384,"kind":"geochem"}},{"type":"Feature","geometry":{"type":"Polygon","coordinates":[[[152.2992,-29.79],[152.2992,-29.61],[152.1433,-29.52],[151.9875,-29.61],[151.9875,-29.79],[152.1433,-29.88],[152.2992,-29.79]]]},"properties":{"state":"nsw","n":3387,"kind":"geochem"}},{"type":"Feature","geometry":{"type":"Polygon","coordinates":[[[147.3109,-43.29],[147.3109,-43.11],[147.155,-43.02],[146.9992,-43.11],[146.9992,-43.29],[147.155,-43.38],[147.3109,-43.29]]]},"properties":{"state":"tas","n":3407,"kind":"geochem"}},{"type":"Feature","geometry":{"type":"Polygon","coordinates":[[[136.5549,-33.84],[136.5549,-33.66],[136.399,-33.57],[136.2431,-33.66],[136.2431,-33.84],[136.399,-33.93],[136.5549,-33.84]]]},"properties":{"state":"sa","n":3437,"kind":"geochem"}},{"type":"Feature","geometry":{"type":"Polygon","coordinates":[[[132.0342,-14.13],[132.0342,-13.95],[131.8783,-13.86],[131.7225,-13.95],[131.7225,-14.13],[131.8783,-14.22],[132.0342,-14.13]]]},"properties":{"state":"nt","n":3459,"kind":"geochem"}},{"type":"Feature","geometry":{"type":"Polygon","coordinates":[[[152.7669,-31.68],[152.7669,-31.5],[152.611,-31.41],[152.4551,-31.5],[152.4551,-31.68],[152.611,-31.77],[152.7669,-31.68]]]},"properties":{"state":"nsw","n":3489,"kind":"geochem"}},{"type":"Feature","geometry":{"type":"Polygon","coordinates":[[[152.9228,-31.41],[152.9228,-31.23],[152.7669,-31.14],[152.611,-31.23],[152.611,-31.41],[152.7669,-31.5],[152.9228,-31.41]]]},"properties":{"state":"nsw","n":3495,"kind":"geochem"}},{"type":"Feature","geometry":{"type":"Polygon","coordinates":[[[146.9992,-31.95],[146.9992,-31.77],[146.8433,-31.68],[146.6874,-31.77],[146.6874,-31.95],[146.8433,-32.04],[146.9992,-31.95]]]},"properties":{"state":"nsw","n":3552,"kind":"geochem"}},{"type":"Feature","geometry":{"type":"Polygon","coordinates":[[[130.943,-14.4],[130.943,-14.22],[130.7872,-14.13],[130.6313,-14.22],[130.6313,-14.4],[130.7872,-14.49],[130.943,-14.4]]]},"properties":{"state":"nt","n":3644,"kind":"geochem"}},{"type":"Feature","geometry":{"type":"Polygon","coordinates":[[[150.8963,-30.6],[150.8963,-30.42],[150.7404,-30.33],[150.5845,-30.42],[150.5845,-30.6],[150.7404,-30.69],[150.8963,-30.6]]]},"properties":{"state":"nsw","n":3646,"kind":"geochem"}},{"type":"Feature","geometry":{"type":"Polygon","coordinates":[[[146.9992,-41.67],[146.9992,-41.49],[146.8433,-41.4],[146.6874,-41.49],[146.6874,-41.67],[146.8433,-41.76],[146.9992,-41.67]]]},"properties":{"state":"tas","n":3685,"kind":"geochem"}},{"type":"Feature","geometry":{"type":"Polygon","coordinates":[[[147.6227,-33.57],[147.6227,-33.39],[147.4668,-33.3],[147.3109,-33.39],[147.3109,-33.57],[147.4668,-33.66],[147.6227,-33.57]]]},"properties":{"state":"nsw","n":3726,"kind":"geochem"}},{"type":"Feature","geometry":{"type":"Polygon","coordinates":[[[130.7872,-13.05],[130.7872,-12.87],[130.6313,-12.78],[130.4754,-12.87],[130.4754,-13.05],[130.6313,-13.14],[130.7872,-13.05]]]},"properties":{"state":"nt","n":3737,"kind":"geochem"}},{"type":"Feature","geometry":{"type":"Polygon","coordinates":[[[139.8285,-33.03],[139.8285,-32.85],[139.6726,-32.76],[139.5167,-32.85],[139.5167,-33.03],[139.6726,-33.12],[139.8285,-33.03]]]},"properties":{"state":"sa","n":3769,"kind":"geochem"}},{"type":"Feature","geometry":{"type":"Polygon","coordinates":[[[137.3343,-33.03],[137.3343,-32.85],[137.1784,-32.76],[137.0225,-32.85],[137.0225,-33.03],[137.1784,-33.12],[137.3343,-33.03]]]},"properties":{"state":"sa","n":3798,"kind":"geochem"}},{"type":"Feature","geometry":{"type":"Polygon","coordinates":[[[147.3109,-33.57],[147.3109,-33.39],[147.155,-33.3],[146.9992,-33.39],[146.9992,-33.57],[147.155,-33.66],[147.3109,-33.57]]]},"properties":{"state":"nsw","n":3801,"kind":"geochem"}},{"type":"Feature","geometry":{"type":"Polygon","coordinates":[[[134.3725,-18.72],[134.3725,-18.54],[134.2166,-18.45],[134.0607,-18.54],[134.0607,-18.72],[134.2166,-18.81],[134.3725,-18.72]]]},"properties":{"state":"nt","n":3811,"kind":"geochem"}},{"type":"Feature","geometry":{"type":"Polygon","coordinates":[[[147.155,-34.38],[147.155,-34.2],[146.9992,-34.11],[146.8433,-34.2],[146.8433,-34.38],[146.9992,-34.47],[147.155,-34.38]]]},"properties":{"state":"nsw","n":3815,"kind":"geochem"}},{"type":"Feature","geometry":{"type":"Polygon","coordinates":[[[132.0342,-13.05],[132.0342,-12.87],[131.8783,-12.78],[131.7225,-12.87],[131.7225,-13.05],[131.8783,-13.14],[132.0342,-13.05]]]},"properties":{"state":"nt","n":3815,"kind":"geochem"}},{"type":"Feature","geometry":{"type":"Polygon","coordinates":[[[136.0872,-16.29],[136.0872,-16.11],[135.9313,-16.02],[135.7755,-16.11],[135.7755,-16.29],[135.9313,-16.38],[136.0872,-16.29]]]},"properties":{"state":"nt","n":3824,"kind":"geochem"}},{"type":"Feature","geometry":{"type":"Polygon","coordinates":[[[149.8051,-35.73],[149.8051,-35.55],[149.6492,-35.46],[149.4933,-35.55],[149.4933,-35.73],[149.6492,-35.82],[149.8051,-35.73]]]},"properties":{"state":"nsw","n":3829,"kind":"geochem"}},{"type":"Feature","geometry":{"type":"Polygon","coordinates":[[[134.3725,-19.26],[134.3725,-19.08],[134.2166,-18.99],[134.0607,-19.08],[134.0607,-19.26],[134.2166,-19.35],[134.3725,-19.26]]]},"properties":{"state":"nt","n":3837,"kind":"geochem"}},{"type":"Feature","geometry":{"type":"Polygon","coordinates":[[[147.6227,-34.65],[147.6227,-34.47],[147.4668,-34.38],[147.3109,-34.47],[147.3109,-34.65],[147.4668,-34.74],[147.6227,-34.65]]]},"properties":{"state":"nsw","n":3852,"kind":"geochem"}},{"type":"Feature","geometry":{"type":"Polygon","coordinates":[[[134.2166,-30.33],[134.2166,-30.15],[134.0607,-30.06],[133.9048,-30.15],[133.9048,-30.33],[134.0607,-30.42],[134.2166,-30.33]]]},"properties":{"state":"sa","n":3885,"kind":"geochem"}},{"type":"Feature","geometry":{"type":"Polygon","coordinates":[[[134.0607,-30.06],[134.0607,-29.88],[133.9048,-29.79],[133.749,-29.88],[133.749,-30.06],[133.9048,-30.15],[134.0607,-30.06]]]},"properties":{"state":"sa","n":3929,"kind":"geochem"}},{"type":"Feature","geometry":{"type":"Polygon","coordinates":[[[131.5666,-13.86],[131.5666,-13.68],[131.4107,-13.59],[131.2548,-13.68],[131.2548,-13.86],[131.4107,-13.95],[131.5666,-13.86]]]},"properties":{"state":"nt","n":3951,"kind":"geochem"}},{"type":"Feature","geometry":{"type":"Polygon","coordinates":[[[152.611,-30.33],[152.611,-30.15],[152.4551,-30.06],[152.2992,-30.15],[152.2992,-30.33],[152.4551,-30.42],[152.611,-30.33]]]},"properties":{"state":"nsw","n":4030,"kind":"geochem"}},{"type":"Feature","geometry":{"type":"Polygon","coordinates":[[[130.943,-13.86],[130.943,-13.68],[130.7872,-13.59],[130.6313,-13.68],[130.6313,-13.86],[130.7872,-13.95],[130.943,-13.86]]]},"properties":{"state":"nt","n":4033,"kind":"geochem"}},{"type":"Feature","geometry":{"type":"Polygon","coordinates":[[[134.8402,-23.31],[134.8402,-23.13],[134.6843,-23.04],[134.5284,-23.13],[134.5284,-23.31],[134.6843,-23.4],[134.8402,-23.31]]]},"properties":{"state":"nt","n":4048,"kind":"geochem"}},{"type":"Feature","geometry":{"type":"Polygon","coordinates":[[[134.3725,-30.06],[134.3725,-29.88],[134.2166,-29.79],[134.0607,-29.88],[134.0607,-30.06],[134.2166,-30.15],[134.3725,-30.06]]]},"properties":{"state":"sa","n":4090,"kind":"geochem"}},{"type":"Feature","geometry":{"type":"Polygon","coordinates":[[[131.5666,-12.78],[131.5666,-12.6],[131.4107,-12.51],[131.2548,-12.6],[131.2548,-12.78],[131.4107,-12.87],[131.5666,-12.78]]]},"properties":{"state":"nt","n":4101,"kind":"geochem"}},{"type":"Feature","geometry":{"type":"Polygon","coordinates":[[[145.7521,-42.75],[145.7521,-42.57],[145.5962,-42.48],[145.4403,-42.57],[145.4403,-42.75],[145.5962,-42.84],[145.7521,-42.75]]]},"properties":{"state":"tas","n":4103,"kind":"geochem"}},{"type":"Feature","geometry":{"type":"Polygon","coordinates":[[[129.696,-19.26],[129.696,-19.08],[129.5401,-18.99],[129.3842,-19.08],[129.3842,-19.26],[129.5401,-19.35],[129.696,-19.26]]]},"properties":{"state":"nt","n":4134,"kind":"geochem"}},{"type":"Feature","geometry":{"type":"Polygon","coordinates":[[[129.5401,-20.07],[129.5401,-19.89],[129.3842,-19.8],[129.2283,-19.89],[129.2283,-20.07],[129.3842,-20.16],[129.5401,-20.07]]]},"properties":{"state":"nt","n":4159,"kind":"geochem"}},{"type":"Feature","geometry":{"type":"Polygon","coordinates":[[[134.5284,-29.79],[134.5284,-29.61],[134.3725,-29.52],[134.2166,-29.61],[134.2166,-29.79],[134.3725,-29.88],[134.5284,-29.79]]]},"properties":{"state":"sa","n":4185,"kind":"geochem"}},{"type":"Feature","geometry":{"type":"Polygon","coordinates":[[[135.9313,-16.56],[135.9313,-16.38],[135.7755,-16.29],[135.6196,-16.38],[135.6196,-16.56],[135.7755,-16.65],[135.9313,-16.56]]]},"properties":{"state":"nt","n":4226,"kind":"geochem"}},{"type":"Feature","geometry":{"type":"Polygon","coordinates":[[[149.4933,-31.95],[149.4933,-31.77],[149.3374,-31.68],[149.1815,-31.77],[149.1815,-31.95],[149.3374,-32.04],[149.4933,-31.95]]]},"properties":{"state":"nsw","n":4247,"kind":"geochem"}},{"type":"Feature","geometry":{"type":"Polygon","coordinates":[[[138.5814,-30.87],[138.5814,-30.69],[138.4255,-30.6],[138.2696,-30.69],[138.2696,-30.87],[138.4255,-30.96],[138.5814,-30.87]]]},"properties":{"state":"sa","n":4263,"kind":"geochem"}},{"type":"Feature","geometry":{"type":"Polygon","coordinates":[[[135.7755,-16.83],[135.7755,-16.65],[135.6196,-16.56],[135.4637,-16.65],[135.4637,-16.83],[135.6196,-16.92],[135.7755,-16.83]]]},"properties":{"state":"nt","n":4278,"kind":"geochem"}},{"type":"Feature","geometry":{"type":"Polygon","coordinates":[[[130.7872,-16.83],[130.7872,-16.65],[130.6313,-16.56],[130.4754,-16.65],[130.4754,-16.83],[130.6313,-16.92],[130.7872,-16.83]]]},"properties":{"state":"nt","n":4293,"kind":"geochem"}},{"type":"Feature","geometry":{"type":"Polygon","coordinates":[[[134.0607,-19.8],[134.0607,-19.62],[133.9048,-19.53],[133.749,-19.62],[133.749,-19.8],[133.9048,-19.89],[134.0607,-19.8]]]},"properties":{"state":"nt","n":4298,"kind":"geochem"}},{"type":"Feature","geometry":{"type":"Polygon","coordinates":[[[147.4668,-43.02],[147.4668,-42.84],[147.3109,-42.75],[147.155,-42.84],[147.155,-43.02],[147.3109,-43.11],[147.4668,-43.02]]]},"properties":{"state":"tas","n":4311,"kind":"geochem"}},{"type":"Feature","geometry":{"type":"Polygon","coordinates":[[[151.3639,-30.33],[151.3639,-30.15],[151.208,-30.06],[151.0522,-30.15],[151.0522,-30.33],[151.208,-30.42],[151.3639,-30.33]]]},"properties":{"state":"nsw","n":4356,"kind":"geochem"}},{"type":"Feature","geometry":{"type":"Polygon","coordinates":[[[136.399,-22.77],[136.399,-22.59],[136.2431,-22.5],[136.0872,-22.59],[136.0872,-22.77],[136.2431,-22.86],[136.399,-22.77]]]},"properties":{"state":"nt","n":4358,"kind":"geochem"}},{"type":"Feature","geometry":{"type":"Polygon","coordinates":[[[140.452,-31.41],[140.452,-31.23],[140.2961,-31.14],[140.1402,-31.23],[140.1402,-31.41],[140.2961,-31.5],[140.452,-31.41]]]},"properties":{"state":"sa","n":4362,"kind":"geochem"}},{"type":"Feature","geometry":{"type":"Polygon","coordinates":[[[134.5284,-19.53],[134.5284,-19.35],[134.3725,-19.26],[134.2166,-19.35],[134.2166,-19.53],[134.3725,-19.62],[134.5284,-19.53]]]},"properties":{"state":"nt","n":4379,"kind":"geochem"}},{"type":"Feature","geometry":{"type":"Polygon","coordinates":[[[147.7786,-34.38],[147.7786,-34.2],[147.6227,-34.11],[147.4668,-34.2],[147.4668,-34.38],[147.6227,-34.47],[147.7786,-34.38]]]},"properties":{"state":"nsw","n":4421,"kind":"geochem"}},{"type":"Feature","geometry":{"type":"Polygon","coordinates":[[[134.8402,-30.87],[134.8402,-30.69],[134.6843,-30.6],[134.5284,-30.69],[134.5284,-30.87],[134.6843,-30.96],[134.8402,-30.87]]]},"properties":{"state":"sa","n":4424,"kind":"geochem"}},{"type":"Feature","geometry":{"type":"Polygon","coordinates":[[[147.3109,-41.13],[147.3109,-40.95],[147.155,-40.86],[146.9992,-40.95],[146.9992,-41.13],[147.155,-41.22],[147.3109,-41.13]]]},"properties":{"state":"tas","n":4428,"kind":"geochem"}},{"type":"Feature","geometry":{"type":"Polygon","coordinates":[[[130.7872,-26.55],[130.7872,-26.37],[130.6313,-26.28],[130.4754,-26.37],[130.4754,-26.55],[130.6313,-26.64],[130.7872,-26.55]]]},"properties":{"state":"sa","n":4448,"kind":"geochem"}},{"type":"Feature","geometry":{"type":"Polygon","coordinates":[[[148.4021,-34.92],[148.4021,-34.74],[148.2462,-34.65],[148.0903,-34.74],[148.0903,-34.92],[148.2462,-35.01],[148.4021,-34.92]]]},"properties":{"state":"nsw","n":4484,"kind":"geochem"}},{"type":"Feature","geometry":{"type":"Polygon","coordinates":[[[146.8433,-43.02],[146.8433,-42.84],[146.6874,-42.75],[146.5315,-42.84],[146.5315,-43.02],[146.6874,-43.11],[146.8433,-43.02]]]},"properties":{"state":"tas","n":4490,"kind":"geochem"}},{"type":"Feature","geometry":{"type":"Polygon","coordinates":[[[149.3374,-36.0],[149.3374,-35.82],[149.1815,-35.73],[149.0257,-35.82],[149.0257,-36.0],[149.1815,-36.09],[149.3374,-36.0]]]},"properties":{"state":"nsw","n":4507,"kind":"geochem"}},{"type":"Feature","geometry":{"type":"Polygon","coordinates":[[[149.4933,-35.73],[149.4933,-35.55],[149.3374,-35.46],[149.1815,-35.55],[149.1815,-35.73],[149.3374,-35.82],[149.4933,-35.73]]]},"properties":{"state":"nsw","n":4537,"kind":"geochem"}},{"type":"Feature","geometry":{"type":"Polygon","coordinates":[[[149.6492,-35.46],[149.6492,-35.28],[149.4933,-35.19],[149.3374,-35.28],[149.3374,-35.46],[149.4933,-35.55],[149.6492,-35.46]]]},"properties":{"state":"nsw","n":4567,"kind":"geochem"}},{"type":"Feature","geometry":{"type":"Polygon","coordinates":[[[149.961,-35.46],[149.961,-35.28],[149.8051,-35.19],[149.6492,-35.28],[149.6492,-35.46],[149.8051,-35.55],[149.961,-35.46]]]},"properties":{"state":"nsw","n":4574,"kind":"geochem"}},{"type":"Feature","geometry":{"type":"Polygon","coordinates":[[[151.9875,-29.79],[151.9875,-29.61],[151.8316,-29.52],[151.6757,-29.61],[151.6757,-29.79],[151.8316,-29.88],[151.9875,-29.79]]]},"properties":{"state":"nsw","n":4583,"kind":"geochem"}},{"type":"Feature","geometry":{"type":"Polygon","coordinates":[[[141.0755,-32.49],[141.0755,-32.31],[140.9197,-32.22],[140.7638,-32.31],[140.7638,-32.49],[140.9197,-32.58],[141.0755,-32.49]]]},"properties":{"state":"sa","n":4668,"kind":"geochem"}},{"type":"Feature","geometry":{"type":"Polygon","coordinates":[[[134.5284,-23.31],[134.5284,-23.13],[134.3725,-23.04],[134.2166,-23.13],[134.2166,-23.31],[134.3725,-23.4],[134.5284,-23.31]]]},"properties":{"state":"nt","n":4678,"kind":"geochem"}},{"type":"Feature","geometry":{"type":"Polygon","coordinates":[[[151.208,-31.14],[151.208,-30.96],[151.0522,-30.87],[150.8963,-30.96],[150.8963,-31.14],[151.0522,-31.23],[151.208,-31.14]]]},"properties":{"state":"nsw","n":4732,"kind":"geochem"}},{"type":"Feature","geometry":{"type":"Polygon","coordinates":[[[146.5315,-41.4],[146.5315,-41.22],[146.3756,-41.13],[146.2197,-41.22],[146.2197,-41.4],[146.3756,-41.49],[146.5315,-41.4]]]},"properties":{"state":"tas","n":4809,"kind":"geochem"}},{"type":"Feature","geometry":{"type":"Polygon","coordinates":[[[148.2462,-34.11],[148.2462,-33.93],[148.0903,-33.84],[147.9345,-33.93],[147.9345,-34.11],[148.0903,-34.2],[148.2462,-34.11]]]},"properties":{"state":"nsw","n":4881,"kind":"geochem"}},{"type":"Feature","geometry":{"type":"Polygon","coordinates":[[[152.4551,-29.52],[152.4551,-29.34],[152.2992,-29.25],[152.1433,-29.34],[152.1433,-29.52],[152.2992,-29.61],[152.4551,-29.52]]]},"properties":{"state":"nsw","n":4890,"kind":"geochem"}},{"type":"Feature","geometry":{"type":"Polygon","coordinates":[[[142.6344,-30.87],[142.6344,-30.69],[142.4785,-30.6],[142.3226,-30.69],[142.3226,-30.87],[142.4785,-30.96],[142.6344,-30.87]]]},"properties":{"state":"nsw","n":4894,"kind":"geochem"}},{"type":"Feature","geometry":{"type":"Polygon","coordinates":[[[146.8433,-33.84],[146.8433,-33.66],[146.6874,-33.57],[146.5315,-33.66],[146.5315,-33.84],[146.6874,-33.93],[146.8433,-33.84]]]},"properties":{"state":"nsw","n":4932,"kind":"geochem"}},{"type":"Feature","geometry":{"type":"Polygon","coordinates":[[[150.1168,-33.03],[150.1168,-32.85],[149.961,-32.76],[149.8051,-32.85],[149.8051,-33.03],[149.961,-33.12],[150.1168,-33.03]]]},"properties":{"state":"nsw","n":4995,"kind":"geochem"}},{"type":"Feature","geometry":{"type":"Polygon","coordinates":[[[135.6196,-16.02],[135.6196,-15.84],[135.4637,-15.75],[135.3078,-15.84],[135.3078,-16.02],[135.4637,-16.11],[135.6196,-16.02]]]},"properties":{"state":"nt","n":5007,"kind":"geochem"}},{"type":"Feature","geometry":{"type":"Polygon","coordinates":[[[133.9048,-21.15],[133.9048,-20.97],[133.749,-20.88],[133.5931,-20.97],[133.5931,-21.15],[133.749,-21.24],[133.9048,-21.15]]]},"properties":{"state":"nt","n":5013,"kind":"geochem"}},{"type":"Feature","geometry":{"type":"Polygon","coordinates":[[[146.6874,-41.67],[146.6874,-41.49],[146.5315,-41.4],[146.3756,-41.49],[146.3756,-41.67],[146.5315,-41.76],[146.6874,-41.67]]]},"properties":{"state":"tas","n":5046,"kind":"geochem"}},{"type":"Feature","geometry":{"type":"Polygon","coordinates":[[[130.0077,-20.34],[130.0077,-20.16],[129.8518,-20.07],[129.696,-20.16],[129.696,-20.34],[129.8518,-20.43],[130.0077,-20.34]]]},"properties":{"state":"nt","n":5051,"kind":"geochem"}},{"type":"Feature","geometry":{"type":"Polygon","coordinates":[[[151.3639,-31.41],[151.3639,-31.23],[151.208,-31.14],[151.0522,-31.23],[151.0522,-31.41],[151.208,-31.5],[151.3639,-31.41]]]},"properties":{"state":"nsw","n":5096,"kind":"geochem"}},{"type":"Feature","geometry":{"type":"Polygon","coordinates":[[[152.611,-28.71],[152.611,-28.53],[152.4551,-28.44],[152.2992,-28.53],[152.2992,-28.71],[152.4551,-28.8],[152.611,-28.71]]]},"properties":{"state":"nsw","n":5100,"kind":"geochem"}},{"type":"Feature","geometry":{"type":"Polygon","coordinates":[[[151.9875,-29.25],[151.9875,-29.07],[151.8316,-28.98],[151.6757,-29.07],[151.6757,-29.25],[151.8316,-29.34],[151.9875,-29.25]]]},"properties":{"state":"nsw","n":5129,"kind":"geochem"}},{"type":"Feature","geometry":{"type":"Polygon","coordinates":[[[134.996,-31.68],[134.996,-31.5],[134.8402,-31.41],[134.6843,-31.5],[134.6843,-31.68],[134.8402,-31.77],[134.996,-31.68]]]},"properties":{"state":"sa","n":5135,"kind":"geochem"}},{"type":"Feature","geometry":{"type":"Polygon","coordinates":[[[152.611,-29.79],[152.611,-29.61],[152.4551,-29.52],[152.2992,-29.61],[152.2992,-29.79],[152.4551,-29.88],[152.611,-29.79]]]},"properties":{"state":"nsw","n":5146,"kind":"geochem"}},{"type":"Feature","geometry":{"type":"Polygon","coordinates":[[[149.8051,-35.19],[149.8051,-35.01],[149.6492,-34.92],[149.4933,-35.01],[149.4933,-35.19],[149.6492,-35.28],[149.8051,-35.19]]]},"properties":{"state":"nsw","n":5161,"kind":"geochem"}},{"type":"Feature","geometry":{"type":"Polygon","coordinates":[[[152.1433,-29.52],[152.1433,-29.34],[151.9875,-29.25],[151.8316,-29.34],[151.8316,-29.52],[151.9875,-29.61],[152.1433,-29.52]]]},"properties":{"state":"nsw","n":5169,"kind":"geochem"}},{"type":"Feature","geometry":{"type":"Polygon","coordinates":[[[152.2992,-32.49],[152.2992,-32.31],[152.1433,-32.22],[151.9875,-32.31],[151.9875,-32.49],[152.1433,-32.58],[152.2992,-32.49]]]},"properties":{"state":"nsw","n":5276,"kind":"geochem"}},{"type":"Feature","geometry":{"type":"Polygon","coordinates":[[[135.7755,-29.79],[135.7755,-29.61],[135.6196,-29.52],[135.4637,-29.61],[135.4637,-29.79],[135.6196,-29.88],[135.7755,-29.79]]]},"properties":{"state":"sa","n":5315,"kind":"geochem"}},{"type":"Feature","geometry":{"type":"Polygon","coordinates":[[[147.6227,-34.11],[147.6227,-33.93],[147.4668,-33.84],[147.3109,-33.93],[147.3109,-34.11],[147.4668,-34.2],[147.6227,-34.11]]]},"properties":{"state":"nsw","n":5390,"kind":"geochem"}},{"type":"Feature","geometry":{"type":"Polygon","coordinates":[[[132.5019,-14.4],[132.5019,-14.22],[132.346,-14.13],[132.1901,-14.22],[132.1901,-14.4],[132.346,-14.49],[132.5019,-14.4]]]},"properties":{"state":"nt","n":5391,"kind":"geochem"}},{"type":"Feature","geometry":{"type":"Polygon","coordinates":[[[146.6874,-32.49],[146.6874,-32.31],[146.5315,-32.22],[146.3756,-32.31],[146.3756,-32.49],[146.5315,-32.58],[146.6874,-32.49]]]},"properties":{"state":"nsw","n":5402,"kind":"geochem"}},{"type":"Feature","geometry":{"type":"Polygon","coordinates":[[[131.8783,-12.78],[131.8783,-12.6],[131.7225,-12.51],[131.5666,-12.6],[131.5666,-12.78],[131.7225,-12.87],[131.8783,-12.78]]]},"properties":{"state":"nt","n":5418,"kind":"geochem"}},{"type":"Feature","geometry":{"type":"Polygon","coordinates":[[[147.3109,-34.11],[147.3109,-33.93],[147.155,-33.84],[146.9992,-33.93],[146.9992,-34.11],[147.155,-34.2],[147.3109,-34.11]]]},"properties":{"state":"nsw","n":5437,"kind":"geochem"}},{"type":"Feature","geometry":{"type":"Polygon","coordinates":[[[132.1901,-13.32],[132.1901,-13.14],[132.0342,-13.05],[131.8783,-13.14],[131.8783,-13.32],[132.0342,-13.41],[132.1901,-13.32]]]},"properties":{"state":"nt","n":5438,"kind":"geochem"}},{"type":"Feature","geometry":{"type":"Polygon","coordinates":[[[146.5315,-31.14],[146.5315,-30.96],[146.3756,-30.87],[146.2197,-30.96],[146.2197,-31.14],[146.3756,-31.23],[146.5315,-31.14]]]},"properties":{"state":"nsw","n":5500,"kind":"geochem"}},{"type":"Feature","geometry":{"type":"Polygon","coordinates":[[[146.0638,-30.87],[146.0638,-30.69],[145.908,-30.6],[145.7521,-30.69],[145.7521,-30.87],[145.908,-30.96],[146.0638,-30.87]]]},"properties":{"state":"nsw","n":5517,"kind":"geochem"}},{"type":"Feature","geometry":{"type":"Polygon","coordinates":[[[150.1168,-33.57],[150.1168,-33.39],[149.961,-33.3],[149.8051,-33.39],[149.8051,-33.57],[149.961,-33.66],[150.1168,-33.57]]]},"properties":{"state":"nsw","n":5537,"kind":"geochem"}},{"type":"Feature","geometry":{"type":"Polygon","coordinates":[[[129.2283,-20.07],[129.2283,-19.89],[129.0724,-19.8],[128.9165,-19.89],[128.9165,-20.07],[129.0724,-20.16],[129.2283,-20.07]]]},"properties":{"state":"nt","n":5567,"kind":"geochem"}},{"type":"Feature","geometry":{"type":"Polygon","coordinates":[[[144.9727,-37.08],[144.9727,-36.9],[144.8168,-36.81],[144.6609,-36.9],[144.6609,-37.08],[144.8168,-37.17],[144.9727,-37.08]]]},"properties":{"state":"vic","n":5588,"kind":"geochem"}},{"type":"Feature","geometry":{"type":"Polygon","coordinates":[[[147.7786,-34.92],[147.7786,-34.74],[147.6227,-34.65],[147.4668,-34.74],[147.4668,-34.92],[147.6227,-35.01],[147.7786,-34.92]]]},"properties":{"state":"nsw","n":5606,"kind":"geochem"}},{"type":"Feature","geometry":{"type":"Polygon","coordinates":[[[150.1168,-34.11],[150.1168,-33.93],[149.961,-33.84],[149.8051,-33.93],[149.8051,-34.11],[149.961,-34.2],[150.1168,-34.11]]]},"properties":{"state":"nsw","n":5614,"kind":"geochem"}},{"type":"Feature","geometry":{"type":"Polygon","coordinates":[[[140.1402,-31.95],[140.1402,-31.77],[139.9843,-31.68],[139.8285,-31.77],[139.8285,-31.95],[139.9843,-32.04],[140.1402,-31.95]]]},"properties":{"state":"sa","n":5620,"kind":"geochem"}},{"type":"Feature","geometry":{"type":"Polygon","coordinates":[[[140.9197,-32.22],[140.9197,-32.04],[140.7638,-31.95],[140.6079,-32.04],[140.6079,-32.22],[140.7638,-32.31],[140.9197,-32.22]]]},"properties":{"state":"sa","n":5628,"kind":"geochem"}},{"type":"Feature","geometry":{"type":"Polygon","coordinates":[[[130.3195,-20.34],[130.3195,-20.16],[130.1636,-20.07],[130.0077,-20.16],[130.0077,-20.34],[130.1636,-20.43],[130.3195,-20.34]]]},"properties":{"state":"nt","n":5649,"kind":"geochem"}},{"type":"Feature","geometry":{"type":"Polygon","coordinates":[[[142.0108,-31.95],[142.0108,-31.77],[141.855,-31.68],[141.6991,-31.77],[141.6991,-31.95],[141.855,-32.04],[142.0108,-31.95]]]},"properties":{"state":"nsw","n":5665,"kind":"geochem"}},{"type":"Feature","geometry":{"type":"Polygon","coordinates":[[[149.4933,-32.49],[149.4933,-32.31],[149.3374,-32.22],[149.1815,-32.31],[149.1815,-32.49],[149.3374,-32.58],[149.4933,-32.49]]]},"properties":{"state":"nsw","n":5687,"kind":"geochem"}},{"type":"Feature","geometry":{"type":"Polygon","coordinates":[[[135.7755,-16.29],[135.7755,-16.11],[135.6196,-16.02],[135.4637,-16.11],[135.4637,-16.29],[135.6196,-16.38],[135.7755,-16.29]]]},"properties":{"state":"nt","n":5802,"kind":"geochem"}},{"type":"Feature","geometry":{"type":"Polygon","coordinates":[[[149.4933,-33.03],[149.4933,-32.85],[149.3374,-32.76],[149.1815,-32.85],[149.1815,-33.03],[149.3374,-33.12],[149.4933,-33.03]]]},"properties":{"state":"nsw","n":5867,"kind":"geochem"}},{"type":"Feature","geometry":{"type":"Polygon","coordinates":[[[133.9048,-19.53],[133.9048,-19.35],[133.749,-19.26],[133.5931,-19.35],[133.5931,-19.53],[133.749,-19.62],[133.9048,-19.53]]]},"properties":{"state":"nt","n":5890,"kind":"geochem"}},{"type":"Feature","geometry":{"type":"Polygon","coordinates":[[[145.4403,-41.13],[145.4403,-40.95],[145.2844,-40.86],[145.1285,-40.95],[145.1285,-41.13],[145.2844,-41.22],[145.4403,-41.13]]]},"properties":{"state":"tas","n":5924,"kind":"geochem"}},{"type":"Feature","geometry":{"type":"Polygon","coordinates":[[[134.2166,-29.79],[134.2166,-29.61],[134.0607,-29.52],[133.9048,-29.61],[133.9048,-29.79],[134.0607,-29.88],[134.2166,-29.79]]]},"properties":{"state":"sa","n":5936,"kind":"geochem"}},{"type":"Feature","geometry":{"type":"Polygon","coordinates":[[[144.8168,-36.81],[144.8168,-36.63],[144.6609,-36.54],[144.505,-36.63],[144.505,-36.81],[144.6609,-36.9],[144.8168,-36.81]]]},"properties":{"state":"vic","n":5941,"kind":"geochem"}},{"type":"Feature","geometry":{"type":"Polygon","coordinates":[[[142.0108,-29.79],[142.0108,-29.61],[141.855,-29.52],[141.6991,-29.61],[141.6991,-29.79],[141.855,-29.88],[142.0108,-29.79]]]},"properties":{"state":"nsw","n":5962,"kind":"geochem"}},{"type":"Feature","geometry":{"type":"Polygon","coordinates":[[[148.4021,-33.84],[148.4021,-33.66],[148.2462,-33.57],[148.0903,-33.66],[148.0903,-33.84],[148.2462,-33.93],[148.4021,-33.84]]]},"properties":{"state":"nsw","n":5990,"kind":"geochem"}},{"type":"Feature","geometry":{"type":"Polygon","coordinates":[[[149.6492,-34.38],[149.6492,-34.2],[149.4933,-34.11],[149.3374,-34.2],[149.3374,-34.38],[149.4933,-34.47],[149.6492,-34.38]]]},"properties":{"state":"nsw","n":6004,"kind":"geochem"}},{"type":"Feature","geometry":{"type":"Polygon","coordinates":[[[147.3109,-32.49],[147.3109,-32.31],[147.155,-32.22],[146.9992,-32.31],[146.9992,-32.49],[147.155,-32.58],[147.3109,-32.49]]]},"properties":{"state":"nsw","n":6067,"kind":"geochem"}},{"type":"Feature","geometry":{"type":"Polygon","coordinates":[[[142.7903,-37.62],[142.7903,-37.44],[142.6344,-37.35],[142.4785,-37.44],[142.4785,-37.62],[142.6344,-37.71],[142.7903,-37.62]]]},"properties":{"state":"vic","n":6130,"kind":"geochem"}},{"type":"Feature","geometry":{"type":"Polygon","coordinates":[[[148.7139,-33.3],[148.7139,-33.12],[148.558,-33.03],[148.4021,-33.12],[148.4021,-33.3],[148.558,-33.39],[148.7139,-33.3]]]},"properties":{"state":"nsw","n":6148,"kind":"geochem"}},{"type":"Feature","geometry":{"type":"Polygon","coordinates":[[[149.1815,-34.65],[149.1815,-34.47],[149.0257,-34.38],[148.8698,-34.47],[148.8698,-34.65],[149.0257,-34.74],[149.1815,-34.65]]]},"properties":{"state":"nsw","n":6157,"kind":"geochem"}},{"type":"Feature","geometry":{"type":"Polygon","coordinates":[[[134.0607,-21.42],[134.0607,-21.24],[133.9048,-21.15],[133.749,-21.24],[133.749,-21.42],[133.9048,-21.51],[134.0607,-21.42]]]},"properties":{"state":"nt","n":6184,"kind":"geochem"}},{"type":"Feature","geometry":{"type":"Polygon","coordinates":[[[142.9462,-30.87],[142.9462,-30.69],[142.7903,-30.6],[142.6344,-30.69],[142.6344,-30.87],[142.7903,-30.96],[142.9462,-30.87]]]},"properties":{"state":"nsw","n":6210,"kind":"geochem"}},{"type":"Feature","geometry":{"type":"Polygon","coordinates":[[[146.8433,-31.14],[146.8433,-30.96],[146.6874,-30.87],[146.5315,-30.96],[146.5315,-31.14],[146.6874,-31.23],[146.8433,-31.14]]]},"properties":{"state":"nsw","n":6266,"kind":"geochem"}},{"type":"Feature","geometry":{"type":"Polygon","coordinates":[[[132.9695,-22.23],[132.9695,-22.05],[132.8137,-21.96],[132.6578,-22.05],[132.6578,-22.23],[132.8137,-22.32],[132.9695,-22.23]]]},"properties":{"state":"nt","n":6305,"kind":"geochem"}},{"type":"Feature","geometry":{"type":"Polygon","coordinates":[[[146.2197,-31.14],[146.2197,-30.96],[146.0638,-30.87],[145.908,-30.96],[145.908,-31.14],[146.0638,-31.23],[146.2197,-31.14]]]},"properties":{"state":"nsw","n":6375,"kind":"geochem"}},{"type":"Feature","geometry":{"type":"Polygon","coordinates":[[[137.0225,-12.51],[137.0225,-12.33],[136.8667,-12.24],[136.7108,-12.33],[136.7108,-12.51],[136.8667,-12.6],[137.0225,-12.51]]]},"properties":{"state":"nt","n":6415,"kind":"geochem"}},{"type":"Feature","geometry":{"type":"Polygon","coordinates":[[[148.0903,-33.3],[148.0903,-33.12],[147.9345,-33.03],[147.7786,-33.12],[147.7786,-33.3],[147.9345,-33.39],[148.0903,-33.3]]]},"properties":{"state":"nsw","n":6450,"kind":"geochem"}},{"type":"Feature","geometry":{"type":"Polygon","coordinates":[[[137.9578,-17.37],[137.9578,-17.19],[137.802,-17.1],[137.6461,-17.19],[137.6461,-17.37],[137.802,-17.46],[137.9578,-17.37]]]},"properties":{"state":"nt","n":6452,"kind":"geochem"}},{"type":"Feature","geometry":{"type":"Polygon","coordinates":[[[140.7638,-32.49],[140.7638,-32.31],[140.6079,-32.22],[140.452,-32.31],[140.452,-32.49],[140.6079,-32.58],[140.7638,-32.49]]]},"properties":{"state":"sa","n":6456,"kind":"geochem"}},{"type":"Feature","geometry":{"type":"Polygon","coordinates":[[[137.9578,-34.65],[137.9578,-34.47],[137.802,-34.38],[137.6461,-34.47],[137.6461,-34.65],[137.802,-34.74],[137.9578,-34.65]]]},"properties":{"state":"sa","n":6483,"kind":"geochem"}},{"type":"Feature","geometry":{"type":"Polygon","coordinates":[[[132.6578,-14.67],[132.6578,-14.49],[132.5019,-14.4],[132.346,-14.49],[132.346,-14.67],[132.5019,-14.76],[132.6578,-14.67]]]},"properties":{"state":"nt","n":6499,"kind":"geochem"}},{"type":"Feature","geometry":{"type":"Polygon","coordinates":[[[145.1285,-41.67],[145.1285,-41.49],[144.9727,-41.4],[144.8168,-41.49],[144.8168,-41.67],[144.9727,-41.76],[145.1285,-41.67]]]},"properties":{"state":"tas","n":6503,"kind":"geochem"}},{"type":"Feature","geometry":{"type":"Polygon","coordinates":[[[133.749,-30.06],[133.749,-29.88],[133.5931,-29.79],[133.4372,-29.88],[133.4372,-30.06],[133.5931,-30.15],[133.749,-30.06]]]},"properties":{"state":"sa","n":6527,"kind":"geochem"}},{"type":"Feature","geometry":{"type":"Polygon","coordinates":[[[147.9345,-34.65],[147.9345,-34.47],[147.7786,-34.38],[147.6227,-34.47],[147.6227,-34.65],[147.7786,-34.74],[147.9345,-34.65]]]},"properties":{"state":"nsw","n":6557,"kind":"geochem"}},{"type":"Feature","geometry":{"type":"Polygon","coordinates":[[[148.8698,-34.65],[148.8698,-34.47],[148.7139,-34.38],[148.558,-34.47],[148.558,-34.65],[148.7139,-34.74],[148.8698,-34.65]]]},"properties":{"state":"nsw","n":6586,"kind":"geochem"}},{"type":"Feature","geometry":{"type":"Polygon","coordinates":[[[134.5284,-30.87],[134.5284,-30.69],[134.3725,-30.6],[134.2166,-30.69],[134.2166,-30.87],[134.3725,-30.96],[134.5284,-30.87]]]},"properties":{"state":"sa","n":6625,"kind":"geochem"}},{"type":"Feature","geometry":{"type":"Polygon","coordinates":[[[136.399,-33.57],[136.399,-33.39],[136.2431,-33.3],[136.0872,-33.39],[136.0872,-33.57],[136.2431,-33.66],[136.399,-33.57]]]},"properties":{"state":"sa","n":6727,"kind":"geochem"}},{"type":"Feature","geometry":{"type":"Polygon","coordinates":[[[148.2462,-41.13],[148.2462,-40.95],[148.0903,-40.86],[147.9345,-40.95],[147.9345,-41.13],[148.0903,-41.22],[148.2462,-41.13]]]},"properties":{"state":"tas","n":6763,"kind":"geochem"}},{"type":"Feature","geometry":{"type":"Polygon","coordinates":[[[138.1137,-33.84],[138.1137,-33.66],[137.9578,-33.57],[137.802,-33.66],[137.802,-33.84],[137.9578,-33.93],[138.1137,-33.84]]]},"properties":{"state":"sa","n":6768,"kind":"geochem"}},{"type":"Feature","geometry":{"type":"Polygon","coordinates":[[[148.558,-33.03],[148.558,-32.85],[148.4021,-32.76],[148.2462,-32.85],[148.2462,-33.03],[148.4021,-33.12],[148.558,-33.03]]]},"properties":{"state":"nsw","n":6990,"kind":"geochem"}},{"type":"Feature","geometry":{"type":"Polygon","coordinates":[[[147.6227,-32.49],[147.6227,-32.31],[147.4668,-32.22],[147.3109,-32.31],[147.3109,-32.49],[147.4668,-32.58],[147.6227,-32.49]]]},"properties":{"state":"nsw","n":6995,"kind":"geochem"}},{"type":"Feature","geometry":{"type":"Polygon","coordinates":[[[148.2462,-34.65],[148.2462,-34.47],[148.0903,-34.38],[147.9345,-34.47],[147.9345,-34.65],[148.0903,-34.74],[148.2462,-34.65]]]},"properties":{"state":"nsw","n":7075,"kind":"geochem"}},{"type":"Feature","geometry":{"type":"Polygon","coordinates":[[[146.0638,-32.49],[146.0638,-32.31],[145.908,-32.22],[145.7521,-32.31],[145.7521,-32.49],[145.908,-32.58],[146.0638,-32.49]]]},"properties":{"state":"nsw","n":7109,"kind":"geochem"}},{"type":"Feature","geometry":{"type":"Polygon","coordinates":[[[149.6492,-32.76],[149.6492,-32.58],[149.4933,-32.49],[149.3374,-32.58],[149.3374,-32.76],[149.4933,-32.85],[149.6492,-32.76]]]},"properties":{"state":"nsw","n":7171,"kind":"geochem"}},{"type":"Feature","geometry":{"type":"Polygon","coordinates":[[[151.0522,-30.87],[151.0522,-30.69],[150.8963,-30.6],[150.7404,-30.69],[150.7404,-30.87],[150.8963,-30.96],[151.0522,-30.87]]]},"properties":{"state":"nsw","n":7239,"kind":"geochem"}},{"type":"Feature","geometry":{"type":"Polygon","coordinates":[[[148.8698,-33.03],[148.8698,-32.85],[148.7139,-32.76],[148.558,-32.85],[148.558,-33.03],[148.7139,-33.12],[148.8698,-33.03]]]},"properties":{"state":"nsw","n":7374,"kind":"geochem"}},{"type":"Feature","geometry":{"type":"Polygon","coordinates":[[[148.8698,-34.11],[148.8698,-33.93],[148.7139,-33.84],[148.558,-33.93],[148.558,-34.11],[148.7139,-34.2],[148.8698,-34.11]]]},"properties":{"state":"nsw","n":7397,"kind":"geochem"}},{"type":"Feature","geometry":{"type":"Polygon","coordinates":[[[138.1137,-17.64],[138.1137,-17.46],[137.9578,-17.37],[137.802,-17.46],[137.802,-17.64],[137.9578,-17.73],[138.1137,-17.64]]]},"properties":{"state":"nt","n":7457,"kind":"geochem"}},{"type":"Feature","geometry":{"type":"Polygon","coordinates":[[[145.1285,-41.13],[145.1285,-40.95],[144.9727,-40.86],[144.8168,-40.95],[144.8168,-41.13],[144.9727,-41.22],[145.1285,-41.13]]]},"properties":{"state":"tas","n":7510,"kind":"geochem"}},{"type":"Feature","geometry":{"type":"Polygon","coordinates":[[[134.6843,-19.8],[134.6843,-19.62],[134.5284,-19.53],[134.3725,-19.62],[134.3725,-19.8],[134.5284,-19.89],[134.6843,-19.8]]]},"properties":{"state":"nt","n":7520,"kind":"geochem"}},{"type":"Feature","geometry":{"type":"Polygon","coordinates":[[[131.2548,-12.78],[131.2548,-12.6],[131.0989,-12.51],[130.943,-12.6],[130.943,-12.78],[131.0989,-12.87],[131.2548,-12.78]]]},"properties":{"state":"nt","n":7611,"kind":"geochem"}},{"type":"Feature","geometry":{"type":"Polygon","coordinates":[[[151.8316,-29.52],[151.8316,-29.34],[151.6757,-29.25],[151.5198,-29.34],[151.5198,-29.52],[151.6757,-29.61],[151.8316,-29.52]]]},"properties":{"state":"nsw","n":7650,"kind":"geochem"}},{"type":"Feature","geometry":{"type":"Polygon","coordinates":[[[130.1636,-20.61],[130.1636,-20.43],[130.0077,-20.34],[129.8518,-20.43],[129.8518,-20.61],[130.0077,-20.7],[130.1636,-20.61]]]},"properties":{"state":"nt","n":7698,"kind":"geochem"}},{"type":"Feature","geometry":{"type":"Polygon","coordinates":[[[144.8168,-41.13],[144.8168,-40.95],[144.6609,-40.86],[144.505,-40.95],[144.505,-41.13],[144.6609,-41.22],[144.8168,-41.13]]]},"properties":{"state":"tas","n":7716,"kind":"geochem"}},{"type":"Feature","geometry":{"type":"Polygon","coordinates":[[[130.1636,-19.53],[130.1636,-19.35],[130.0077,-19.26],[129.8518,-19.35],[129.8518,-19.53],[130.0077,-19.62],[130.1636,-19.53]]]},"properties":{"state":"nt","n":7762,"kind":"geochem"}},{"type":"Feature","geometry":{"type":"Polygon","coordinates":[[[140.7638,-31.95],[140.7638,-31.77],[140.6079,-31.68],[140.452,-31.77],[140.452,-31.95],[140.6079,-32.04],[140.7638,-31.95]]]},"properties":{"state":"sa","n":7788,"kind":"geochem"}},{"type":"Feature","geometry":{"type":"Polygon","coordinates":[[[145.2844,-41.4],[145.2844,-41.22],[145.1285,-41.13],[144.9727,-41.22],[144.9727,-41.4],[145.1285,-41.49],[145.2844,-41.4]]]},"properties":{"state":"tas","n":7812,"kind":"geochem"}},{"type":"Feature","geometry":{"type":"Polygon","coordinates":[[[147.4668,-33.84],[147.4668,-33.66],[147.3109,-33.57],[147.155,-33.66],[147.155,-33.84],[147.3109,-33.93],[147.4668,-33.84]]]},"properties":{"state":"nsw","n":7885,"kind":"geochem"}},{"type":"Feature","geometry":{"type":"Polygon","coordinates":[[[145.5962,-42.48],[145.5962,-42.3],[145.4403,-42.21],[145.2844,-42.3],[145.2844,-42.48],[145.4403,-42.57],[145.5962,-42.48]]]},"properties":{"state":"tas","n":7893,"kind":"geochem"}},{"type":"Feature","geometry":{"type":"Polygon","coordinates":[[[132.346,-13.59],[132.346,-13.41],[132.1901,-13.32],[132.0342,-13.41],[132.0342,-13.59],[132.1901,-13.68],[132.346,-13.59]]]},"properties":{"state":"nt","n":8007,"kind":"geochem"}},{"type":"Feature","geometry":{"type":"Polygon","coordinates":[[[130.6313,-20.34],[130.6313,-20.16],[130.4754,-20.07],[130.3195,-20.16],[130.3195,-20.34],[130.4754,-20.43],[130.6313,-20.34]]]},"properties":{"state":"nt","n":8080,"kind":"geochem"}},{"type":"Feature","geometry":{"type":"Polygon","coordinates":[[[148.558,-34.11],[148.558,-33.93],[148.4021,-33.84],[148.2462,-33.93],[148.2462,-34.11],[148.4021,-34.2],[148.558,-34.11]]]},"properties":{"state":"nsw","n":8118,"kind":"geochem"}},{"type":"Feature","geometry":{"type":"Polygon","coordinates":[[[130.3195,-19.8],[130.3195,-19.62],[130.1636,-19.53],[130.0077,-19.62],[130.0077,-19.8],[130.1636,-19.89],[130.3195,-19.8]]]},"properties":{"state":"nt","n":8227,"kind":"geochem"}},{"type":"Feature","geometry":{"type":"Polygon","coordinates":[[[145.5962,-31.68],[145.5962,-31.5],[145.4403,-31.41],[145.2844,-31.5],[145.2844,-31.68],[145.4403,-31.77],[145.5962,-31.68]]]},"properties":{"state":"nsw","n":8277,"kind":"geochem"}},{"type":"Feature","geometry":{"type":"Polygon","coordinates":[[[145.4403,-42.21],[145.4403,-42.03],[145.2844,-41.94],[145.1285,-42.03],[145.1285,-42.21],[145.2844,-42.3],[145.4403,-42.21]]]},"properties":{"state":"tas","n":8435,"kind":"geochem"}},{"type":"Feature","geometry":{"type":"Polygon","coordinates":[[[146.3756,-32.49],[146.3756,-32.31],[146.2197,-32.22],[146.0638,-32.31],[146.0638,-32.49],[146.2197,-32.58],[146.3756,-32.49]]]},"properties":{"state":"nsw","n":8770,"kind":"geochem"}},{"type":"Feature","geometry":{"type":"Polygon","coordinates":[[[151.5198,-30.6],[151.5198,-30.42],[151.3639,-30.33],[151.208,-30.42],[151.208,-30.6],[151.3639,-30.69],[151.5198,-30.6]]]},"properties":{"state":"nsw","n":8785,"kind":"geochem"}},{"type":"Feature","geometry":{"type":"Polygon","coordinates":[[[146.9992,-30.87],[146.9992,-30.69],[146.8433,-30.6],[146.6874,-30.69],[146.6874,-30.87],[146.8433,-30.96],[146.9992,-30.87]]]},"properties":{"state":"nsw","n":8799,"kind":"geochem"}},{"type":"Feature","geometry":{"type":"Polygon","coordinates":[[[150.8963,-30.06],[150.8963,-29.88],[150.7404,-29.79],[150.5845,-29.88],[150.5845,-30.06],[150.7404,-30.15],[150.8963,-30.06]]]},"properties":{"state":"nsw","n":8830,"kind":"geochem"}},{"type":"Feature","geometry":{"type":"Polygon","coordinates":[[[149.3374,-32.76],[149.3374,-32.58],[149.1815,-32.49],[149.0257,-32.58],[149.0257,-32.76],[149.1815,-32.85],[149.3374,-32.76]]]},"properties":{"state":"nsw","n":8868,"kind":"geochem"}},{"type":"Feature","geometry":{"type":"Polygon","coordinates":[[[152.1433,-30.6],[152.1433,-30.42],[151.9875,-30.33],[151.8316,-30.42],[151.8316,-30.6],[151.9875,-30.69],[152.1433,-30.6]]]},"properties":{"state":"nsw","n":9042,"kind":"geochem"}},{"type":"Feature","geometry":{"type":"Polygon","coordinates":[[[141.855,-31.68],[141.855,-31.5],[141.6991,-31.41],[141.5432,-31.5],[141.5432,-31.68],[141.6991,-31.77],[141.855,-31.68]]]},"properties":{"state":"nsw","n":9097,"kind":"geochem"}},{"type":"Feature","geometry":{"type":"Polygon","coordinates":[[[136.399,-16.83],[136.399,-16.65],[136.2431,-16.56],[136.0872,-16.65],[136.0872,-16.83],[136.2431,-16.92],[136.399,-16.83]]]},"properties":{"state":"nt","n":9175,"kind":"geochem"}},{"type":"Feature","geometry":{"type":"Polygon","coordinates":[[[146.8433,-31.68],[146.8433,-31.5],[146.6874,-31.41],[146.5315,-31.5],[146.5315,-31.68],[146.6874,-31.77],[146.8433,-31.68]]]},"properties":{"state":"nsw","n":9348,"kind":"geochem"}},{"type":"Feature","geometry":{"type":"Polygon","coordinates":[[[146.9992,-33.03],[146.9992,-32.85],[146.8433,-32.76],[146.6874,-32.85],[146.6874,-33.03],[146.8433,-33.12],[146.9992,-33.03]]]},"properties":{"state":"nsw","n":9640,"kind":"geochem"}},{"type":"Feature","geometry":{"type":"Polygon","coordinates":[[[136.2431,-32.76],[136.2431,-32.58],[136.0872,-32.49],[135.9313,-32.58],[135.9313,-32.76],[136.0872,-32.85],[136.2431,-32.76]]]},"properties":{"state":"sa","n":9661,"kind":"geochem"}},{"type":"Feature","geometry":{"type":"Polygon","coordinates":[[[149.8051,-33.57],[149.8051,-33.39],[149.6492,-33.3],[149.4933,-33.39],[149.4933,-33.57],[149.6492,-33.66],[149.8051,-33.57]]]},"properties":{"state":"nsw","n":9869,"kind":"geochem"}},{"type":"Feature","geometry":{"type":"Polygon","coordinates":[[[145.7521,-30.87],[145.7521,-30.69],[145.5962,-30.6],[145.4403,-30.69],[145.4403,-30.87],[145.5962,-30.96],[145.7521,-30.87]]]},"properties":{"state":"nsw","n":9940,"kind":"geochem"}},{"type":"Feature","geometry":{"type":"Polygon","coordinates":[[[146.0638,-33.03],[146.0638,-32.85],[145.908,-32.76],[145.7521,-32.85],[145.7521,-33.03],[145.908,-33.12],[146.0638,-33.03]]]},"properties":{"state":"nsw","n":9956,"kind":"geochem"}},{"type":"Feature","geometry":{"type":"Polygon","coordinates":[[[141.3873,-31.95],[141.3873,-31.77],[141.2314,-31.68],[141.0755,-31.77],[141.0755,-31.95],[141.2314,-32.04],[141.3873,-31.95]]]},"properties":{"state":"nsw","n":10001,"kind":"geochem"}},{"type":"Feature","geometry":{"type":"Polygon","coordinates":[[[134.8402,-31.41],[134.8402,-31.23],[134.6843,-31.14],[134.5284,-31.23],[134.5284,-31.41],[134.6843,-31.5],[134.8402,-31.41]]]},"properties":{"state":"sa","n":10283,"kind":"geochem"}},{"type":"Feature","geometry":{"type":"Polygon","coordinates":[[[147.7786,-32.76],[147.7786,-32.58],[147.6227,-32.49],[147.4668,-32.58],[147.4668,-32.76],[147.6227,-32.85],[147.7786,-32.76]]]},"properties":{"state":"nsw","n":10372,"kind":"geochem"}},{"type":"Feature","geometry":{"type":"Polygon","coordinates":[[[137.9578,-34.11],[137.9578,-33.93],[137.802,-33.84],[137.6461,-33.93],[137.6461,-34.11],[137.802,-34.2],[137.9578,-34.11]]]},"properties":{"state":"sa","n":10713,"kind":"geochem"}},{"type":"Feature","geometry":{"type":"Polygon","coordinates":[[[147.9345,-33.03],[147.9345,-32.85],[147.7786,-32.76],[147.6227,-32.85],[147.6227,-33.03],[147.7786,-33.12],[147.9345,-33.03]]]},"properties":{"state":"nsw","n":10831,"kind":"geochem"}},{"type":"Feature","geometry":{"type":"Polygon","coordinates":[[[141.6991,-31.41],[141.6991,-31.23],[141.5432,-31.14],[141.3873,-31.23],[141.3873,-31.41],[141.5432,-31.5],[141.6991,-31.41]]]},"properties":{"state":"nsw","n":11163,"kind":"geochem"}},{"type":"Feature","geometry":{"type":"Polygon","coordinates":[[[149.0257,-34.38],[149.0257,-34.2],[148.8698,-34.11],[148.7139,-34.2],[148.7139,-34.38],[148.8698,-34.47],[149.0257,-34.38]]]},"properties":{"state":"nsw","n":11178,"kind":"geochem"}},{"type":"Feature","geometry":{"type":"Polygon","coordinates":[[[132.5019,-13.86],[132.5019,-13.68],[132.346,-13.59],[132.1901,-13.68],[132.1901,-13.86],[132.346,-13.95],[132.5019,-13.86]]]},"properties":{"state":"nt","n":11229,"kind":"geochem"}},{"type":"Feature","geometry":{"type":"Polygon","coordinates":[[[136.2431,-16.56],[136.2431,-16.38],[136.0872,-16.29],[135.9313,-16.38],[135.9313,-16.56],[136.0872,-16.65],[136.2431,-16.56]]]},"properties":{"state":"nt","n":11287,"kind":"geochem"}},{"type":"Feature","geometry":{"type":"Polygon","coordinates":[[[145.5962,-43.02],[145.5962,-42.84],[145.4403,-42.75],[145.2844,-42.84],[145.2844,-43.02],[145.4403,-43.11],[145.5962,-43.02]]]},"properties":{"state":"tas","n":11478,"kind":"geochem"}},{"type":"Feature","geometry":{"type":"Polygon","coordinates":[[[149.8051,-32.49],[149.8051,-32.31],[149.6492,-32.22],[149.4933,-32.31],[149.4933,-32.49],[149.6492,-32.58],[149.8051,-32.49]]]},"properties":{"state":"nsw","n":11533,"kind":"geochem"}},{"type":"Feature","geometry":{"type":"Polygon","coordinates":[[[136.5549,-32.76],[136.5549,-32.58],[136.399,-32.49],[136.2431,-32.58],[136.2431,-32.76],[136.399,-32.85],[136.5549,-32.76]]]},"properties":{"state":"sa","n":11623,"kind":"geochem"}},{"type":"Feature","geometry":{"type":"Polygon","coordinates":[[[146.2197,-41.4],[146.2197,-41.22],[146.0638,-41.13],[145.908,-41.22],[145.908,-41.4],[146.0638,-41.49],[146.2197,-41.4]]]},"properties":{"state":"tas","n":11695,"kind":"geochem"}},{"type":"Feature","geometry":{"type":"Polygon","coordinates":[[[148.0903,-33.84],[148.0903,-33.66],[147.9345,-33.57],[147.7786,-33.66],[147.7786,-33.84],[147.9345,-33.93],[148.0903,-33.84]]]},"properties":{"state":"nsw","n":11739,"kind":"geochem"}},{"type":"Feature","geometry":{"type":"Polygon","coordinates":[[[152.2992,-29.25],[152.2992,-29.07],[152.1433,-28.98],[151.9875,-29.07],[151.9875,-29.25],[152.1433,-29.34],[152.2992,-29.25]]]},"properties":{"state":"nsw","n":12016,"kind":"geochem"}},{"type":"Feature","geometry":{"type":"Polygon","coordinates":[[[147.3109,-33.03],[147.3109,-32.85],[147.155,-32.76],[146.9992,-32.85],[146.9992,-33.03],[147.155,-33.12],[147.3109,-33.03]]]},"properties":{"state":"nsw","n":12191,"kind":"geochem"}},{"type":"Feature","geometry":{"type":"Polygon","coordinates":[[[148.2462,-41.67],[148.2462,-41.49],[148.0903,-41.4],[147.9345,-41.49],[147.9345,-41.67],[148.0903,-41.76],[148.2462,-41.67]]]},"properties":{"state":"tas","n":12222,"kind":"geochem"}},{"type":"Feature","geometry":{"type":"Polygon","coordinates":[[[148.4021,-41.4],[148.4021,-41.22],[148.2462,-41.13],[148.0903,-41.22],[148.0903,-41.4],[148.2462,-41.49],[148.4021,-41.4]]]},"properties":{"state":"tas","n":12652,"kind":"geochem"}},{"type":"Feature","geometry":{"type":"Polygon","coordinates":[[[145.7521,-31.95],[145.7521,-31.77],[145.5962,-31.68],[145.4403,-31.77],[145.4403,-31.95],[145.5962,-32.04],[145.7521,-31.95]]]},"properties":{"state":"nsw","n":12927,"kind":"geochem"}},{"type":"Feature","geometry":{"type":"Polygon","coordinates":[[[148.7139,-32.76],[148.7139,-32.58],[148.558,-32.49],[148.4021,-32.58],[148.4021,-32.76],[148.558,-32.85],[148.7139,-32.76]]]},"properties":{"state":"nsw","n":12932,"kind":"geochem"}},{"type":"Feature","geometry":{"type":"Polygon","coordinates":[[[145.908,-32.76],[145.908,-32.58],[145.7521,-32.49],[145.5962,-32.58],[145.5962,-32.76],[145.7521,-32.85],[145.908,-32.76]]]},"properties":{"state":"nsw","n":12954,"kind":"geochem"}},{"type":"Feature","geometry":{"type":"Polygon","coordinates":[[[149.0257,-32.76],[149.0257,-32.58],[148.8698,-32.49],[148.7139,-32.58],[148.7139,-32.76],[148.8698,-32.85],[149.0257,-32.76]]]},"properties":{"state":"nsw","n":13157,"kind":"geochem"}},{"type":"Feature","geometry":{"type":"Polygon","coordinates":[[[148.2462,-35.19],[148.2462,-35.01],[148.0903,-34.92],[147.9345,-35.01],[147.9345,-35.19],[148.0903,-35.28],[148.2462,-35.19]]]},"properties":{"state":"nsw","n":13206,"kind":"geochem"}},{"type":"Feature","geometry":{"type":"Polygon","coordinates":[[[149.8051,-33.03],[149.8051,-32.85],[149.6492,-32.76],[149.4933,-32.85],[149.4933,-33.03],[149.6492,-33.12],[149.8051,-33.03]]]},"properties":{"state":"nsw","n":13213,"kind":"geochem"}},{"type":"Feature","geometry":{"type":"Polygon","coordinates":[[[147.9345,-41.13],[147.9345,-40.95],[147.7786,-40.86],[147.6227,-40.95],[147.6227,-41.13],[147.7786,-41.22],[147.9345,-41.13]]]},"properties":{"state":"tas","n":13222,"kind":"geochem"}},{"type":"Feature","geometry":{"type":"Polygon","coordinates":[[[148.8698,-33.57],[148.8698,-33.39],[148.7139,-33.3],[148.558,-33.39],[148.558,-33.57],[148.7139,-33.66],[148.8698,-33.57]]]},"properties":{"state":"nsw","n":13240,"kind":"geochem"}},{"type":"Feature","geometry":{"type":"Polygon","coordinates":[[[141.3873,-32.49],[141.3873,-32.31],[141.2314,-32.22],[141.0755,-32.31],[141.0755,-32.49],[141.2314,-32.58],[141.3873,-32.49]]]},"properties":{"state":"nsw","n":13873,"kind":"geochem"}},{"type":"Feature","geometry":{"type":"Polygon","coordinates":[[[131.4107,-13.05],[131.4107,-12.87],[131.2548,-12.78],[131.0989,-12.87],[131.0989,-13.05],[131.2548,-13.14],[131.4107,-13.05]]]},"properties":{"state":"nt","n":14197,"kind":"geochem"}},{"type":"Feature","geometry":{"type":"Polygon","coordinates":[[[146.0638,-41.67],[146.0638,-41.49],[145.908,-41.4],[145.7521,-41.49],[145.7521,-41.67],[145.908,-41.76],[146.0638,-41.67]]]},"properties":{"state":"tas","n":14250,"kind":"geochem"}},{"type":"Feature","geometry":{"type":"Polygon","coordinates":[[[140.452,-31.95],[140.452,-31.77],[140.2961,-31.68],[140.1402,-31.77],[140.1402,-31.95],[140.2961,-32.04],[140.452,-31.95]]]},"properties":{"state":"sa","n":14251,"kind":"geochem"}},{"type":"Feature","geometry":{"type":"Polygon","coordinates":[[[144.9727,-41.4],[144.9727,-41.22],[144.8168,-41.13],[144.6609,-41.22],[144.6609,-41.4],[144.8168,-41.49],[144.9727,-41.4]]]},"properties":{"state":"tas","n":14516,"kind":"geochem"}},{"type":"Feature","geometry":{"type":"Polygon","coordinates":[[[146.3756,-31.41],[146.3756,-31.23],[146.2197,-31.14],[146.0638,-31.23],[146.0638,-31.41],[146.2197,-31.5],[146.3756,-31.41]]]},"properties":{"state":"nsw","n":14536,"kind":"geochem"}},{"type":"Feature","geometry":{"type":"Polygon","coordinates":[[[145.7521,-31.41],[145.7521,-31.23],[145.5962,-31.14],[145.4403,-31.23],[145.4403,-31.41],[145.5962,-31.5],[145.7521,-31.41]]]},"properties":{"state":"nsw","n":14600,"kind":"geochem"}},{"type":"Feature","geometry":{"type":"Polygon","coordinates":[[[140.6079,-31.68],[140.6079,-31.5],[140.452,-31.41],[140.2961,-31.5],[140.2961,-31.68],[140.452,-31.77],[140.6079,-31.68]]]},"properties":{"state":"sa","n":14685,"kind":"geochem"}},{"type":"Feature","geometry":{"type":"Polygon","coordinates":[[[145.908,-41.94],[145.908,-41.76],[145.7521,-41.67],[145.5962,-41.76],[145.5962,-41.94],[145.7521,-42.03],[145.908,-41.94]]]},"properties":{"state":"tas","n":15025,"kind":"geochem"}},{"type":"Feature","geometry":{"type":"Polygon","coordinates":[[[145.5962,-31.14],[145.5962,-30.96],[145.4403,-30.87],[145.2844,-30.96],[145.2844,-31.14],[145.4403,-31.23],[145.5962,-31.14]]]},"properties":{"state":"nsw","n":15149,"kind":"geochem"}},{"type":"Feature","geometry":{"type":"Polygon","coordinates":[[[149.4933,-36.27],[149.4933,-36.09],[149.3374,-36.0],[149.1815,-36.09],[149.1815,-36.27],[149.3374,-36.36],[149.4933,-36.27]]]},"properties":{"state":"nsw","n":15518,"kind":"geochem"}},{"type":"Feature","geometry":{"type":"Polygon","coordinates":[[[141.5432,-31.68],[141.5432,-31.5],[141.3873,-31.41],[141.2314,-31.5],[141.2314,-31.68],[141.3873,-31.77],[141.5432,-31.68]]]},"properties":{"state":"nsw","n":15608,"kind":"geochem"}},{"type":"Feature","geometry":{"type":"Polygon","coordinates":[[[147.4668,-32.22],[147.4668,-32.04],[147.3109,-31.95],[147.155,-32.04],[147.155,-32.22],[147.3109,-32.31],[147.4668,-32.22]]]},"properties":{"state":"nsw","n":15627,"kind":"geochem"}},{"type":"Feature","geometry":{"type":"Polygon","coordinates":[[[152.2992,-28.71],[152.2992,-28.53],[152.1433,-28.44],[151.9875,-28.53],[151.9875,-28.71],[152.1433,-28.8],[152.2992,-28.71]]]},"properties":{"state":"nsw","n":15660,"kind":"geochem"}},{"type":"Feature","geometry":{"type":"Polygon","coordinates":[[[147.4668,-32.76],[147.4668,-32.58],[147.3109,-32.49],[147.155,-32.58],[147.155,-32.76],[147.3109,-32.85],[147.4668,-32.76]]]},"properties":{"state":"nsw","n":16117,"kind":"geochem"}},{"type":"Feature","geometry":{"type":"Polygon","coordinates":[[[145.908,-32.22],[145.908,-32.04],[145.7521,-31.95],[145.5962,-32.04],[145.5962,-32.22],[145.7521,-32.31],[145.908,-32.22]]]},"properties":{"state":"nsw","n":16123,"kind":"geochem"}},{"type":"Feature","geometry":{"type":"Polygon","coordinates":[[[146.8433,-32.22],[146.8433,-32.04],[146.6874,-31.95],[146.5315,-32.04],[146.5315,-32.22],[146.6874,-32.31],[146.8433,-32.22]]]},"properties":{"state":"nsw","n":16125,"kind":"geochem"}},{"type":"Feature","geometry":{"type":"Polygon","coordinates":[[[139.2049,-35.19],[139.2049,-35.01],[139.049,-34.92],[138.8932,-35.01],[138.8932,-35.19],[139.049,-35.28],[139.2049,-35.19]]]},"properties":{"state":"sa","n":16284,"kind":"geochem"}},{"type":"Feature","geometry":{"type":"Polygon","coordinates":[[[130.7872,-14.13],[130.7872,-13.95],[130.6313,-13.86],[130.4754,-13.95],[130.4754,-14.13],[130.6313,-14.22],[130.7872,-14.13]]]},"properties":{"state":"nt","n":16287,"kind":"geochem"}},{"type":"Feature","geometry":{"type":"Polygon","coordinates":[[[152.1433,-30.06],[152.1433,-29.88],[151.9875,-29.79],[151.8316,-29.88],[151.8316,-30.06],[151.9875,-30.15],[152.1433,-30.06]]]},"properties":{"state":"nsw","n":16516,"kind":"geochem"}},{"type":"Feature","geometry":{"type":"Polygon","coordinates":[[[149.6492,-34.92],[149.6492,-34.74],[149.4933,-34.65],[149.3374,-34.74],[149.3374,-34.92],[149.4933,-35.01],[149.6492,-34.92]]]},"properties":{"state":"nsw","n":17200,"kind":"geochem"}},{"type":"Feature","geometry":{"type":"Polygon","coordinates":[[[149.6492,-32.22],[149.6492,-32.04],[149.4933,-31.95],[149.3374,-32.04],[149.3374,-32.22],[149.4933,-32.31],[149.6492,-32.22]]]},"properties":{"state":"nsw","n":17248,"kind":"geochem"}},{"type":"Feature","geometry":{"type":"Polygon","coordinates":[[[148.2462,-33.03],[148.2462,-32.85],[148.0903,-32.76],[147.9345,-32.85],[147.9345,-33.03],[148.0903,-33.12],[148.2462,-33.03]]]},"properties":{"state":"nsw","n":17303,"kind":"geochem"}},{"type":"Feature","geometry":{"type":"Polygon","coordinates":[[[140.6079,-32.22],[140.6079,-32.04],[140.452,-31.95],[140.2961,-32.04],[140.2961,-32.22],[140.452,-32.31],[140.6079,-32.22]]]},"properties":{"state":"sa","n":17364,"kind":"geochem"}},{"type":"Feature","geometry":{"type":"Polygon","coordinates":[[[152.7669,-29.52],[152.7669,-29.34],[152.611,-29.25],[152.4551,-29.34],[152.4551,-29.52],[152.611,-29.61],[152.7669,-29.52]]]},"properties":{"state":"nsw","n":17406,"kind":"geochem"}},{"type":"Feature","geometry":{"type":"Polygon","coordinates":[[[130.943,-12.78],[130.943,-12.6],[130.7872,-12.51],[130.6313,-12.6],[130.6313,-12.78],[130.7872,-12.87],[130.943,-12.78]]]},"properties":{"state":"nt","n":17420,"kind":"geochem"}},{"type":"Feature","geometry":{"type":"Polygon","coordinates":[[[132.1901,-13.86],[132.1901,-13.68],[132.0342,-13.59],[131.8783,-13.68],[131.8783,-13.86],[132.0342,-13.95],[132.1901,-13.86]]]},"properties":{"state":"nt","n":17489,"kind":"geochem"}},{"type":"Feature","geometry":{"type":"Polygon","coordinates":[[[131.8783,-13.32],[131.8783,-13.14],[131.7225,-13.05],[131.5666,-13.14],[131.5666,-13.32],[131.7225,-13.41],[131.8783,-13.32]]]},"properties":{"state":"nt","n":17501,"kind":"geochem"}},{"type":"Feature","geometry":{"type":"Polygon","coordinates":[[[141.855,-32.22],[141.855,-32.04],[141.6991,-31.95],[141.5432,-32.04],[141.5432,-32.22],[141.6991,-32.31],[141.855,-32.22]]]},"properties":{"state":"nsw","n":17589,"kind":"geochem"}},{"type":"Feature","geometry":{"type":"Polygon","coordinates":[[[146.2197,-32.22],[146.2197,-32.04],[146.0638,-31.95],[145.908,-32.04],[145.908,-32.22],[146.0638,-32.31],[146.2197,-32.22]]]},"properties":{"state":"nsw","n":17866,"kind":"geochem"}},{"type":"Feature","geometry":{"type":"Polygon","coordinates":[[[147.4668,-34.38],[147.4668,-34.2],[147.3109,-34.11],[147.155,-34.2],[147.155,-34.38],[147.3109,-34.47],[147.4668,-34.38]]]},"properties":{"state":"nsw","n":18031,"kind":"geochem"}},{"type":"Feature","geometry":{"type":"Polygon","coordinates":[[[147.4668,-41.4],[147.4668,-41.22],[147.3109,-41.13],[147.155,-41.22],[147.155,-41.4],[147.3109,-41.49],[147.4668,-41.4]]]},"properties":{"state":"tas","n":18092,"kind":"geochem"}},{"type":"Feature","geometry":{"type":"Polygon","coordinates":[[[146.8433,-36.0],[146.8433,-35.82],[146.6874,-35.73],[146.5315,-35.82],[146.5315,-36.0],[146.6874,-36.09],[146.8433,-36.0]]]},"properties":{"state":"nsw","n":18540,"kind":"geochem"}},{"type":"Feature","geometry":{"type":"Polygon","coordinates":[[[135.3078,-29.52],[135.3078,-29.34],[135.1519,-29.25],[134.996,-29.34],[134.996,-29.52],[135.1519,-29.61],[135.3078,-29.52]]]},"properties":{"state":"sa","n":18553,"kind":"geochem"}},{"type":"Feature","geometry":{"type":"Polygon","coordinates":[[[149.1815,-32.49],[149.1815,-32.31],[149.0257,-32.22],[148.8698,-32.31],[148.8698,-32.49],[149.0257,-32.58],[149.1815,-32.49]]]},"properties":{"state":"nsw","n":18574,"kind":"geochem"}},{"type":"Feature","geometry":{"type":"Polygon","coordinates":[[[131.0989,-13.05],[131.0989,-12.87],[130.943,-12.78],[130.7872,-12.87],[130.7872,-13.05],[130.943,-13.14],[131.0989,-13.05]]]},"properties":{"state":"nt","n":18685,"kind":"geochem"}},{"type":"Feature","geometry":{"type":"Polygon","coordinates":[[[147.9345,-41.67],[147.9345,-41.49],[147.7786,-41.4],[147.6227,-41.49],[147.6227,-41.67],[147.7786,-41.76],[147.9345,-41.67]]]},"properties":{"state":"tas","n":19040,"kind":"geochem"}},{"type":"Feature","geometry":{"type":"Polygon","coordinates":[[[146.6874,-31.95],[146.6874,-31.77],[146.5315,-31.68],[146.3756,-31.77],[146.3756,-31.95],[146.5315,-32.04],[146.6874,-31.95]]]},"properties":{"state":"nsw","n":19053,"kind":"geochem"}},{"type":"Feature","geometry":{"type":"Polygon","coordinates":[[[146.8433,-41.4],[146.8433,-41.22],[146.6874,-41.13],[146.5315,-41.22],[146.5315,-41.4],[146.6874,-41.49],[146.8433,-41.4]]]},"properties":{"state":"tas","n":19230,"kind":"geochem"}},{"type":"Feature","geometry":{"type":"Polygon","coordinates":[[[145.908,-41.4],[145.908,-41.22],[145.7521,-41.13],[145.5962,-41.22],[145.5962,-41.4],[145.7521,-41.49],[145.908,-41.4]]]},"properties":{"state":"tas","n":19699,"kind":"geochem"}},{"type":"Feature","geometry":{"type":"Polygon","coordinates":[[[134.3725,-19.8],[134.3725,-19.62],[134.2166,-19.53],[134.0607,-19.62],[134.0607,-19.8],[134.2166,-19.89],[134.3725,-19.8]]]},"properties":{"state":"nt","n":19910,"kind":"geochem"}},{"type":"Feature","geometry":{"type":"Polygon","coordinates":[[[148.0903,-41.4],[148.0903,-41.22],[147.9345,-41.13],[147.7786,-41.22],[147.7786,-41.4],[147.9345,-41.49],[148.0903,-41.4]]]},"properties":{"state":"tas","n":20069,"kind":"geochem"}},{"type":"Feature","geometry":{"type":"Polygon","coordinates":[[[149.0257,-33.84],[149.0257,-33.66],[148.8698,-33.57],[148.7139,-33.66],[148.7139,-33.84],[148.8698,-33.93],[149.0257,-33.84]]]},"properties":{"state":"nsw","n":20168,"kind":"geochem"}},{"type":"Feature","geometry":{"type":"Polygon","coordinates":[[[144.1932,-40.05],[144.1932,-39.87],[144.0373,-39.78],[143.8815,-39.87],[143.8815,-40.05],[144.0373,-40.14],[144.1932,-40.05]]]},"properties":{"state":"tas","n":21679,"kind":"geochem"}},{"type":"Feature","geometry":{"type":"Polygon","coordinates":[[[145.5962,-41.4],[145.5962,-41.22],[145.4403,-41.13],[145.2844,-41.22],[145.2844,-41.4],[145.4403,-41.49],[145.5962,-41.4]]]},"properties":{"state":"tas","n":22038,"kind":"geochem"}},{"type":"Feature","geometry":{"type":"Polygon","coordinates":[[[149.8051,-34.11],[149.8051,-33.93],[149.6492,-33.84],[149.4933,-33.93],[149.4933,-34.11],[149.6492,-34.2],[149.8051,-34.11]]]},"properties":{"state":"nsw","n":22803,"kind":"geochem"}},{"type":"Feature","geometry":{"type":"Polygon","coordinates":[[[149.961,-33.3],[149.961,-33.12],[149.8051,-33.03],[149.6492,-33.12],[149.6492,-33.3],[149.8051,-33.39],[149.961,-33.3]]]},"properties":{"state":"nsw","n":23350,"kind":"geochem"}},{"type":"Feature","geometry":{"type":"Polygon","coordinates":[[[149.3374,-33.3],[149.3374,-33.12],[149.1815,-33.03],[149.0257,-33.12],[149.0257,-33.3],[149.1815,-33.39],[149.3374,-33.3]]]},"properties":{"state":"nsw","n":23571,"kind":"geochem"}},{"type":"Feature","geometry":{"type":"Polygon","coordinates":[[[149.4933,-33.57],[149.4933,-33.39],[149.3374,-33.3],[149.1815,-33.39],[149.1815,-33.57],[149.3374,-33.66],[149.4933,-33.57]]]},"properties":{"state":"nsw","n":23614,"kind":"geochem"}},{"type":"Feature","geometry":{"type":"Polygon","coordinates":[[[147.6227,-33.03],[147.6227,-32.85],[147.4668,-32.76],[147.3109,-32.85],[147.3109,-33.03],[147.4668,-33.12],[147.6227,-33.03]]]},"properties":{"state":"nsw","n":23708,"kind":"geochem"}},{"type":"Feature","geometry":{"type":"Polygon","coordinates":[[[141.2314,-32.22],[141.2314,-32.04],[141.0755,-31.95],[140.9197,-32.04],[140.9197,-32.22],[141.0755,-32.31],[141.2314,-32.22]]]},"properties":{"state":"nsw","n":23973,"kind":"geochem"}},{"type":"Feature","geometry":{"type":"Polygon","coordinates":[[[147.155,-32.76],[147.155,-32.58],[146.9992,-32.49],[146.8433,-32.58],[146.8433,-32.76],[146.9992,-32.85],[147.155,-32.76]]]},"properties":{"state":"nsw","n":24477,"kind":"geochem"}},{"type":"Feature","geometry":{"type":"Polygon","coordinates":[[[148.4021,-32.76],[148.4021,-32.58],[148.2462,-32.49],[148.0903,-32.58],[148.0903,-32.76],[148.2462,-32.85],[148.4021,-32.76]]]},"properties":{"state":"nsw","n":24488,"kind":"geochem"}},{"type":"Feature","geometry":{"type":"Polygon","coordinates":[[[131.2548,-13.32],[131.2548,-13.14],[131.0989,-13.05],[130.943,-13.14],[130.943,-13.32],[131.0989,-13.41],[131.2548,-13.32]]]},"properties":{"state":"nt","n":24719,"kind":"geochem"}},{"type":"Feature","geometry":{"type":"Polygon","coordinates":[[[149.4933,-34.11],[149.4933,-33.93],[149.3374,-33.84],[149.1815,-33.93],[149.1815,-34.11],[149.3374,-34.2],[149.4933,-34.11]]]},"properties":{"state":"nsw","n":24912,"kind":"geochem"}},{"type":"Feature","geometry":{"type":"Polygon","coordinates":[[[146.0638,-31.95],[146.0638,-31.77],[145.908,-31.68],[145.7521,-31.77],[145.7521,-31.95],[145.908,-32.04],[146.0638,-31.95]]]},"properties":{"state":"nsw","n":24919,"kind":"geochem"}},{"type":"Feature","geometry":{"type":"Polygon","coordinates":[[[131.8783,-13.86],[131.8783,-13.68],[131.7225,-13.59],[131.5666,-13.68],[131.5666,-13.86],[131.7225,-13.95],[131.8783,-13.86]]]},"properties":{"state":"nt","n":25042,"kind":"geochem"}},{"type":"Feature","geometry":{"type":"Polygon","coordinates":[[[134.2166,-19.53],[134.2166,-19.35],[134.0607,-19.26],[133.9048,-19.35],[133.9048,-19.53],[134.0607,-19.62],[134.2166,-19.53]]]},"properties":{"state":"nt","n":26865,"kind":"geochem"}},{"type":"Feature","geometry":{"type":"Polygon","coordinates":[[[132.0342,-13.59],[132.0342,-13.41],[131.8783,-13.32],[131.7225,-13.41],[131.7225,-13.59],[131.8783,-13.68],[132.0342,-13.59]]]},"properties":{"state":"nt","n":27706,"kind":"geochem"}},{"type":"Feature","geometry":{"type":"Polygon","coordinates":[[[152.611,-29.25],[152.611,-29.07],[152.4551,-28.98],[152.2992,-29.07],[152.2992,-29.25],[152.4551,-29.34],[152.611,-29.25]]]},"properties":{"state":"nsw","n":27713,"kind":"geochem"}},{"type":"Feature","geometry":{"type":"Polygon","coordinates":[[[129.3842,-20.34],[129.3842,-20.16],[129.2283,-20.07],[129.0724,-20.16],[129.0724,-20.34],[129.2283,-20.43],[129.3842,-20.34]]]},"properties":{"state":"nt","n":27986,"kind":"geochem"}},{"type":"Feature","geometry":{"type":"Polygon","coordinates":[[[146.3756,-41.67],[146.3756,-41.49],[146.2197,-41.4],[146.0638,-41.49],[146.0638,-41.67],[146.2197,-41.76],[146.3756,-41.67]]]},"properties":{"state":"tas","n":28255,"kind":"geochem"}},{"type":"Feature","geometry":{"type":"Polygon","coordinates":[[[149.3374,-33.84],[149.3374,-33.66],[149.1815,-33.57],[149.0257,-33.66],[149.0257,-33.84],[149.1815,-33.93],[149.3374,-33.84]]]},"properties":{"state":"nsw","n":28892,"kind":"geochem"}},{"type":"Feature","geometry":{"type":"Polygon","coordinates":[[[149.1815,-33.03],[149.1815,-32.85],[149.0257,-32.76],[148.8698,-32.85],[148.8698,-33.03],[149.0257,-33.12],[149.1815,-33.03]]]},"properties":{"state":"nsw","n":29180,"kind":"geochem"}},{"type":"Feature","geometry":{"type":"Polygon","coordinates":[[[146.9992,-41.13],[146.9992,-40.95],[146.8433,-40.86],[146.6874,-40.95],[146.6874,-41.13],[146.8433,-41.22],[146.9992,-41.13]]]},"properties":{"state":"tas","n":29292,"kind":"geochem"}},{"type":"Feature","geometry":{"type":"Polygon","coordinates":[[[146.5315,-31.68],[146.5315,-31.5],[146.3756,-31.41],[146.2197,-31.5],[146.2197,-31.68],[146.3756,-31.77],[146.5315,-31.68]]]},"properties":{"state":"nsw","n":29513,"kind":"geochem"}},{"type":"Feature","geometry":{"type":"Polygon","coordinates":[[[141.6991,-31.95],[141.6991,-31.77],[141.5432,-31.68],[141.3873,-31.77],[141.3873,-31.95],[141.5432,-32.04],[141.6991,-31.95]]]},"properties":{"state":"nsw","n":30043,"kind":"geochem"}},{"type":"Feature","geometry":{"type":"Polygon","coordinates":[[[146.3756,-31.95],[146.3756,-31.77],[146.2197,-31.68],[146.0638,-31.77],[146.0638,-31.95],[146.2197,-32.04],[146.3756,-31.95]]]},"properties":{"state":"nsw","n":30185,"kind":"geochem"}},{"type":"Feature","geometry":{"type":"Polygon","coordinates":[[[145.908,-31.14],[145.908,-30.96],[145.7521,-30.87],[145.5962,-30.96],[145.5962,-31.14],[145.7521,-31.23],[145.908,-31.14]]]},"properties":{"state":"nsw","n":30312,"kind":"geochem"}},{"type":"Feature","geometry":{"type":"Polygon","coordinates":[[[131.7225,-13.05],[131.7225,-12.87],[131.5666,-12.78],[131.4107,-12.87],[131.4107,-13.05],[131.5666,-13.14],[131.7225,-13.05]]]},"properties":{"state":"nt","n":31392,"kind":"geochem"}},{"type":"Feature","geometry":{"type":"Polygon","coordinates":[[[149.0257,-33.3],[149.0257,-33.12],[148.8698,-33.03],[148.7139,-33.12],[148.7139,-33.3],[148.8698,-33.39],[149.0257,-33.3]]]},"properties":{"state":"nsw","n":31605,"kind":"geochem"}},{"type":"Feature","geometry":{"type":"Polygon","coordinates":[[[149.961,-33.84],[149.961,-33.66],[149.8051,-33.57],[149.6492,-33.66],[149.6492,-33.84],[149.8051,-33.93],[149.961,-33.84]]]},"properties":{"state":"nsw","n":31621,"kind":"geochem"}},{"type":"Feature","geometry":{"type":"Polygon","coordinates":[[[148.4021,-33.3],[148.4021,-33.12],[148.2462,-33.03],[148.0903,-33.12],[148.0903,-33.3],[148.2462,-33.39],[148.4021,-33.3]]]},"properties":{"state":"nsw","n":33148,"kind":"geochem"}},{"type":"Feature","geometry":{"type":"Polygon","coordinates":[[[146.5315,-32.22],[146.5315,-32.04],[146.3756,-31.95],[146.2197,-32.04],[146.2197,-32.22],[146.3756,-32.31],[146.5315,-32.22]]]},"properties":{"state":"nsw","n":35872,"kind":"geochem"}},{"type":"Feature","geometry":{"type":"Polygon","coordinates":[[[146.9992,-32.49],[146.9992,-32.31],[146.8433,-32.22],[146.6874,-32.31],[146.6874,-32.49],[146.8433,-32.58],[146.9992,-32.49]]]},"properties":{"state":"nsw","n":36397,"kind":"geochem"}},{"type":"Feature","geometry":{"type":"Polygon","coordinates":[[[145.2844,-41.94],[145.2844,-41.76],[145.1285,-41.67],[144.9727,-41.76],[144.9727,-41.94],[145.1285,-42.03],[145.2844,-41.94]]]},"properties":{"state":"tas","n":37196,"kind":"geochem"}},{"type":"Feature","geometry":{"type":"Polygon","coordinates":[[[149.961,-32.76],[149.961,-32.58],[149.8051,-32.49],[149.6492,-32.58],[149.6492,-32.76],[149.8051,-32.85],[149.961,-32.76]]]},"properties":{"state":"nsw","n":37991,"kind":"geochem"}},{"type":"Feature","geometry":{"type":"Polygon","coordinates":[[[149.6492,-33.84],[149.6492,-33.66],[149.4933,-33.57],[149.3374,-33.66],[149.3374,-33.84],[149.4933,-33.93],[149.6492,-33.84]]]},"properties":{"state":"nsw","n":39264,"kind":"geochem"}},{"type":"Feature","geometry":{"type":"Polygon","coordinates":[[[145.7521,-42.21],[145.7521,-42.03],[145.5962,-41.94],[145.4403,-42.03],[145.4403,-42.21],[145.5962,-42.3],[145.7521,-42.21]]]},"properties":{"state":"tas","n":40814,"kind":"geochem"}},{"type":"Feature","geometry":{"type":"Polygon","coordinates":[[[146.9992,-31.41],[146.9992,-31.23],[146.8433,-31.14],[146.6874,-31.23],[146.6874,-31.41],[146.8433,-31.5],[146.9992,-31.41]]]},"properties":{"state":"nsw","n":42591,"kind":"geochem"}},{"type":"Feature","geometry":{"type":"Polygon","coordinates":[[[146.2197,-31.68],[146.2197,-31.5],[146.0638,-31.41],[145.908,-31.5],[145.908,-31.68],[146.0638,-31.77],[146.2197,-31.68]]]},"properties":{"state":"nsw","n":44038,"kind":"geochem"}},{"type":"Feature","geometry":{"type":"Polygon","coordinates":[[[146.0638,-31.41],[146.0638,-31.23],[145.908,-31.14],[145.7521,-31.23],[145.7521,-31.41],[145.908,-31.5],[146.0638,-31.41]]]},"properties":{"state":"nsw","n":49969,"kind":"geochem"}},{"type":"Feature","geometry":{"type":"Polygon","coordinates":[[[145.908,-31.68],[145.908,-31.5],[145.7521,-31.41],[145.5962,-31.5],[145.5962,-31.68],[145.7521,-31.77],[145.908,-31.68]]]},"properties":{"state":"nsw","n":50822,"kind":"geochem"}},{"type":"Feature","geometry":{"type":"Polygon","coordinates":[[[145.7521,-41.67],[145.7521,-41.49],[145.5962,-41.4],[145.4403,-41.49],[145.4403,-41.67],[145.5962,-41.76],[145.7521,-41.67]]]},"properties":{"state":"tas","n":51937,"kind":"geochem"}},{"type":"Feature","geometry":{"type":"Polygon","coordinates":[[[131.4107,-13.59],[131.4107,-13.41],[131.2548,-13.32],[131.0989,-13.41],[131.0989,-13.59],[131.2548,-13.68],[131.4107,-13.59]]]},"properties":{"state":"nt","n":53967,"kind":"geochem"}},{"type":"Feature","geometry":{"type":"Polygon","coordinates":[[[141.5432,-32.22],[141.5432,-32.04],[141.3873,-31.95],[141.2314,-32.04],[141.2314,-32.22],[141.3873,-32.31],[141.5432,-32.22]]]},"properties":{"state":"nsw","n":54550,"kind":"geochem"}},{"type":"Feature","geometry":{"type":"Polygon","coordinates":[[[152.4551,-28.98],[152.4551,-28.8],[152.2992,-28.71],[152.1433,-28.8],[152.1433,-28.98],[152.2992,-29.07],[152.4551,-28.98]]]},"properties":{"state":"nsw","n":54798,"kind":"geochem"}},{"type":"Feature","geometry":{"type":"Polygon","coordinates":[[[132.346,-14.13],[132.346,-13.95],[132.1901,-13.86],[132.0342,-13.95],[132.0342,-14.13],[132.1901,-14.22],[132.346,-14.13]]]},"properties":{"state":"nt","n":55141,"kind":"geochem"}},{"type":"Feature","geometry":{"type":"Polygon","coordinates":[[[131.5666,-13.32],[131.5666,-13.14],[131.4107,-13.05],[131.2548,-13.14],[131.2548,-13.32],[131.4107,-13.41],[131.5666,-13.32]]]},"properties":{"state":"nt","n":62742,"kind":"geochem"}},{"type":"Feature","geometry":{"type":"Polygon","coordinates":[[[131.7225,-13.59],[131.7225,-13.41],[131.5666,-13.32],[131.4107,-13.41],[131.4107,-13.59],[131.5666,-13.68],[131.7225,-13.59]]]},"properties":{"state":"nt","n":63868,"kind":"geochem"}},{"type":"Feature","geometry":{"type":"Polygon","coordinates":[[[149.1815,-33.57],[149.1815,-33.39],[149.0257,-33.3],[148.8698,-33.39],[148.8698,-33.57],[149.0257,-33.66],[149.1815,-33.57]]]},"properties":{"state":"nsw","n":65028,"kind":"geochem"}},{"type":"Feature","geometry":{"type":"Polygon","coordinates":[[[145.4403,-41.67],[145.4403,-41.49],[145.2844,-41.4],[145.1285,-41.49],[145.1285,-41.67],[145.2844,-41.76],[145.4403,-41.67]]]},"properties":{"state":"tas","n":79725,"kind":"geochem"}},{"type":"Feature","geometry":{"type":"Polygon","coordinates":[[[145.5962,-41.94],[145.5962,-41.76],[145.4403,-41.67],[145.2844,-41.76],[145.2844,-41.94],[145.4403,-42.03],[145.5962,-41.94]]]},"properties":{"state":"tas","n":121574,"kind":"geochem"}}]}